{"type": "FeatureCollection", "features": [{"type": "Feature", "geometry": {"type": "Point", "coordinates": [2.3432, 48.8744]}, "properties": {"id": 1, "zeile": 1, "tags": ["time", "atmosphere"], "perspektive": "erzaehler", "text": "Es war am nächsten Morgen ein trauriges Erwachen für Georges Duroy.", "notiz": "Der Erzähler eröffnet den Abschnitt mit einer neutralen Zeitangabe und charakterisiert die Stimmung Duroys von aussen.", "ort": "unbestimmt", "valenz": -1, "intensitaet": 2, "gewichtete_valenz": -2, "f_wert": null, "f_emotion": null, "raum_emotion": null, "route": null}}, {"type": "Feature", "geometry": {"type": "Point", "coordinates": [2.3432, 48.8744]}, "properties": {"id": 2, "zeile": 2, "tags": ["george_duroy", "mood"], "perspektive": "figur", "text": "Er zog sich langsam an, setzte sich ans Fenster und begann über das Vorgefallene nachzudenken.", "notiz": "Duroy agiert träge und nachdenklich — inneres Erleben durch körperliche Langsamkeit ausgedrückt.", "ort": "Duroys Wohnung (unbestimmt)", "valenz": -1, "intensitaet": 1, "gewichtete_valenz": -1, "f_wert": null, "f_emotion": null, "raum_emotion": null, "route": null}}, {"type": "Feature", "geometry": {"type": "Point", "coordinates": [2.3432, 48.8744]}, "properties": {"id": 3, "zeile": 3, "tags": ["george_duroy", "koerper_als_akteur", "mood"], "perspektive": "figur", "text": "Er fühlte sich am ganzen Körper wie zerschlagen, als ob er gestern eine Menge Stockhiebe erhalten hä", "notiz": "Duroy erlebt körperlichen Schmerz als Nachwirkung des Vortags — der Körper als Träger emotionaler Erschöpfung.", "ort": "Duroys Wohnung (unbestimmt)", "valenz": -1, "intensitaet": 2, "gewichtete_valenz": -2, "f_wert": "koerper_als_sensor", "f_emotion": "körperliche Erschöpfung, Niedergeschlagenheit", "raum_emotion": {"ort": "Duroys Wohnung", "emotion": "körperliche Erschöpfung, Niedergeschlagenheit", "richtung": "koerper_als_sensor"}, "route": null}}, {"type": "Feature", "geometry": {"type": "Point", "coordinates": [2.3432, 48.8744]}, "properties": {"id": 4, "zeile": 4, "tags": ["george_duroy", "move", "social"], "perspektive": "figur", "text": "Endlich trieb ihn die Notwendigkeit, irgendwo Geld aufzutreiben, fort und er begab sich zu Forestier", "notiz": "Finanzielle Not treibt Duroy zur Bewegung — soziale Bedürftigkeit als Handlungsmotivation.", "ort": "Weg zu Forestier (unbestimmt)", "valenz": null, "intensitaet": null, "gewichtete_valenz": null, "f_wert": "ort_loest_emotion_aus", "f_emotion": "Druck durch Geldnot", "raum_emotion": {"ort": "Duroys Wohnung / Weg zu Forestier", "emotion": "Druck durch Geldnot", "richtung": "ort_loest_emotion_aus"}, "route": null}}, {"type": "Feature", "geometry": {"type": "Point", "coordinates": [2.3432, 48.8744]}, "properties": {"id": 5, "zeile": 5, "tags": ["location", "social", "atmosphere"], "perspektive": "erzaehler", "text": "Sein Freund empfing ihn in seinem Arbeitszimmer, die Füße am Kaminfeuer", "notiz": "Der Erzähler beschreibt Forestiers Arbeitszimmer als bürgerlich-behaglichen Raum, Kontrast zu Duroys Lage.", "ort": "Forestiers Wohnung, Arbeitszimmer (unbestimmt)", "valenz": null, "intensitaet": 2, "gewichtete_valenz": null, "f_wert": null, "f_emotion": null, "raum_emotion": null, "route": null}}, {"type": "Feature", "geometry": {"type": "Point", "coordinates": [2.3432, 48.8744]}, "properties": {"id": 6, "zeile": 6, "tags": ["george_duroy", "social", "mood"], "perspektive": "figur", "text": "Er brauchte nur zweihundertundvierzig.", "notiz": "Duroys inneres Wissen um die tatsächliche Summe — er lügt gegenüber Forestier und weiss es selbst.", "ort": "Forestiers Arbeitszimmer (unbestimmt)", "valenz": -1, "intensitaet": 1, "gewichtete_valenz": -1, "f_wert": null, "f_emotion": null, "raum_emotion": null, "route": null}}, {"type": "Feature", "geometry": {"type": "Point", "coordinates": [2.3432, 48.8744]}, "properties": {"id": 7, "zeile": 7, "tags": ["george_duroy", "mood"], "perspektive": "figur", "text": "Duroy wußte nicht gleich, was er antworten sollte", "notiz": "Duroys innere Verlegenheit beim Erfinden einer Ausrede wird direkt als innerer Zustand wiedergegeben.", "ort": "Forestiers Arbeitszimmer (unbestimmt)", "valenz": -1, "intensitaet": 1, "gewichtete_valenz": -1, "f_wert": null, "f_emotion": null, "raum_emotion": null, "route": null}}, {"type": "Feature", "geometry": {"type": "Point", "coordinates": [2.3432, 48.8744]}, "properties": {"id": 8, "zeile": 8, "tags": ["social"], "perspektive": "erzaehler", "text": "Duroy nahm die zwanzig Francs.", "notiz": "Der Erzähler beschreibt Duroys Annahme des kleinen Betrags nüchtern von aussen — soziale Bedürftigkeit durch den Betrag sichtbar.", "ort": "Forestiers Arbeitszimmer (unbestimmt)", "valenz": null, "intensitaet": 1, "gewichtete_valenz": null, "f_wert": null, "f_emotion": null, "raum_emotion": null, "route": null}}, {"type": "Feature", "geometry": {"type": "Point", "coordinates": [2.3432, 48.8744]}, "properties": {"id": 9, "zeile": 9, "tags": ["move", "time", "social"], "perspektive": "erzaehler", "text": "Dann ging er von Tür zu Tür zu allen seinen Bekannten, und um fünf Uhr hatte er glücklich achtzig Fr", "notiz": "Der Erzähler beschreibt Duroys Bittgang durch die Stadt mit neutraler Zeitangabe und nüchternem Ergebnis.", "ort": "Paris, unbestimmte Adressen von Bekannten", "valenz": null, "intensitaet": 1, "gewichtete_valenz": null, "f_wert": null, "f_emotion": null, "raum_emotion": null, "route": null}}, {"type": "Feature", "geometry": {"type": "Point", "coordinates": [2.3432, 48.8744]}, "properties": {"id": 10, "zeile": 10, "tags": ["george_duroy", "mood", "social"], "perspektive": "figur", "text": "da entschloß er sich kurz, das Geld für sich zu behalten und murmelte: »Um dieses Frauenzimmer werde", "notiz": "Duroy fasst einen selbstschützenden Entschluss — Trotz und Rationalierung als innerer Gefühlszustand.", "ort": "Paris, unbestimmt", "valenz": 0, "intensitaet": 2, "gewichtete_valenz": 0, "f_wert": null, "f_emotion": null, "raum_emotion": null, "route": null}}, {"type": "Feature", "geometry": {"type": "Point", "coordinates": [2.3432, 48.8744]}, "properties": {"id": 11, "zeile": 11, "tags": ["time", "social"], "perspektive": "erzaehler", "text": "Vierzehn Tage lang lebte er sparsam, regelmäßig und zurückgezogen.", "notiz": "Der Erzähler fasst einen Zeitraum von vierzehn Tagen als neutralen Bericht über Duroys Lebensweise zusammen.", "ort": "Paris, unbestimmt", "valenz": null, "intensitaet": 1, "gewichtete_valenz": null, "f_wert": null, "f_emotion": null, "raum_emotion": null, "route": null}}, {"type": "Feature", "geometry": {"type": "Point", "coordinates": [2.3432, 48.8744]}, "properties": {"id": 12, "zeile": 12, "tags": ["george_duroy", "mood"], "perspektive": "figur", "text": "Er hatte den Kopf voll energischer Entschlüsse, dann aber ergriff ihn ein großes Verlangen nach Lieb", "notiz": "Duroys innerer Zustand oszilliert zwischen Kontrolle und aufbrechendem Begehren — emotionale Innenperspektive.", "ort": "Paris, unbestimmt", "valenz": -1, "intensitaet": 2, "gewichtete_valenz": -2, "f_wert": null, "f_emotion": null, "raum_emotion": null, "route": null}}, {"type": "Feature", "geometry": {"type": "Point", "coordinates": [2.3432, 48.8744]}, "properties": {"id": 13, "zeile": 13, "tags": ["george_duroy", "mood", "koerper_als_akteur"], "perspektive": "figur", "text": "Es war ihm, als wären Jahre vergangen, seit er eine Frau besessen hatte, und wie ein Matrose, der to", "notiz": "Duroy erlebt Liebesentzug als zeitliches Leiden und körperliches Begehren — Vergleich mit Matrosen verstärkt die triebhafte Qualität.", "ort": "Paris, Strassen (unbestimmt)", "valenz": -1, "intensitaet": 2, "gewichtete_valenz": -2, "f_wert": "koerper_als_sensor", "f_emotion": "sexuelles Verlangen, Erregung", "raum_emotion": {"ort": "Pariser Strassen", "emotion": "sexuelles Verlangen, Erregung", "richtung": "koerper_als_sensor"}, "route": null}}, {"type": "Feature", "geometry": {"type": "Point", "coordinates": [2.3432, 48.8744]}, "properties": {"id": 14, "zeile": 14, "tags": ["george_duroy", "move", "location", "mood"], "perspektive": "figur", "text": "Da ging er eines Abends nach Folies-Bergère, in der Hoffnung, Rahel dort zu treffen.", "notiz": "Duroy bewegt sich mit konkreter emotionaler Erwartung zu den Folies-Bergère — Hoffnung als Handlungsantrieb.", "ort": "Folies-Bergère, Paris", "valenz": null, "intensitaet": null, "gewichtete_valenz": null, "f_wert": "ort_loest_emotion_aus", "f_emotion": "Hoffnung, Verlangen", "raum_emotion": {"ort": "Folies-Bergère", "emotion": "Hoffnung, Verlangen", "richtung": "ort_loest_emotion_aus"}, "route": [[2.3432425, 48.8740875], [2.3432425, 48.8740766], [2.3424466, 48.8740819], [2.3424046, 48.8741248], [2.3423329, 48.8741791], [2.3423065, 48.8741752], [2.3414346, 48.8747917], [2.3413707, 48.8748638], [2.3413405, 48.8748612], [2.341137, 48.8750569], [2.3411912, 48.8750854], [2.3410685, 48.875208], [2.3410052, 48.8752017], [2.3405184, 48.875763], [2.3403018, 48.8757908], [2.339935, 48.8757595], [2.3397496, 48.8757822], [2.3396594, 48.8758325], [2.3391404, 48.8758634], [2.3387974, 48.8758777], [2.3386234, 48.8758777], [2.3383793, 48.8759139], [2.3372212, 48.875982], [2.3372001, 48.8759753], [2.3370833, 48.8759835], [2.3370199, 48.8759995], [2.3354473, 48.8761011], [2.3354166, 48.8760957], [2.3352627, 48.8761058], [2.3352466, 48.8761123], [2.3325435, 48.8762837], [2.3323537, 48.8762649], [2.3320357, 48.8762171], [2.3319604, 48.8763775], [2.3317025, 48.8763403], [2.3316897, 48.8763906], [2.3314328, 48.8763738], [2.3311239, 48.8764103], [2.3309619, 48.8764087], [2.3307026, 48.8765711], [2.3271943, 48.8776526], [2.3270905, 48.8776716], [2.3270697, 48.8777043], [2.3268723, 48.877702], [2.3268005, 48.8777791], [2.3267773, 48.8778081], [2.3267413, 48.8778571], [2.3262622, 48.8780111], [2.3259131, 48.8781253], [2.3236802, 48.8788692], [2.3232714, 48.878751], [2.323119, 48.8788001], [2.3230277, 48.8788642], [2.3229958, 48.8789214], [2.3229708, 48.878978], [2.3229867, 48.8790699], [2.3220657, 48.8793528], [2.3220497, 48.8793285], [2.3218189, 48.8793471], [2.3216905, 48.8794257], [2.3215589, 48.8795236], [2.3215471, 48.8795457], [2.3209218, 48.8797456], [2.3206605, 48.8798292], [2.3204039, 48.8799093], [2.3203988, 48.8799209], [2.3198743, 48.8800921], [2.3193265, 48.8802708], [2.3190281, 48.8803682], [2.3183186, 48.880592], [2.3182805, 48.8805879], [2.3181345, 48.8806486], [2.3169416, 48.8810082], [2.3169087, 48.8810375], [2.3166959, 48.8810386], [2.3166229, 48.881095], [2.3162491, 48.8811439], [2.3154235, 48.8810463], [2.3152682, 48.8810296], [2.3152325, 48.8810354], [2.3140638, 48.8808777], [2.3129563, 48.8807358], [2.3129515, 48.8807211], [2.3125035, 48.8806894], [2.3124182, 48.8807047], [2.3095696, 48.8803422], [2.3094093, 48.8803637], [2.3092347, 48.8803444], [2.3091194, 48.880094], [2.3082563, 48.879844]]}}, {"type": "Feature", "geometry": {"type": "Point", "coordinates": [2.34515, 48.86875]}, "properties": {"id": 15, "zeile": 1, "tags": ["george_duroy", "location"], "perspektive": "figur", "text": "In der Tat sah er sie gleich beim Eintritt, denn sie verließ dieses Lokal nie.", "notiz": "Duroy nimmt beim Eintreten die Frau wahr; das Lokal ist ein unspezifischer, aber räumlich fassbarer Ort.", "ort": "Lokal (Nähe Redaktion/Boulevards, Paris)", "valenz": null, "intensitaet": 1, "gewichtete_valenz": null, "f_wert": null, "f_emotion": null, "raum_emotion": null, "route": null}}, {"type": "Feature", "geometry": {"type": "Point", "coordinates": [2.34515, 48.86875]}, "properties": {"id": 16, "zeile": 2, "tags": ["george_duroy", "move"], "perspektive": "figur", "text": "Lächelnd ging er auf sie zu und wollte ihr die Hand reichen", "notiz": "Duroy bewegt sich auf die Frau zu und versucht Kontakt herzustellen.", "ort": "Lokal (Paris)", "valenz": null, "intensitaet": null, "gewichtete_valenz": null, "f_wert": null, "f_emotion": null, "raum_emotion": null, "route": null}}, {"type": "Feature", "geometry": {"type": "Point", "coordinates": [2.34515, 48.86875]}, "properties": {"id": 17, "zeile": 3, "tags": ["george_duroy", "mood", "move", "koerper_als_akteur"], "perspektive": "figur", "text": "Er fühlte, wie das Blut ihm zu Kopf stieg und ging allein nach Hause.", "notiz": "Duroy erlebt die Beleidigung körperlich und emotional — das Blut steigt ihm zu Kopf — und zieht sich allein zurück.", "ort": "Duroys Wohnung (Paris)", "valenz": -1, "intensitaet": 2, "gewichtete_valenz": -2, "f_wert": "ort_loest_emotion_aus", "f_emotion": "Scham, Wut nach öffentlicher Demütigung", "raum_emotion": {"ort": "Lokal", "emotion": "Scham, Wut nach öffentlicher Demütigung", "richtung": "ort_loest_emotion_aus"}, "route": null}}, {"type": "Feature", "geometry": {"type": "Point", "coordinates": [2.34515, 48.86875]}, "properties": {"id": 18, "zeile": 4, "tags": ["location", "social", "atmosphere"], "perspektive": "erzaehler", "text": "Forestier, der krank und elend war und immerfort hustete, machte ihm auf der Redaktion das Leben so ", "notiz": "Maupassant beschreibt von aussen Forestiers Verhalten gegenüber Duroy in der Redaktion.", "ort": "Redaktion (Paris)", "valenz": -1, "intensitaet": 2, "gewichtete_valenz": -2, "f_wert": null, "f_emotion": null, "raum_emotion": null, "route": null}}, {"type": "Feature", "geometry": {"type": "Point", "coordinates": [2.34515, 48.86875]}, "properties": {"id": 19, "zeile": 5, "tags": ["george_duroy", "mood", "move"], "perspektive": "figur", "text": "Der andere hätte ihn fast geohrfeigt, doch er nahm sich zusammen, ging fort und brummte: »Warte nur,", "notiz": "Duroy unterdrückt seinen Zorn, entfernt sich und äussert innerlich Rachegedanken.", "ort": "Redaktion (Paris)", "valenz": -1, "intensitaet": 2, "gewichtete_valenz": -2, "f_wert": "ort_loest_emotion_aus", "f_emotion": "unterdrückte Wut, Racheimpuls", "raum_emotion": {"ort": "Redaktion", "emotion": "unterdrückte Wut, Racheimpuls", "richtung": "ort_loest_emotion_aus"}, "route": null}}, {"type": "Feature", "geometry": {"type": "Point", "coordinates": [2.34515, 48.86875]}, "properties": {"id": 20, "zeile": 6, "tags": ["george_duroy", "mood", "move"], "perspektive": "figur", "text": "Dabei flog ihm blitzschnell ein Gedanke durch den Kopf und er fügte hinzu: »Ich setze dir Hörner auf", "notiz": "Duroy fasst einen Racheplan und empfindet darüber Vergnügen — Stimmungswechsel von Wut zu Genugtuung.", "ort": "Redaktion (Paris)", "valenz": 1, "intensitaet": 2, "gewichtete_valenz": 2, "f_wert": "ort_loest_emotion_aus", "f_emotion": "Genugtuung, Vergnügen über Racheplan", "raum_emotion": {"ort": "Redaktion", "emotion": "Genugtuung, Vergnügen über Racheplan", "richtung": "ort_loest_emotion_aus"}, "route": null}}, {"type": "Feature", "geometry": {"type": "Point", "coordinates": [2.34515, 48.86875]}, "properties": {"id": 21, "zeile": 7, "tags": ["george_duroy", "move", "time"], "perspektive": "figur", "text": "Er wollte schon am nächsten Tage mit der Ausführung beginnen und machte zunächst Frau Forestier eine", "notiz": "Duroy beschliesst sofort zu handeln und besucht Frau Forestier — die Zeit wird als emotionaler Antrieb erlebt.", "ort": "Wohnung Forestier (Paris)", "valenz": null, "intensitaet": null, "gewichtete_valenz": null, "f_wert": null, "f_emotion": null, "raum_emotion": null, "route": null}}, {"type": "Feature", "geometry": {"type": "Point", "coordinates": [2.34515, 48.86875]}, "properties": {"id": 22, "zeile": 8, "tags": ["location", "social", "atmosphere"], "perspektive": "erzaehler", "text": "Er fand sie lesend auf dem Sofa liegen. Sie reichte ihm die Hand, ohne sich zu rühren. Sie wandte ih", "notiz": "Maupassant beschreibt die Szene in der Wohnung Forestiers von aussen — Frau Forestiers lässige Haltung wird neutral geschildert.", "ort": "Wohnung Forestier (Paris)", "valenz": null, "intensitaet": 2, "gewichtete_valenz": null, "f_wert": null, "f_emotion": null, "raum_emotion": null, "route": null}}, {"type": "Feature", "geometry": {"type": "Point", "coordinates": [2.34515, 48.86875]}, "properties": {"id": 23, "zeile": 9, "tags": ["george_duroy", "mood", "koerper_als_akteur"], "perspektive": "figur", "text": "Es war ihm, als ob er eine Ohrfeige bekam.", "notiz": "Duroy empfindet die Anrede 'Bel-Ami' körperlich wie einen Schlag — Emotion manifestiert sich als körperliche Empfindung.", "ort": "Wohnung Forestier (Paris)", "valenz": -1, "intensitaet": 2, "gewichtete_valenz": -2, "f_wert": "koerper_als_sensor", "f_emotion": "Schock, Erschrecken", "raum_emotion": {"ort": "Wohnung Forestier", "emotion": "Schock, Erschrecken", "richtung": "koerper_als_sensor"}, "route": null}}, {"type": "Feature", "geometry": {"type": "Point", "coordinates": [2.34515, 48.86875]}, "properties": {"id": 24, "zeile": 10, "tags": ["george_duroy", "mood"], "perspektive": "figur", "text": "Das liebenswürdige Gesicht der jungen Dame beruhigte ihn etwas. Weshalb hätte er auch Angst haben so", "notiz": "Duroys innere Anspannung löst sich beim Anblick von Frau Forestiers freundlichem Gesicht — Raum und Person wirken beruhigend.", "ort": "Wohnung Forestier (Paris)", "valenz": 1, "intensitaet": 1, "gewichtete_valenz": 1, "f_wert": "ort_loest_emotion_aus", "f_emotion": "Beruhigung, nachlassende Angst", "raum_emotion": {"ort": "Wohnung Forestier", "emotion": "Beruhigung, nachlassende Angst", "richtung": "ort_loest_emotion_aus"}, "route": null}}, {"type": "Feature", "geometry": {"type": "Point", "coordinates": [2.34515, 48.86875]}, "properties": {"id": 25, "zeile": 3, "tags": ["george_duroy", "mood"], "perspektive": "figur", "text": "Er nahm neben ihr Platz und betrachtete sie mit völlig neuem Interesse, wie ein Sammler ein seltenes", "notiz": "Duroy nimmt die Frau mit neuem, sammlerischem Interesse wahr — inneres Erleben seiner veränderten Wahrnehmung.", "ort": "unbestimmter Innenraum", "valenz": 1, "intensitaet": 2, "gewichtete_valenz": 2, "f_wert": null, "f_emotion": null, "raum_emotion": null, "route": null}}, {"type": "Feature", "geometry": {"type": "Point", "coordinates": [2.34515, 48.86875]}, "properties": {"id": 26, "zeile": 4, "tags": ["george_duroy", "mood", "material"], "perspektive": "figur", "text": "Sie war bezaubernd, ihre Haare waren blond, von zartem, warmem Goldton, und sie schien wie zur Liebe", "notiz": "Duroys sinnliche Wahrnehmung der Frau — er erlebt ihre äussere Erscheinung als verführerisch.", "ort": "unbestimmter Innenraum", "valenz": 1, "intensitaet": 2, "gewichtete_valenz": 2, "f_wert": null, "f_emotion": null, "raum_emotion": null, "route": null}}, {"type": "Feature", "geometry": {"type": "Point", "coordinates": [2.34515, 48.86875]}, "properties": {"id": 27, "zeile": 5, "tags": ["george_duroy", "mood", "social"], "perspektive": "figur", "text": "Er dachte: »Sie ist sicherlich schöner als die andere.«", "notiz": "Duroy vergleicht die Frau innerlich mit einer anderen — innerer Bewertungsakt aus seiner Perspektive.", "ort": "unbestimmter Innenraum", "valenz": 1, "intensitaet": 1, "gewichtete_valenz": 1, "f_wert": null, "f_emotion": null, "raum_emotion": null, "route": null}}, {"type": "Feature", "geometry": {"type": "Point", "coordinates": [2.34515, 48.86875]}, "properties": {"id": 28, "zeile": 5, "tags": ["george_duroy", "mood"], "perspektive": "figur", "text": "Er zweifelte nicht an seinem Erfolg, er brauchte nur die Hand auszustrecken — so schien es ihm — und", "notiz": "Duroy empfindet sich als sicher im Erfolg — sein Selbstbewusstsein und Begehren werden als inneres Erleben dargestellt.", "ort": "unbestimmter Innenraum", "valenz": 1, "intensitaet": 2, "gewichtete_valenz": 2, "f_wert": null, "f_emotion": null, "raum_emotion": null, "route": null}}, {"type": "Feature", "geometry": {"type": "Point", "coordinates": [2.34515, 48.86875]}, "properties": {"id": 29, "zeile": 14, "tags": ["george_duroy", "mood"], "perspektive": "figur", "text": "Er war erstaunt, mehr sogar über den Ton als über den Inhalt", "notiz": "Duroy erlebt Erstaunen über die Reaktion der Frau — innerer emotionaler Zustand nach ihrer gleichgültigen Antwort.", "ort": "unbestimmter Innenraum", "valenz": -1, "intensitaet": 1, "gewichtete_valenz": -1, "f_wert": null, "f_emotion": null, "raum_emotion": null, "route": null}}, {"type": "Feature", "geometry": {"type": "Point", "coordinates": [2.34515, 48.86875]}, "properties": {"id": 30, "zeile": 1, "tags": ["george_duroy", "mood", "social"], "perspektive": "figur", "text": "Nun begriff er, daß angesichts dieser unwiderruflichen Entscheidung jeder Versuch fruchtlos wäre. Er", "notiz": "Duroy erkennt die Situation rational und ist echtermaßen entzückt über die strategische Verbündete — inneres Erleben und soziales Kalkül verbinden sich.", "ort": "Innenraum, unbestimmt", "valenz": 1, "intensitaet": 2, "gewichtete_valenz": 2, "f_wert": null, "f_emotion": null, "raum_emotion": null, "route": null}}, {"type": "Feature", "geometry": {"type": "Point", "coordinates": [2.34515, 48.86875]}, "properties": {"id": 31, "zeile": 2, "tags": ["george_duroy", "mood"], "perspektive": "figur", "text": "Er küßte sie, richtete sich wieder auf und sagte schlicht: »Weiß Gott, wenn ich eine Frau wie Sie ge", "notiz": "Duroy äußert aufrichtig eine emotionale Sehnsucht — Heiratsgedanke als innerer Wunsch, nicht strategisches Kalkül.", "ort": "Innenraum, unbestimmt", "valenz": 1, "intensitaet": 2, "gewichtete_valenz": 2, "f_wert": null, "f_emotion": null, "raum_emotion": null, "route": null}}, {"type": "Feature", "geometry": {"type": "Point", "coordinates": [2.34515, 48.86875]}, "properties": {"id": 32, "zeile": 3, "tags": ["social"], "perspektive": "erzaehler", "text": "Dieses Mal war sie gerührt und geschmeichelt. Seine Worte liebkosten sie, wie alle Komplimente, die ", "notiz": "Maupassant beschreibt von außen die Wirkung von Duroys Worten auf die Frau — sozialer Mechanismus der Geschlechterbeziehung, erzählerisch kommentiert.", "ort": "Innenraum, unbestimmt", "valenz": null, "intensitaet": 2, "gewichtete_valenz": null, "f_wert": null, "f_emotion": null, "raum_emotion": null, "route": null}}, {"type": "Feature", "geometry": {"type": "Point", "coordinates": [2.34515, 48.86875]}, "properties": {"id": 33, "zeile": 1, "tags": ["george_duroy", "mood"], "perspektive": "figur", "text": "Er blieb lange bei ihr, denn er wollte ihr beweisen, daß er gern bei ihr weilte", "notiz": "Duroy kalkuliert seinen Aufenthalt bewusst, um einen bestimmten Eindruck zu hinterlassen — inneres Erleben seiner sozialen Taktik.", "ort": "Wohnung einer Bekannten (unspezifiziert)", "valenz": 0, "intensitaet": 1, "gewichtete_valenz": 0, "f_wert": null, "f_emotion": null, "raum_emotion": null, "route": null}}, {"type": "Feature", "geometry": {"type": "Point", "coordinates": [2.34515, 48.86875]}, "properties": {"id": 34, "zeile": 2, "tags": ["george_duroy", "mood", "social"], "perspektive": "figur", "text": "Und da er die Wirkung seines letzten Kompliments bemerkt hatte, so unterstrich er es noch mit den Wo", "notiz": "Duroy nimmt die Wirkung seines Charmes bewusst wahr und setzt ihn gezielt ein — aktive soziale Kalkulation aus seiner Perspektive.", "ort": "Wohnung einer Bekannten (unspezifiziert)", "valenz": 0, "intensitaet": 2, "gewichtete_valenz": 0, "f_wert": null, "f_emotion": null, "raum_emotion": null, "route": null}}, {"type": "Feature", "geometry": {"type": "Point", "coordinates": [2.34515, 48.86875]}, "properties": {"id": 35, "zeile": 3, "tags": ["george_duroy", "move", "mood"], "perspektive": "figur", "text": "Dann aber ging er schnell hinaus, damit sie nicht erst die Zeit fand, böse zu werden.", "notiz": "Duroy verlässt den Raum strategisch schnell — Bewegung aus innerem Kalkül heraus.", "ort": "Wohnung einer Bekannten (unspezifiziert)", "valenz": null, "intensitaet": null, "gewichtete_valenz": null, "f_wert": null, "f_emotion": null, "raum_emotion": null, "route": null}}, {"type": "Feature", "geometry": {"type": "Point", "coordinates": [2.34515, 48.86875]}, "properties": {"id": 36, "zeile": 4, "tags": ["george_duroy", "mood", "social"], "perspektive": "figur", "text": "Die Sache mit dem Besuch bei Frau Walter war Duroy etwas peinlich, denn er war ja nicht aufgefordert", "notiz": "Duroy erlebt Unbehagen angesichts der sozialen Hürde, sich uneingeladen bei Frau Walter einzuführen.", "ort": "Haus Walters (unspezifiziert)", "valenz": -1, "intensitaet": 2, "gewichtete_valenz": -2, "f_wert": "ort_loest_emotion_aus", "f_emotion": "Peinlichkeit, Unsicherheit", "raum_emotion": {"ort": "Haus Walters", "emotion": "Peinlichkeit, Unsicherheit", "richtung": "ort_loest_emotion_aus"}, "route": null}}, {"type": "Feature", "geometry": {"type": "Point", "coordinates": [2.34515, 48.86875]}, "properties": {"id": 37, "zeile": 5, "tags": ["george_duroy", "mood", "social"], "perspektive": "figur", "text": "Allerdings zeigte ihm der Chef viel Wohlwollen, und wußte seine Arbeit hoch zu schätzen und zog ihn ", "notiz": "Duroy reflektiert seine berufliche Stellung und wägt die Möglichkeit ab, den sozialen Aufstieg durch einen Besuch beim Chef zu fördern.", "ort": "Haus Walters (unspezifiziert)", "valenz": 1, "intensitaet": 2, "gewichtete_valenz": 2, "f_wert": null, "f_emotion": null, "raum_emotion": null, "route": null}}, {"type": "Feature", "geometry": {"type": "Point", "coordinates": [2.3471, 48.8631]}, "properties": {"id": 38, "zeile": 6, "tags": ["location", "time", "social"], "perspektive": "erzaehler", "text": "Eines Tages stand er früh auf, ging in die Markthalle und kaufte für zwölf Francs zwanzig Stück prac", "notiz": "Maupassant beschreibt neutral Duroys Besuch in der Markthalle und den Kauf von Birnen als sozialer Geste — zeitliche und örtliche Angabe von aussen.", "ort": "Les Halles, Paris", "valenz": null, "intensitaet": 1, "gewichtete_valenz": null, "f_wert": null, "f_emotion": null, "raum_emotion": null, "route": null}}, {"type": "Feature", "geometry": {"type": "Point", "coordinates": [2.3274, 48.87135]}, "properties": {"id": 39, "zeile": 1, "tags": ["george_duroy", "social"], "perspektive": "erzaehler", "text": "Er verpackte sie sorgfältig in einem Körbchen, um den Anschein zu erwecken, als kämen sie von weit h", "notiz": "Maupassant beschreibt Duroys kalkuliertes soziales Verhalten von aussen — ein Aufstiegsmanöver durch Täuschung.", "ort": "Haus von Chefredakteur Walter (Nähe Boulevard Malesherbes)", "valenz": null, "intensitaet": 2, "gewichtete_valenz": null, "f_wert": null, "f_emotion": null, "raum_emotion": null, "route": null}}, {"type": "Feature", "geometry": {"type": "Point", "coordinates": [2.3274, 48.87135]}, "properties": {"id": 40, "zeile": 4, "tags": ["location"], "perspektive": "erzaehler", "text": "Am nächsten Tage fand er in seinem Briefkasten in der Redaktion ein Kuvert mit der Karte der Frau Wa", "notiz": "Die Redaktion als konkreter Ort wird genannt — Erzählerinstanz, ohne inneres Erleben.", "ort": "Redaktion La Vie Française", "valenz": null, "intensitaet": 1, "gewichtete_valenz": null, "f_wert": null, "f_emotion": null, "raum_emotion": null, "route": null}}, {"type": "Feature", "geometry": {"type": "Point", "coordinates": [2.3077, 48.8796]}, "properties": {"id": 41, "zeile": 6, "tags": ["location", "social"], "perspektive": "erzaehler", "text": "Herr Walter bewohnte auf dem Boulevard Malesherbes ein Doppelhaus, das ihm selbst gehörte und dessen", "notiz": "Konkreter Straßenname und soziale Charakterisierung des Hausbesitzers durch den Erzähler.", "ort": "Boulevard Malesherbes, Paris", "valenz": null, "intensitaet": 2, "gewichtete_valenz": null, "f_wert": null, "f_emotion": null, "raum_emotion": null, "route": null}}, {"type": "Feature", "geometry": {"type": "Point", "coordinates": [2.3077, 48.8796]}, "properties": {"id": 42, "zeile": 7, "tags": ["social", "material", "space"], "perspektive": "erzaehler", "text": "Ein Pförtner mit dicken Beinen in weißen Strümpfen, in einer prächtigen Schweizer Livree mit goldene", "notiz": "Maupassant beschreibt den Pförtner und das repräsentative Erscheinungsbild des Hauses als soziales Statussymbol von aussen.", "ort": "Boulevard Malesherbes, Eingang des Hauses Walter", "valenz": null, "intensitaet": 2, "gewichtete_valenz": null, "f_wert": null, "f_emotion": null, "raum_emotion": null, "route": null}}, {"type": "Feature", "geometry": {"type": "Point", "coordinates": [2.3077, 48.8796]}, "properties": {"id": 43, "zeile": 9, "tags": ["space", "social", "atmosphere"], "perspektive": "erzaehler", "text": "Die Gesellschaftsräume lagen im ersten Stock. Zuerst kam man in ein Vorzimmer mit Gobelins und Porti", "notiz": "Der Erzähler beschreibt die Raumfolge und das soziale Ambiente des Walterschen Hauses neutral von aussen.", "ort": "Boulevard Malesherbes, Haus Walter, Gesellschaftsräume", "valenz": null, "intensitaet": 2, "gewichtete_valenz": null, "f_wert": null, "f_emotion": null, "raum_emotion": null, "route": null}}, {"type": "Feature", "geometry": {"type": "Point", "coordinates": [2.3077, 48.8796]}, "properties": {"id": 44, "zeile": 10, "tags": ["george_duroy", "move", "social"], "perspektive": "erzaehler", "text": "Einer von ihnen nahm Duroy den Überzieher ab, der andere ergriff seinen Spazierstock, öffnete eine T", "notiz": "Der Erzähler schildert das zeremonielle Empfangsritual als soziale Inszenierung von aussen.", "ort": "Boulevard Malesherbes, Haus Walter, Vorzimmer", "valenz": null, "intensitaet": null, "gewichtete_valenz": null, "f_wert": null, "f_emotion": null, "raum_emotion": null, "route": [[2.3082563, 48.879844]]}}, {"type": "Feature", "geometry": {"type": "Point", "coordinates": [2.3077, 48.8796]}, "properties": {"id": 45, "zeile": 11, "tags": ["george_duroy", "mood", "space"], "perspektive": "figur", "text": "Der junge Mann fühlte sich zuerst sehr unsicher und sah sich nach allen Seiten um, bis er zuletzt in", "notiz": "Duroy erlebt Unsicherheit und Orientierungslosigkeit im fremden Repräsentationsraum — inneres Erleben der Raumqualität.", "ort": "Boulevard Malesherbes, Haus Walter, Salon", "valenz": -1, "intensitaet": 2, "gewichtete_valenz": -2, "f_wert": "ort_loest_emotion_aus", "f_emotion": "Unsicherheit, Orientierungslosigkeit", "raum_emotion": {"ort": "Salon des Hauses Walter", "emotion": "Unsicherheit, Orientierungslosigkeit", "richtung": "ort_loest_emotion_aus"}, "route": null}}, {"type": "Feature", "geometry": {"type": "Point", "coordinates": [2.3077, 48.8796]}, "properties": {"id": 46, "zeile": 12, "tags": ["george_duroy", "move", "space", "material"], "perspektive": "figur", "text": "Er ging zuerst nach der verkehrten Richtung, da der Spiegel seine Augen getäuscht hatte, dann durchs", "notiz": "Duroy durchschreitet irrnd die leeren Räume — die Spiegeltäuschung verkörpert seine soziale Desorientierung im Milieu der Oberschicht.", "ort": "Boulevard Malesherbes, Haus Walter, Boudoir", "valenz": null, "intensitaet": null, "gewichtete_valenz": null, "f_wert": "ort_loest_emotion_aus", "f_emotion": "Desorientierung, soziale Fremdheit", "raum_emotion": {"ort": "Salons und Boudoir des Hauses Walter", "emotion": "Desorientierung, soziale Fremdheit", "richtung": "ort_loest_emotion_aus"}, "route": [[2.3082563, 48.879844], [2.3091194, 48.880094], [2.3092347, 48.8803444], [2.3094093, 48.8803637], [2.3095696, 48.8803422], [2.3124182, 48.8807047], [2.3125035, 48.8806894], [2.3129515, 48.8807211], [2.3129563, 48.8807358], [2.3140638, 48.8808777], [2.3152325, 48.8810354], [2.3152682, 48.8810296], [2.3154235, 48.8810463], [2.3162491, 48.8811439], [2.3166229, 48.881095], [2.3166959, 48.8810386], [2.3169087, 48.8810375], [2.3169416, 48.8810082], [2.3181345, 48.8806486], [2.3182805, 48.8805879], [2.3183186, 48.880592], [2.3190281, 48.8803682], [2.3193265, 48.8802708], [2.3198743, 48.8800921], [2.3203988, 48.8799209], [2.3204039, 48.8799093], [2.3206605, 48.8798292], [2.3209218, 48.8797456]]}}, {"type": "Feature", "geometry": {"type": "Point", "coordinates": [2.31425, 48.8796]}, "properties": {"id": 47, "zeile": 1, "tags": ["space", "social", "atmosphere"], "perspektive": "erzaehler", "text": "Hier saßen vier Damen um einen runden Tisch und plauderten bei einer Tasse Tee.", "notiz": "Maupassant beschreibt von aussen die Gesellschaftssituation im Salon.", "ort": "Salon einer bürgerlichen Dame, Paris", "valenz": null, "intensitaet": 2, "gewichtete_valenz": null, "f_wert": null, "f_emotion": null, "raum_emotion": null, "route": null}}, {"type": "Feature", "geometry": {"type": "Point", "coordinates": [2.31425, 48.8796]}, "properties": {"id": 48, "zeile": 2, "tags": ["george_duroy", "mood", "social", "space"], "perspektive": "figur", "text": "Trotz der Sicherheit, die Duroy sich durch seinen Aufenthalt in Paris und vor allen Dingen durch sei", "notiz": "Duroy erlebt die repräsentative Raumfolge der Salons als einschüchternd trotz seiner erworbenen Sicherheit — Raum löst Gefühl aus.", "ort": "Salon einer bürgerlichen Dame, Paris", "valenz": -1, "intensitaet": 2, "gewichtete_valenz": -2, "f_wert": "ort_loest_emotion_aus", "f_emotion": "Verschüchterung, Unsicherheit", "raum_emotion": {"ort": "Große leere Salons", "emotion": "Verschüchterung, Unsicherheit", "richtung": "ort_loest_emotion_aus"}, "route": null}}, {"type": "Feature", "geometry": {"type": "Point", "coordinates": [2.31425, 48.8796]}, "properties": {"id": 49, "zeile": 3, "tags": ["george_duroy", "mood", "koerper_als_akteur"], "perspektive": "figur", "text": "Er stammelte: »Madame, ich habe mir gestattet ...«, und suchte dabei mit den Augen die Frau des Haus", "notiz": "Duroys Stammeln und suchender Blick zeigen seine innere Verlegenheit und soziale Unsicherheit im Raum.", "ort": "Salon einer bürgerlichen Dame, Paris", "valenz": -1, "intensitaet": 2, "gewichtete_valenz": -2, "f_wert": "ort_loest_emotion_aus", "f_emotion": "Verlegenheit, Unsicherheit", "raum_emotion": {"ort": "Salon", "emotion": "Verlegenheit, Unsicherheit", "richtung": "ort_loest_emotion_aus"}, "route": null}}, {"type": "Feature", "geometry": {"type": "Point", "coordinates": [2.31425, 48.8796]}, "properties": {"id": 50, "zeile": 5, "tags": ["george_duroy", "koerper_als_akteur", "mood", "material"], "perspektive": "figur", "text": "und sie wies ihn auf einen Sessel, auf den er, statt sich hinzusetzen, hinabfiel, da er ihm viel höh", "notiz": "Duroys fehlgeschätzter Sessel offenbart seine körperliche Unbeholfenheit als Ausdruck sozialer Unsicherheit im fremden Raum.", "ort": "Salon einer bürgerlichen Dame, Paris", "valenz": -1, "intensitaet": 2, "gewichtete_valenz": -2, "f_wert": "ort_loest_emotion_aus", "f_emotion": "Unbeholfenheit, Verlegenheit", "raum_emotion": {"ort": "Salon", "emotion": "Unbeholfenheit, Verlegenheit", "richtung": "ort_loest_emotion_aus"}, "route": null}}, {"type": "Feature", "geometry": {"type": "Point", "coordinates": [2.31425, 48.8796]}, "properties": {"id": 51, "zeile": 6, "tags": ["weather", "atmosphere", "social"], "perspektive": "erzaehler", "text": "Die Damen, die einen Augenblick geschwiegen, hatten ihre Unterhaltung wieder aufgenommen. Man sprach", "notiz": "Maupassant beschreibt die oberflächliche Salonkonversation über Wetter und Epidemie als gesellschaftliche Kulisse von aussen.", "ort": "Salon einer bürgerlichen Dame, Paris", "valenz": null, "intensitaet": 1, "gewichtete_valenz": null, "f_wert": null, "f_emotion": null, "raum_emotion": null, "route": null}}, {"type": "Feature", "geometry": {"type": "Point", "coordinates": [2.31425, 48.8796]}, "properties": {"id": 52, "zeile": 7, "tags": ["weather", "location", "atmosphere", "social"], "perspektive": "erzaehler", "text": "Jede Dame äußerte ihre Meinung über das Auftreten des heftigen Frostes in Paris, dann plauderte man ", "notiz": "Erzähler beschreibt die bürgerliche Salonkonversation über das Wetter in Paris als Kulisse mit ironischer Distanz.", "ort": "Salon einer bürgerlichen Dame, Paris", "valenz": null, "intensitaet": 1, "gewichtete_valenz": null, "f_wert": null, "f_emotion": null, "raum_emotion": null, "route": null}}, {"type": "Feature", "geometry": {"type": "Point", "coordinates": [2.31425, 48.8796]}, "properties": {"id": 53, "zeile": 8, "tags": ["george_duroy", "space", "material"], "perspektive": "figur", "text": "Die Tür ging leise auf und Duroy wandte sich um. Er erblickte durch zwei große Wandscheiben eine seh", "notiz": "Duroy nimmt aktiv die Raumstruktur durch Wandscheiben und die eintretende Dame wahr.", "ort": "Salon einer bürgerlichen Dame, Paris", "valenz": null, "intensitaet": null, "gewichtete_valenz": null, "f_wert": null, "f_emotion": null, "raum_emotion": null, "route": null}}, {"type": "Feature", "geometry": {"type": "Point", "coordinates": [2.31425, 48.8796]}, "properties": {"id": 54, "zeile": 9, "tags": ["george_duroy", "space", "material", "social"], "perspektive": "figur", "text": "Der junge Mann folgte ihr mit den Blicken durch die anderen Zimmer und sah, wie auf ihrem schwarzen ", "notiz": "Duroy verfolgt die wegehende Dame visuell durch die Raumfolge und bemerkt das soziale Statussymbol der Jettperlen.", "ort": "Salon einer bürgerlichen Dame, Paris", "valenz": null, "intensitaet": null, "gewichtete_valenz": null, "f_wert": null, "f_emotion": null, "raum_emotion": null, "route": null}}, {"type": "Feature", "geometry": {"type": "Point", "coordinates": [2.31425, 48.8796]}, "properties": {"id": 55, "zeile": 10, "tags": ["historical", "atmosphere", "social"], "perspektive": "erzaehler", "text": "Als die Unruhe, die dieser Personenwechsel hervorgerufen, sich gelegt hatte, kam man plötzlich ohne ", "notiz": "Maupassant beschreibt von aussen den Übergang der Salonkonversation zu zeitgenössischen kolonialpolitischen Themen (Marokko, Orient, Afrika).", "ort": "Salon einer bürgerlichen Dame, Paris", "valenz": null, "intensitaet": 1, "gewichtete_valenz": null, "f_wert": null, "f_emotion": null, "raum_emotion": null, "route": null}}, {"type": "Feature", "geometry": {"type": "Point", "coordinates": [2.31425, 48.8796]}, "properties": {"id": 56, "zeile": 1, "tags": ["atmosphere", "social"], "perspektive": "erzaehler", "text": "Die Damen redeten, als ob sie eine Gesellschaftskomödie, die sie schon oft wiederholt hatten, auswen", "notiz": "Maupassant beschreibt das oberflächliche Gesellschaftsgespräch ironisch von aussen.", "ort": "Salon der Familie Walter (unspezifisch)", "valenz": null, "intensitaet": 2, "gewichtete_valenz": null, "f_wert": null, "f_emotion": null, "raum_emotion": null, "route": null}}, {"type": "Feature", "geometry": {"type": "Point", "coordinates": [2.31425, 48.8796]}, "properties": {"id": 57, "zeile": 3, "tags": ["social"], "perspektive": "erzaehler", "text": "Jetzt erschien ein neuer Gast. Es war eine kleine Blondine mit Löckchen, die den Aufbruch einer groß", "notiz": "Maupassant beschreibt die Gäste von aussen, neutral und beobachtend.", "ort": "Salon der Familie Walter", "valenz": null, "intensitaet": 1, "gewichtete_valenz": null, "f_wert": null, "f_emotion": null, "raum_emotion": null, "route": null}}, {"type": "Feature", "geometry": {"type": "Point", "coordinates": [2.31425, 48.8796]}, "properties": {"id": 58, "zeile": 10, "tags": ["social"], "perspektive": "erzaehler", "text": "Frau Walter antwortete sehr graziös, verbindlich und mit ruhiger Unparteilichkeit, sie war nie um ei", "notiz": "Maupassant charakterisiert Frau Walter von aussen als souveräne Gastgeberin.", "ort": "Salon der Familie Walter", "valenz": null, "intensitaet": 1, "gewichtete_valenz": null, "f_wert": null, "f_emotion": null, "raum_emotion": null, "route": null}}, {"type": "Feature", "geometry": {"type": "Point", "coordinates": [2.31425, 48.8796]}, "properties": {"id": 59, "zeile": 12, "tags": ["time", "atmosphere", "sound"], "perspektive": "erzaehler", "text": "Doch sie merkte, daß es dunkel wurde und ließ die Lampe hereinbringen, während sie gleichzeitig auf ", "notiz": "Maupassant beschreibt die einsetzende Dunkelheit und das Gesprächsgeräusch als atmosphärische Kulisse.", "ort": "Salon der Familie Walter", "valenz": null, "intensitaet": 1, "gewichtete_valenz": null, "f_wert": null, "f_emotion": null, "raum_emotion": null, "route": null}}, {"type": "Feature", "geometry": {"type": "Point", "coordinates": [2.31425, 48.8796]}, "properties": {"id": 60, "zeile": 15, "tags": ["social", "material"], "perspektive": "erzaehler", "text": "Sie war etwas zu stark, aber noch schön, und befand sich in jenem gefährlichen Alter, wo der Niederg", "notiz": "Maupassant beschreibt Frau Walters äussere Erscheinung und ihre Bemühungen um Schönheit von aussen.", "ort": "Salon der Familie Walter", "valenz": null, "intensitaet": 2, "gewichtete_valenz": null, "f_wert": null, "f_emotion": null, "raum_emotion": null, "route": null}}, {"type": "Feature", "geometry": {"type": "Point", "coordinates": [2.31425, 48.8796]}, "properties": {"id": 61, "zeile": 17, "tags": ["atmosphere", "social"], "perspektive": "erzaehler", "text": "Alles, was sie tat, war besonnen, überlegt und vernünftig; sie gehörte zu den Frauen, deren Geist ge", "notiz": "Maupassant charakterisiert Frau Walters Wesen durch einen Raumvergleich (französischer Garten) — erzählerische Distanzbeschreibung.", "ort": "Salon der Familie Walter", "valenz": null, "intensitaet": 2, "gewichtete_valenz": null, "f_wert": null, "f_emotion": null, "raum_emotion": null, "route": null}}, {"type": "Feature", "geometry": {"type": "Point", "coordinates": [2.31425, 48.8796]}, "properties": {"id": 62, "zeile": 20, "tags": ["george_duroy", "social", "mood"], "perspektive": "erzaehler", "text": "Sie bemerkte, daß Duroy noch nichts gesagt hatte, daß niemand mit ihm redete, und daß er sich deshal", "notiz": "Maupassant beschreibt Duroys soziale Isolation im Salon von aussen — durch Frau Walters Wahrnehmung vermittelt.", "ort": "Salon der Familie Walter", "valenz": -1, "intensitaet": 2, "gewichtete_valenz": -2, "f_wert": "ort_loest_emotion_aus", "f_emotion": "Unbehagen, soziale Isolation", "raum_emotion": {"ort": "Salon der Familie Walter", "emotion": "Unbehagen, soziale Isolation", "richtung": "ort_loest_emotion_aus"}, "route": null}}, {"type": "Feature", "geometry": {"type": "Point", "coordinates": [2.31425, 48.8796]}, "properties": {"id": 63, "zeile": 1, "tags": ["atmosphere", "social"], "perspektive": "erzaehler", "text": "Die Damen sprachen noch immer von ihrem Lieblingsthema, der Akademie", "notiz": "Erzähler beschreibt die gesellschaftliche Gesprächssituation im Salon von außen.", "ort": "Pariser Salon (nicht näher spezifiziert)", "valenz": null, "intensitaet": 1, "gewichtete_valenz": null, "f_wert": null, "f_emotion": null, "raum_emotion": null, "route": null}}, {"type": "Feature", "geometry": {"type": "Point", "coordinates": [2.31425, 48.8796]}, "properties": {"id": 64, "zeile": 3, "tags": ["george_duroy", "mood"], "perspektive": "figur", "text": "Er antwortete, ohne zu zaudern: »In dieser Frage, Madame, würde ich nie den strittigen Punkt über di", "notiz": "Duroy antwortet spontan und selbstsicher, was seinen gesellschaftlichen Anpassungswillen und Witz zeigt.", "ort": "Pariser Salon (nicht näher spezifiziert)", "valenz": null, "intensitaet": null, "gewichtete_valenz": null, "f_wert": null, "f_emotion": null, "raum_emotion": null, "route": null}}, {"type": "Feature", "geometry": {"type": "Point", "coordinates": [2.31425, 48.8796]}, "properties": {"id": 65, "zeile": 10, "tags": ["atmosphere", "sound"], "perspektive": "erzaehler", "text": "Ein erstauntes Schweigen folgte dieser Erklärung.", "notiz": "Erzähler beschreibt die kollektive Reaktion der Anwesenden als atmosphärische Pause.", "ort": "Pariser Salon (nicht näher spezifiziert)", "valenz": 0, "intensitaet": 1, "gewichtete_valenz": 0, "f_wert": null, "f_emotion": null, "raum_emotion": null, "route": null}}, {"type": "Feature", "geometry": {"type": "Point", "coordinates": [2.31425, 48.8796]}, "properties": {"id": 66, "zeile": 16, "tags": ["george_duroy", "social", "mood"], "perspektive": "figur", "text": "Da die Damen noch etwas betroffen waren, fuhr er fort: »Übrigens geht es mir ebenso wie Ihnen. Ich l", "notiz": "Duroy identifiziert sich bewusst mit dem Pariser Salon-Publikum und seiner Lektürepraxis, um gesellschaftliche Nähe herzustellen.", "ort": "Pariser Salon (nicht näher spezifiziert)", "valenz": null, "intensitaet": null, "gewichtete_valenz": null, "f_wert": null, "f_emotion": null, "raum_emotion": null, "route": null}}, {"type": "Feature", "geometry": {"type": "Point", "coordinates": [2.31425, 48.8796]}, "properties": {"id": 67, "zeile": 18, "tags": ["george_duroy", "social", "historical"], "perspektive": "figur", "text": "Das ist ein Spiel, ein hübsches, kleines Spiel, das man in allen Pariser Salons beim Hinscheiden ein", "notiz": "Duroy beschreibt die Pariser Salon-Kultur als gesellschaftliches Spiel und positioniert sich selbst darin als Kenner.", "ort": "Pariser Salons (kollektiv, nicht einzeln verortbar)", "valenz": null, "intensitaet": null, "gewichtete_valenz": null, "f_wert": "emotion_faerbt_raum", "f_emotion": "gesellschaftliche Zugehörigkeit, ironische Distanz", "raum_emotion": {"ort": "Pariser Salons", "emotion": "gesellschaftliche Zugehörigkeit, ironische Distanz", "richtung": "emotion_faerbt_raum"}, "route": null}}, {"type": "Feature", "geometry": {"type": "Point", "coordinates": [2.31425, 48.8796]}, "properties": {"id": 68, "zeile": 20, "tags": ["atmosphere", "social"], "perspektive": "erzaehler", "text": "Man war immer noch einigermaßen erstaunt, begann aber jetzt zu lachen, so treffend war seine Bemerku", "notiz": "Erzähler beschreibt die gesellschaftliche Wirkung von Duroys Witz von außen als atmosphärischen Umschwung.", "ort": "Pariser Salon (nicht näher spezifiziert)", "valenz": null, "intensitaet": 2, "gewichtete_valenz": null, "f_wert": null, "f_emotion": null, "raum_emotion": null, "route": null}}, {"type": "Feature", "geometry": {"type": "Point", "coordinates": [2.31425, 48.8796]}, "properties": {"id": 69, "zeile": 1, "tags": ["george_duroy", "move"], "perspektive": "erzaehler", "text": "Mit graziöser Haltung ging er dann hinaus.", "notiz": "Maupassant beschreibt Duroys Abgang von aussen als elegante Geste.", "ort": "Salon bei Frau Walter", "valenz": null, "intensitaet": null, "gewichtete_valenz": null, "f_wert": null, "f_emotion": null, "raum_emotion": null, "route": null}}, {"type": "Feature", "geometry": {"type": "Point", "coordinates": [2.3208, 48.8796]}, "properties": {"id": 70, "zeile": 2, "tags": ["george_duroy", "move", "mood", "location"], "perspektive": "figur", "text": "Duroy ging fröhlich, mit großen, tanzenden Schritten den Boulevard Malesherbes hinunter und murmelte", "notiz": "Duroy erlebt seinen eigenen Auftritt als Erfolg und bewegt sich beschwingt durch den städtischen Raum.", "ort": "Boulevard Malesherbes, Paris", "valenz": null, "intensitaet": null, "gewichtete_valenz": null, "f_wert": "emotion_faerbt_raum", "f_emotion": "Fröhlichkeit, Selbstzufriedenheit", "raum_emotion": {"ort": "Boulevard Malesherbes", "emotion": "Fröhlichkeit, Selbstzufriedenheit", "richtung": "emotion_faerbt_raum"}, "route": [[2.3209218, 48.8797456], [2.3209968, 48.8798459], [2.3216165, 48.8796463], [2.3216391, 48.8796561], [2.3218851, 48.8796512], [2.3219913, 48.8795203], [2.3230714, 48.8791822], [2.3234781, 48.8792563], [2.3236487, 48.8791963]]}}, {"type": "Feature", "geometry": {"type": "Point", "coordinates": [2.3365, 48.8681]}, "properties": {"id": 71, "zeile": 3, "tags": ["george_duroy"], "perspektive": "erzaehler", "text": "Am Abend söhnte er sich mit Rahel wieder aus.", "notiz": "Maupassant berichtet neutral von der Versöhnung Duroys mit Rahel.", "ort": "unbekannt", "valenz": null, "intensitaet": null, "gewichtete_valenz": null, "f_wert": null, "f_emotion": null, "raum_emotion": null, "route": null}}, {"type": "Feature", "geometry": {"type": "Point", "coordinates": [2.3365, 48.8681]}, "properties": {"id": 72, "zeile": 4, "tags": ["george_duroy", "social"], "perspektive": "erzaehler", "text": "Die folgende Woche brachte ihm zwei Ereignisse: er wurde zum Leiter des Nachrichtenteils ernannt und", "notiz": "Der Erzähler berichtet neutral über Duroys sozialen Aufstieg in der Redaktion.", "ort": "Redaktion La Vie Française", "valenz": null, "intensitaet": null, "gewichtete_valenz": null, "f_wert": null, "f_emotion": null, "raum_emotion": null, "route": null}}, {"type": "Feature", "geometry": {"type": "Point", "coordinates": [2.3365, 48.8681]}, "properties": {"id": 73, "zeile": 5, "tags": ["george_duroy", "mood", "social"], "perspektive": "figur", "text": "Er begriff sofort, daß ein innerer Zusammenhang zwischen diesen beiden Ereignissen bestand.", "notiz": "Duroy erkennt intuitiv die soziale Logik hinter seiner Beförderung und der Einladung.", "ort": "unbekannt", "valenz": null, "intensitaet": null, "gewichtete_valenz": null, "f_wert": null, "f_emotion": null, "raum_emotion": null, "route": null}}, {"type": "Feature", "geometry": {"type": "Point", "coordinates": [2.3365, 48.8681]}, "properties": {"id": 74, "zeile": 6, "tags": ["historical", "social"], "perspektive": "erzaehler", "text": "Die Vie Française war vor allen Dingen ein Börsenblatt, denn ihr Begründer war ein Finanzmann, der d", "notiz": "Maupassant beschreibt von aussen die politisch-finanzielle Natur der Zeitung als Institution der Dritten Republik.", "ort": "Redaktion La Vie Française", "valenz": null, "intensitaet": 2, "gewichtete_valenz": null, "f_wert": null, "f_emotion": null, "raum_emotion": null, "route": null}}, {"type": "Feature", "geometry": {"type": "Point", "coordinates": [2.3365, 48.8681]}, "properties": {"id": 75, "zeile": 7, "tags": ["george_duroy", "social"], "perspektive": "erzaehler", "text": "Duroy schien ihm an der Spitze des lokalen Nachrichtendienstes eine sehr brauchbare Persönlichkeit z", "notiz": "Der Erzähler erklärt aus Walters Perspektive, warum Duroy für den Posten ausgewählt wurde.", "ort": "Redaktion La Vie Française", "valenz": null, "intensitaet": null, "gewichtete_valenz": null, "f_wert": null, "f_emotion": null, "raum_emotion": null, "route": null}}, {"type": "Feature", "geometry": {"type": "Point", "coordinates": [2.3365, 48.8681]}, "properties": {"id": 76, "zeile": 8, "tags": ["social"], "perspektive": "erzaehler", "text": "Bisher hatte der Redaktionssekretär Boisrenard diesen Posten verwaltet. Er war ein alter Journalist,", "notiz": "Maupassant charakterisiert Boisrenard als sozialen Typus des routinisierten Journalisten von aussen.", "ort": "Redaktion La Vie Française", "valenz": null, "intensitaet": 2, "gewichtete_valenz": null, "f_wert": null, "f_emotion": null, "raum_emotion": null, "route": null}}, {"type": "Feature", "geometry": {"type": "Point", "coordinates": [2.3365, 48.8681]}, "properties": {"id": 77, "zeile": 1, "tags": ["social"], "perspektive": "erzaehler", "text": "Politische und religiöse Anschauungen blieben ihm fremd. Er war der Zeitung, in der er gerade angest", "notiz": "Maupassant beschreibt von aussen den professionellen Charakter und die soziale Stellung einer Figur (vermutlich Forestier oder ein Redaktionskollege) in der Zeitungswelt.", "ort": "Redaktion La Vie Française", "valenz": null, "intensitaet": 2, "gewichtete_valenz": null, "f_wert": null, "f_emotion": null, "raum_emotion": null, "route": null}}, {"type": "Feature", "geometry": {"type": "Point", "coordinates": [2.3365, 48.8681]}, "properties": {"id": 78, "zeile": 3, "tags": ["social"], "perspektive": "erzaehler", "text": "Trotzdem hielt er sehr auf seine Berufsehre, und er hätte sich nie zu etwas hergegeben, was er von s", "notiz": "Maupassant charakterisiert die berufsethische Haltung der Figur von aussen als neutraler Erzähler.", "ort": "Redaktion La Vie Française", "valenz": null, "intensitaet": 2, "gewichtete_valenz": null, "f_wert": null, "f_emotion": null, "raum_emotion": null, "route": null}}, {"type": "Feature", "geometry": {"type": "Point", "coordinates": [2.3365, 48.8681]}, "properties": {"id": 79, "zeile": 5, "tags": ["social", "historical"], "perspektive": "erzaehler", "text": "Herr Walter achtete ihn deshalb zwar sehr hoch, aber gerade an der Spitze des lokalen Teils, der sei", "notiz": "Maupassant beschreibt von aussen die institutionellen Machtstrukturen und Interessen innerhalb der Pariser Pressewelt der Dritten Republik.", "ort": "Redaktion La Vie Française", "valenz": null, "intensitaet": 2, "gewichtete_valenz": null, "f_wert": null, "f_emotion": null, "raum_emotion": null, "route": null}}, {"type": "Feature", "geometry": {"type": "Point", "coordinates": [2.3365, 48.8681]}, "properties": {"id": 80, "zeile": 7, "tags": ["historical", "social"], "perspektive": "erzaehler", "text": "Denn hier wurden die Neuigkeiten lanciert, die Gerüchte in Umlauf gesetzt, durch die man auf das Pub", "notiz": "Maupassant beschreibt von aussen die politisch-ökonomische Funktion der Lokalnachrichten im Pressewesen der Dritten Republik — Einfluss auf Börsenkurse und öffentliche Meinung.", "ort": "Redaktion La Vie Française", "valenz": null, "intensitaet": 2, "gewichtete_valenz": null, "f_wert": null, "f_emotion": null, "raum_emotion": null, "route": null}}, {"type": "Feature", "geometry": {"type": "Point", "coordinates": [2.3365, 48.8681]}, "properties": {"id": 81, "zeile": 9, "tags": ["social", "historical"], "perspektive": "erzaehler", "text": "Zwischen zwei Berichten über Gesellschaftsabende muß man die wichtigen Nachrichten unauffällig einsc", "notiz": "Maupassant schildert erzählerisch die manipulativen Techniken des Pariser Journalismus der Dritten Republik.", "ort": "Redaktion La Vie Française", "valenz": null, "intensitaet": 2, "gewichtete_valenz": null, "f_wert": null, "f_emotion": null, "raum_emotion": null, "route": null}}, {"type": "Feature", "geometry": {"type": "Point", "coordinates": [2.3522, 48.8566]}, "properties": {"id": 82, "zeile": 12, "tags": ["social", "historical", "space"], "perspektive": "erzaehler", "text": "In den Lokalnachrichten muß jeder Tag für Tag wenigstens eine Zeile finden, die ihn interessiert, da", "notiz": "Maupassant beschreibt die sozialtopografische Reichweite der Pariser Presse — Paris als Zentrum einer ausdifferenzierten Gesellschaft der Dritten Republik.", "ort": "Paris (allgemein)", "valenz": null, "intensitaet": 2, "gewichtete_valenz": null, "f_wert": null, "f_emotion": null, "raum_emotion": null, "route": null}}, {"type": "Feature", "geometry": {"type": "Point", "coordinates": [2.33795, 48.86795]}, "properties": {"id": 83, "zeile": 15, "tags": ["social", "historical"], "perspektive": "erzaehler", "text": "Der Mann, der an der Spitze des Nachrichtenteils steht und das Heer der Reporter dirigiert, muß stet", "notiz": "Maupassant zeichnet von aussen das Idealbild des Pariser Chefredakteurs als strategisch handelnden Akteur im Pressewesen der Dritten Republik.", "ort": "Redaktion La Vie Française", "valenz": null, "intensitaet": 2, "gewichtete_valenz": null, "f_wert": null, "f_emotion": null, "raum_emotion": null, "route": null}}, {"type": "Feature", "geometry": {"type": "Point", "coordinates": [2.33795, 48.86795]}, "properties": {"id": 84, "zeile": 1, "tags": ["social"], "perspektive": "erzaehler", "text": "Boisrenard besaß zwar eine lange Praxis, aber es fehlte ihm an Übersicht und Talent. Vor allen Dinge", "notiz": "Maupassant beschreibt Boisrenards berufliche Defizite von aussen als sozialen und professionellen Vergleichspunkt.", "ort": "Redaktion der Vie Française", "valenz": null, "intensitaet": 2, "gewichtete_valenz": null, "f_wert": null, "f_emotion": null, "raum_emotion": null, "route": null}}, {"type": "Feature", "geometry": {"type": "Point", "coordinates": [2.33795, 48.86795]}, "properties": {"id": 85, "zeile": 3, "tags": ["george_duroy", "social"], "perspektive": "erzaehler", "text": "Duroy wußte die Sache glänzend zu meistern, er war eine hervorragende Errungenschaft der Redaktion d", "notiz": "Maupassant beschreibt Duroys berufliche Leistung und seinen Wert für die Redaktion von aussen.", "ort": "Redaktion der Vie Française", "valenz": null, "intensitaet": 2, "gewichtete_valenz": null, "f_wert": null, "f_emotion": null, "raum_emotion": null, "route": null}}, {"type": "Feature", "geometry": {"type": "Point", "coordinates": [2.33795, 48.86795]}, "properties": {"id": 86, "zeile": 4, "tags": ["historical", "atmosphere"], "perspektive": "erzaehler", "text": "das nach dem Ausdrucke Norbert de Varennes »auf den Strömungen des Staates und auf den Unterströmung", "notiz": "Metapher für die politisch-finanzielle Einbettung der Zeitung in die Strukturen der Dritten Republik.", "ort": "Paris, politisches Milieu der Dritten Republik", "valenz": null, "intensitaet": 2, "gewichtete_valenz": null, "f_wert": null, "f_emotion": null, "raum_emotion": null, "route": null}}, {"type": "Feature", "geometry": {"type": "Point", "coordinates": [2.33795, 48.86795]}, "properties": {"id": 87, "zeile": 5, "tags": ["historical", "social"], "perspektive": "erzaehler", "text": "Die geistigen Leiter und die eigentlichen Redakteure der Vie Francaise waren ein halbes Dutzend Depu", "notiz": "Maupassant beschreibt die politisch-finanzielle Verstrickung der Zeitung mit Parlamentsabgeordneten als zeitgeschichtliche Realität der Dritten Republik.", "ort": "Chambre des députés / Palais Bourbon, Paris", "valenz": null, "intensitaet": 2, "gewichtete_valenz": null, "f_wert": null, "f_emotion": null, "raum_emotion": null, "route": null}}, {"type": "Feature", "geometry": {"type": "Point", "coordinates": [2.33795, 48.86795]}, "properties": {"id": 88, "zeile": 7, "tags": ["social"], "perspektive": "erzaehler", "text": "Forestier war als politischer Redakteur nur der Strohmann dieser Geschäftsleute, der Vollstrecker de", "notiz": "Maupassant enthüllt Forestiers abhängige Rolle in der Machtstruktur der Redaktion von aussen.", "ort": "Paris, Wohnung Forestiers", "valenz": null, "intensitaet": 2, "gewichtete_valenz": null, "f_wert": null, "f_emotion": null, "raum_emotion": null, "route": null}}, {"type": "Feature", "geometry": {"type": "Point", "coordinates": [2.33795, 48.86795]}, "properties": {"id": 89, "zeile": 9, "tags": ["social", "atmosphere"], "perspektive": "erzaehler", "text": "Um dem Blatt jedoch einen literarischen und gesellschaftlichen, pariserischen Anstrich zu geben, hat", "notiz": "Maupassant beschreibt den gesellschaftlichen und literarischen Charakter der Zeitung und ihrer Mitarbeiter als Kulisse der Pariser Presselandschaft.", "ort": "Paris, Redaktion der Vie Française", "valenz": null, "intensitaet": 2, "gewichtete_valenz": null, "f_wert": null, "f_emotion": null, "raum_emotion": null, "route": null}}, {"type": "Feature", "geometry": {"type": "Point", "coordinates": [2.33795, 48.86795]}, "properties": {"id": 90, "zeile": 11, "tags": ["social"], "perspektive": "erzaehler", "text": "Dann hatte man aus der großen Schar der »Journalisten für alles« um billiges Geld noch ein paar Krit", "notiz": "Maupassant beschreibt die soziale Hierarchie und ökonomische Prekarität des Pariser Journalismus von aussen.", "ort": "Paris, Redaktion der Vie Française", "valenz": null, "intensitaet": 2, "gewichtete_valenz": null, "f_wert": null, "f_emotion": null, "raum_emotion": null, "route": null}}, {"type": "Feature", "geometry": {"type": "Point", "coordinates": [2.33795, 48.86795]}, "properties": {"id": 91, "zeile": 13, "tags": ["social", "atmosphere"], "perspektive": "erzaehler", "text": "Zwei Damen der Gesellschaft schickten unter dem Pseudonym »Rosa Domino« und »Samtpfötchen« ihre Beri", "notiz": "Maupassant skizziert den gesellschaftlichen Betrieb der Pariser Oberschicht-Presse durch weibliche Pseudonym-Autorinnen.", "ort": "Paris, vornehme Gesellschaft / Redaktion der Vie Française", "valenz": null, "intensitaet": 2, "gewichtete_valenz": null, "f_wert": null, "f_emotion": null, "raum_emotion": null, "route": null}}, {"type": "Feature", "geometry": {"type": "Point", "coordinates": [2.33795, 48.86795]}, "properties": {"id": 92, "zeile": 15, "tags": ["historical", "atmosphere", "social"], "perspektive": "erzaehler", "text": "Und so schwamm die Vie Française »auf den Strömungen und Unterströmungen« der Politik und der Börse,", "notiz": "Maupassant fasst abschliessend die politisch-finanzielle Verflechtung der Zeitung in der Dritten Republik zusammen.", "ort": "Paris, politisch-finanzielles Milieu der Dritten Republik", "valenz": null, "intensitaet": 2, "gewichtete_valenz": null, "f_wert": null, "f_emotion": null, "raum_emotion": null, "route": null}}, {"type": "Feature", "geometry": {"type": "Point", "coordinates": [2.33795, 48.86795]}, "properties": {"id": 93, "zeile": 1, "tags": ["george_duroy", "mood"], "perspektive": "figur", "text": "Duroy befand sich gerade auf dem Höhepunkt seiner Freude über seine Ernennung", "notiz": "Duroy erlebt innerlich intensive Freude über seine neue berufliche Stellung.", "ort": "unbestimmt", "valenz": 1, "intensitaet": 2, "gewichtete_valenz": 2, "f_wert": null, "f_emotion": null, "raum_emotion": null, "route": null}}, {"type": "Feature", "geometry": {"type": "Point", "coordinates": [2.33795, 48.86795]}, "properties": {"id": 94, "zeile": 2, "tags": ["george_duroy", "mood"], "perspektive": "figur", "text": "Diese neue Gunst, die mit der anderen so hübsch zusammentraf, erfüllte ihn mit solcher Freude, daß e", "notiz": "Duroys überschwängliche Freude über die Einladung der Walters manifestiert sich in einer körperlich-emotionalen Geste.", "ort": "unbestimmt", "valenz": 1, "intensitaet": 3, "gewichtete_valenz": 3, "f_wert": null, "f_emotion": null, "raum_emotion": null, "route": null}}, {"type": "Feature", "geometry": {"type": "Point", "coordinates": [2.33795, 48.86795]}, "properties": {"id": 95, "zeile": 3, "tags": ["move"], "perspektive": "erzaehler", "text": "Dann begab er sich zum Kassierer, um die wichtige Gehaltsfrage zu besprechen.", "notiz": "Erzähler beschreibt Duroys Weg zum Kassierer innerhalb der Redaktion.", "ort": "Redaktion La Vie Française, Paris", "valenz": null, "intensitaet": null, "gewichtete_valenz": null, "f_wert": null, "f_emotion": null, "raum_emotion": null, "route": null}}, {"type": "Feature", "geometry": {"type": "Point", "coordinates": [2.33795, 48.86795]}, "properties": {"id": 96, "zeile": 4, "tags": ["social"], "perspektive": "erzaehler", "text": "Der Nachrichtenredakteur erhielt im allgemeinen monatlich eine bestimmte Summe, von der er seine Rep", "notiz": "Erzähler erklärt neutral die finanzielle Struktur der Redaktionsstelle.", "ort": "unbestimmt", "valenz": null, "intensitaet": 1, "gewichtete_valenz": null, "f_wert": null, "f_emotion": null, "raum_emotion": null, "route": null}}, {"type": "Feature", "geometry": {"type": "Point", "coordinates": [2.33795, 48.86795]}, "properties": {"id": 97, "zeile": 5, "tags": ["george_duroy", "social"], "perspektive": "figur", "text": "Für Duroy waren zunächst zwölfhundert Francs monatlich ausgesetzt, und er nahm sich vor, davon einen", "notiz": "Duroy plant innerlich, einen Teil des Budgets für sich zu behalten — soziales Kalkül aus seiner eigenen Perspektive.", "ort": "unbestimmt", "valenz": null, "intensitaet": 1, "gewichtete_valenz": null, "f_wert": null, "f_emotion": null, "raum_emotion": null, "route": null}}, {"type": "Feature", "geometry": {"type": "Point", "coordinates": [2.33795, 48.86795]}, "properties": {"id": 98, "zeile": 6, "tags": ["george_duroy", "social", "mood"], "perspektive": "figur", "text": "Zuerst hegte Duroy tatsächlich die Absicht, an Madame de Marelle die zweihundertundvierzig Francs, d", "notiz": "Duroy wägt innerlich Schulden gegen seinen sozialen Aufstiegsbedarf ab und entscheidet sich für Aufschub.", "ort": "unbestimmt", "valenz": null, "intensitaet": 2, "gewichtete_valenz": null, "f_wert": null, "f_emotion": null, "raum_emotion": null, "route": null}}, {"type": "Feature", "geometry": {"type": "Point", "coordinates": [2.33795, 48.86795]}, "properties": {"id": 99, "zeile": 7, "tags": ["location", "social"], "perspektive": "erzaehler", "text": "Zwei Tage lang beschäftigte er sich mit der Einrichtung, denn er übernahm einen besonderen Tisch neb", "notiz": "Erzähler beschreibt neutral Duroys Einrichtung an seinem neuen Arbeitsplatz im Redaktionssaal.", "ort": "Redaktionssaal La Vie Française, Paris", "valenz": null, "intensitaet": 1, "gewichtete_valenz": null, "f_wert": null, "f_emotion": null, "raum_emotion": null, "route": null}}, {"type": "Feature", "geometry": {"type": "Point", "coordinates": [2.33795, 48.86795]}, "properties": {"id": 100, "zeile": 8, "tags": ["space", "social"], "perspektive": "erzaehler", "text": "Er saß an dem einen Ende des Saales, während Boisrenard mit seinem trotz vorgeschrittener Jahre rabe", "notiz": "Erzähler beschreibt die räumliche Anordnung der Redakteure im Saal von aussen.", "ort": "Redaktionssaal La Vie Française, Paris", "valenz": null, "intensitaet": 1, "gewichtete_valenz": null, "f_wert": null, "f_emotion": null, "raum_emotion": null, "route": null}}, {"type": "Feature", "geometry": {"type": "Point", "coordinates": [2.33795, 48.86795]}, "properties": {"id": 101, "zeile": 9, "tags": ["space", "atmosphere", "social"], "perspektive": "erzaehler", "text": "Der lange Tisch in der Mitte des Saales war für die fliegenden Reporter reserviert. Gewöhnlich dient", "notiz": "Erzähler beschreibt die ungezwungene, lebhafte Atmosphäre des Redaktionssaals von aussen.", "ort": "Redaktionssaal La Vie Française, Paris", "valenz": null, "intensitaet": 2, "gewichtete_valenz": null, "f_wert": "ort_loest_emotion_aus", "f_emotion": "ungezwungene Lebhaftigkeit, kollegiale Lockerheit", "raum_emotion": {"ort": "Redaktionssaal", "emotion": "ungezwungene Lebhaftigkeit, kollegiale Lockerheit", "richtung": "ort_loest_emotion_aus"}, "route": null}}, {"type": "Feature", "geometry": {"type": "Point", "coordinates": [2.33795, 48.86795]}, "properties": {"id": 102, "zeile": 1, "tags": ["george_duroy", "mood"], "perspektive": "figur", "text": "Duroy hatte an diesem Spiel gleichfalls Geschmack gefunden und begann, dank der Anleitung von Saint-", "notiz": "Duroy erlebt innere Befriedigung am Bilboquet-Spiel — subjektive Wahrnehmung seiner eigenen Kompetenz.", "ort": "Redaktion der Vie Française (Paris, näherungsweise)", "valenz": 1, "intensitaet": 2, "gewichtete_valenz": 2, "f_wert": null, "f_emotion": null, "raum_emotion": null, "route": null}}, {"type": "Feature", "geometry": {"type": "Point", "coordinates": [2.33795, 48.86795]}, "properties": {"id": 103, "zeile": 2, "tags": ["social", "material"], "perspektive": "erzaehler", "text": "Forestier, der immer leidender wurde, hatte ihm sein zuletzt gekauftes Bilboquet aus Antillenholz an", "notiz": "Erzähler beschreibt von aussen das materielle Objekt und Forestiers körperlichen Verfall.", "ort": "Redaktion der Vie Française (Paris, näherungsweise)", "valenz": null, "intensitaet": 1, "gewichtete_valenz": null, "f_wert": null, "f_emotion": null, "raum_emotion": null, "route": null}}, {"type": "Feature", "geometry": {"type": "Point", "coordinates": [2.33795, 48.86795]}, "properties": {"id": 104, "zeile": 3, "tags": ["george_duroy", "koerper_als_akteur"], "perspektive": "figur", "text": "Duroy schwang mit kräftiger Hand die große schwarze Kugel am Ende der Schnur, wobei er leise zählte:", "notiz": "Duroy handelt körperlich aktiv und konzentriert — sein Körper als Akteur im Raum.", "ort": "Redaktion der Vie Française (Paris, näherungsweise)", "valenz": null, "intensitaet": null, "gewichtete_valenz": null, "f_wert": null, "f_emotion": null, "raum_emotion": null, "route": null}}, {"type": "Feature", "geometry": {"type": "Point", "coordinates": [2.33795, 48.86795]}, "properties": {"id": 105, "zeile": 4, "tags": ["george_duroy", "mood", "social"], "perspektive": "figur", "text": "Er hatte zum ersten Male zwanzig Treffer hintereinander an dem Tage, wo er bei Madame Walter speisen", "notiz": "Duroy verknüpft sportlichen Erfolg mit sozialem Aufstieg — Selbstwahrnehmung als Zeichen innerer Stimmung.", "ort": "Redaktion der Vie Française (Paris, näherungsweise)", "valenz": 1, "intensitaet": 2, "gewichtete_valenz": 2, "f_wert": "ort_loest_emotion_aus", "f_emotion": "Erfolgsgewissheit, Selbstvertrauen", "raum_emotion": {"ort": "Redaktion", "emotion": "Erfolgsgewissheit, Selbstvertrauen", "richtung": "ort_loest_emotion_aus"}, "route": null}}, {"type": "Feature", "geometry": {"type": "Point", "coordinates": [2.33795, 48.86795]}, "properties": {"id": 106, "zeile": 5, "tags": ["social", "location"], "perspektive": "erzaehler", "text": "denn die Gewandtheit im Fangballspiel verlieh in der Redaktion der Vie Francaise eine Art Vorrang.", "notiz": "Erzähler beschreibt von aussen die soziale Hierarchie in der Redaktion der Vie Française.", "ort": "Redaktion der Vie Française", "valenz": null, "intensitaet": 2, "gewichtete_valenz": null, "f_wert": null, "f_emotion": null, "raum_emotion": null, "route": null}}, {"type": "Feature", "geometry": {"type": "Point", "coordinates": [2.33795, 48.86795]}, "properties": {"id": 107, "zeile": 6, "tags": ["george_duroy", "move", "time"], "perspektive": "figur", "text": "Er verließ zeitig die Redaktion, um sich in Ruhe umkleiden zu können.", "notiz": "Duroy verlässt die Redaktion früh — Zeitplanung mit sozialem Ziel (Abendessen bei Madame Walter).", "ort": "Redaktion der Vie Française (Paris, näherungsweise)", "valenz": null, "intensitaet": null, "gewichtete_valenz": null, "f_wert": null, "f_emotion": null, "raum_emotion": null, "route": null}}, {"type": "Feature", "geometry": {"type": "Point", "coordinates": [2.3237, 48.8793]}, "properties": {"id": 108, "zeile": 7, "tags": ["george_duroy", "move", "location"], "perspektive": "figur", "text": "Während er die Rue de Londres entlangschritt, sah er vor sich plötzlich eine kleine Dame, die ihrer ", "notiz": "Duroy bewegt sich durch die Rue de Londres und nimmt eine Frau wahr, die er für Madame de Marelle hält.", "ort": "Rue de Londres, Paris", "valenz": null, "intensitaet": null, "gewichtete_valenz": null, "f_wert": null, "f_emotion": null, "raum_emotion": null, "route": [[2.3236487, 48.8791963]]}}, {"type": "Feature", "geometry": {"type": "Point", "coordinates": [2.3237, 48.8793]}, "properties": {"id": 109, "zeile": 8, "tags": ["george_duroy", "mood", "koerper_als_akteur"], "perspektive": "figur", "text": "Er fühlte, wie es ihm heiß zu Kopf stieg und sein Herz begann laut zu klopfen.", "notiz": "Duroys körperliche Reaktion — Erregung und Angst bei der vermeintlichen Begegnung mit Madame de Marelle.", "ort": "Rue de Londres, Paris", "valenz": -1, "intensitaet": 2, "gewichtete_valenz": -2, "f_wert": "ort_loest_emotion_aus", "f_emotion": "Aufregung, körperliche Erregung", "raum_emotion": {"ort": "Rue de Londres", "emotion": "Aufregung, körperliche Erregung", "richtung": "ort_loest_emotion_aus"}, "route": null}}, {"type": "Feature", "geometry": {"type": "Point", "coordinates": [2.3237, 48.8793]}, "properties": {"id": 110, "zeile": 9, "tags": ["george_duroy", "move", "mood"], "perspektive": "figur", "text": "Er ging über den Fahrdamm, um sie im Profil sehen zu können. Sie blieb stehen, um gleichfalls hinübe", "notiz": "Duroy manövriert im Stadtraum, um die Frau zu identifizieren — Erleichterung nach Irrtum.", "ort": "Rue de Londres, Paris", "valenz": 1, "intensitaet": 2, "gewichtete_valenz": 2, "f_wert": "ort_loest_emotion_aus", "f_emotion": "Erleichterung", "raum_emotion": {"ort": "Rue de Londres", "emotion": "Erleichterung", "richtung": "ort_loest_emotion_aus"}, "route": [[2.3236487, 48.8791963], [2.3234781, 48.8792563], [2.3230714, 48.8791822], [2.3229867, 48.8790699], [2.3220657, 48.8793528], [2.3220497, 48.8793285], [2.3218189, 48.8793471], [2.3216905, 48.8794257], [2.3196232, 48.8793317], [2.3186129, 48.8792758], [2.3184885, 48.8793753], [2.3184204, 48.8794339], [2.3182857, 48.8795643]]}}, {"type": "Feature", "geometry": {"type": "Point", "coordinates": [2.3237, 48.8793]}, "properties": {"id": 111, "zeile": 10, "tags": ["george_duroy", "mood", "social"], "perspektive": "figur", "text": "Schon oft hatte er sich die Frage vorgelegt, wie er sich benehmen sollte, wenn er ihr begegnete? Sol", "notiz": "Duroy grübelt innerlich über die soziale Strategie einer möglichen Begegnung mit Madame de Marelle.", "ort": "Rue de Londres, Paris", "valenz": -1, "intensitaet": 2, "gewichtete_valenz": -2, "f_wert": null, "f_emotion": null, "raum_emotion": null, "route": null}}, {"type": "Feature", "geometry": {"type": "Point", "coordinates": [2.3237, 48.8793]}, "properties": {"id": 112, "zeile": 11, "tags": ["weather", "atmosphere", "space"], "perspektive": "erzaehler", "text": "Es war kalt; in den Rinnsteinen war das Wasser gefroren. Die Trottoire lagen grau und trocken im Lat", "notiz": "Erzähler beschreibt die winterliche Stadtkulisse auf der Rue de Londres — neutral, von aussen.", "ort": "Rue de Londres, Paris", "valenz": -1, "intensitaet": 2, "gewichtete_valenz": -2, "f_wert": null, "f_emotion": null, "raum_emotion": null, "route": null}}, {"type": "Feature", "geometry": {"type": "Point", "coordinates": [2.3211, 48.87945]}, "properties": {"id": 113, "zeile": 12, "tags": ["george_duroy", "move", "social", "mood", "location_erinnerung"], "perspektive": "figur", "text": "Als der junge Mann nach Hause kam, sagte er sich: »Ich muß eine neue Wohnung haben. Mit der geht es ", "notiz": "Duroy kehrt heim und reflektiert seinen sozialen Aufstiegswunsch — die Wohnung wird zum Symbol seiner gegenwärtigen Unzulänglichkeit.", "ort": "Duroys Wohnung (Paris, genaue Adresse unbekannt)", "valenz": -1, "intensitaet": 2, "gewichtete_valenz": -2, "f_wert": "ort_loest_emotion_aus", "f_emotion": "Unzufriedenheit, sozialer Ehrgeiz", "raum_emotion": {"ort": "Duroys Wohnung", "emotion": "Unzufriedenheit, sozialer Ehrgeiz", "richtung": "ort_loest_emotion_aus"}, "route": null}}, {"type": "Feature", "geometry": {"type": "Point", "coordinates": [2.3211, 48.87945]}, "properties": {"id": 114, "zeile": 13, "tags": ["george_duroy", "mood"], "perspektive": "figur", "text": "Er fühlte sich nervös und lustig.", "notiz": "Duroy erlebt eine ambivalente innere Stimmung — Anspannung und Hochstimmung vor dem Abendessen bei Madame Walter.", "ort": "Duroys Wohnung (Paris, genaue Adresse unbekannt)", "valenz": 1, "intensitaet": 1, "gewichtete_valenz": 1, "f_wert": null, "f_emotion": null, "raum_emotion": null, "route": null}}, {"type": "Feature", "geometry": {"type": "Point", "coordinates": [2.3211, 48.87945]}, "properties": {"id": 115, "zeile": 1, "tags": ["george_duroy", "mood", "move"], "perspektive": "figur", "text": "Er wäre imstande gewesen, über die Dächer zu klettern, und er wiederholte immer laut vor sich hin, i", "notiz": "Duroy ist euphorisch und bewegt sich aufgeregt durch sein Zimmer — starke Glücksstimmung.", "ort": "Duroys Zimmer (nicht genau verortet)", "valenz": 1, "intensitaet": 3, "gewichtete_valenz": 3, "f_wert": "emotion_faerbt_raum", "f_emotion": "Euphorie, Aufgeregtheit", "raum_emotion": {"ort": "Duroys Zimmer", "emotion": "Euphorie, Aufgeregtheit", "richtung": "emotion_faerbt_raum"}, "route": null}}, {"type": "Feature", "geometry": {"type": "Point", "coordinates": [2.3211, 48.87945]}, "properties": {"id": 116, "zeile": 2, "tags": ["location_erinnerung"], "perspektive": "erzaehler", "text": "Von Zeit zu Zeit hatte er nach Hause geschrieben, und diese Briefe brachten immer Freude in das klei", "notiz": "Erzähler beschreibt das Elternhaus der Duroys in der Normandie mit Blick auf Rouen und die Seine.", "ort": "Normannisches Wirtshaus bei Rouen, Tal der Seine", "valenz": null, "intensitaet": 1, "gewichtete_valenz": null, "f_wert": null, "f_emotion": null, "raum_emotion": null, "route": null}}, {"type": "Feature", "geometry": {"type": "Point", "coordinates": [2.3211, 48.87945]}, "properties": {"id": 117, "zeile": 3, "tags": ["george_duroy", "mood"], "perspektive": "figur", "text": "Von Zeit zu Zeit erhielt er auch ein blaues Briefchen, dessen Adresse mit zitternder Hand geschriebe", "notiz": "Duroy erinnert sich an die regelmäßigen Briefe seiner Eltern — inneres Erleben einer familiären Verbindung.", "ort": "Duroys Zimmer (nicht genau verortet)", "valenz": 1, "intensitaet": 2, "gewichtete_valenz": 2, "f_wert": null, "f_emotion": null, "raum_emotion": null, "route": null}}, {"type": "Feature", "geometry": {"type": "Point", "coordinates": [2.3211, 48.87945]}, "properties": {"id": 118, "zeile": 6, "tags": ["george_duroy", "mood", "location_erinnerung"], "perspektive": "figur", "text": "Und im Innern seines Herzens bewahrte er Interesse für die Ereignisse, welche in seinem Dorf vorkame", "notiz": "Duroy empfindet emotionale Verbundenheit mit seinem Herkunftsdorf und dem ländlichen Leben — persönliche Erinnerung.", "ort": "Heimatdorf Duroys in der Normandie", "valenz": 1, "intensitaet": 2, "gewichtete_valenz": 2, "f_wert": "ort_loest_emotion_aus", "f_emotion": "Verbundenheit, Nostalgie", "raum_emotion": {"ort": "Heimatdorf Normandie", "emotion": "Verbundenheit, Nostalgie", "richtung": "ort_loest_emotion_aus"}, "route": null}}, {"type": "Feature", "geometry": {"type": "Point", "coordinates": [2.3211, 48.87945]}, "properties": {"id": 119, "zeile": 7, "tags": ["george_duroy", "mood"], "perspektive": "figur", "text": "»Ich muß morgen an Papa schreiben. Wie hätte sich der Alte gefreut, wenn er mich heute abend sähe!«", "notiz": "Duroy denkt an seinen Vater und empfindet Stolz und Verbundenheit angesichts seines aufsteigenden Glücks.", "ort": "Duroys Zimmer (nicht genau verortet)", "valenz": 1, "intensitaet": 2, "gewichtete_valenz": 2, "f_wert": null, "f_emotion": null, "raum_emotion": null, "route": null}}, {"type": "Feature", "geometry": {"type": "Point", "coordinates": [2.3211, 48.87945]}, "properties": {"id": 120, "zeile": 8, "tags": ["george_duroy", "location_erinnerung", "material", "atmosphere"], "perspektive": "figur", "text": "Und plötzlich stand vor seinen Augen die kleine, verräucherte Küche seines Elternhauses hinter der l", "notiz": "Duroy hat eine lebhafte innere Vision der Küche seines Elternhauses — sensorische Erinnerung an Kindheit und Herkunft.", "ort": "Küche des Elternhauses in der Normandie", "valenz": 1, "intensitaet": 3, "gewichtete_valenz": 3, "f_wert": "ort_loest_emotion_aus", "f_emotion": "Nostalgie, Geborgenheit", "raum_emotion": {"ort": "Elternhaus Normandie", "emotion": "Nostalgie, Geborgenheit", "richtung": "ort_loest_emotion_aus"}, "route": null}}, {"type": "Feature", "geometry": {"type": "Point", "coordinates": [2.3211, 48.87945]}, "properties": {"id": 121, "zeile": 9, "tags": ["george_duroy", "location_erinnerung", "mood"], "perspektive": "figur", "text": "Er sah auch den Mann und die Frau, seinen Vater und seine Mutter; die beiden alten Bauern mit langsa", "notiz": "Duroy erinnert sich detailreich an seine Eltern — innige, nostalgische Erinnerung.", "ort": "Elternhaus in der Normandie", "valenz": 1, "intensitaet": 2, "gewichtete_valenz": 2, "f_wert": "ort_loest_emotion_aus", "f_emotion": "Zuneigung, Nostalgie", "raum_emotion": {"ort": "Elternhaus Normandie", "emotion": "Zuneigung, Nostalgie", "richtung": "ort_loest_emotion_aus"}, "route": null}}, {"type": "Feature", "geometry": {"type": "Point", "coordinates": [2.3211, 48.87945]}, "properties": {"id": 122, "zeile": 10, "tags": ["george_duroy", "mood", "location_erinnerung"], "perspektive": "figur", "text": "»Ich muß sie doch mal wieder besuchen!« dachte er.", "notiz": "Duroy fasst den inneren Entschluss, seine Eltern zu besuchen — Ausdruck von Heimweh und Zuneigung.", "ort": "Elternhaus in der Normandie", "valenz": 1, "intensitaet": 1, "gewichtete_valenz": 1, "f_wert": "ort_loest_emotion_aus", "f_emotion": "Sehnsucht, Verbundenheit", "raum_emotion": {"ort": "Elternhaus Normandie", "emotion": "Sehnsucht, Verbundenheit", "richtung": "ort_loest_emotion_aus"}, "route": null}}, {"type": "Feature", "geometry": {"type": "Point", "coordinates": [2.3211, 48.87945]}, "properties": {"id": 123, "zeile": 11, "tags": ["george_duroy", "move"], "perspektive": "figur", "text": "Als er mit seiner Toilette fertig war, blies er das Licht aus und ging hinunter.", "notiz": "Duroy beendet seine Vorbereitung und verlässt sein Zimmer — Bewegung nach unten, Aufbruch.", "ort": "Duroys Zimmer / Treppenhaus (nicht genau verortet)", "valenz": null, "intensitaet": null, "gewichtete_valenz": null, "f_wert": null, "f_emotion": null, "raum_emotion": null, "route": null}}, {"type": "Feature", "geometry": {"type": "Point", "coordinates": [2.3211, 48.87945]}, "properties": {"id": 124, "zeile": 12, "tags": ["location", "social", "atmosphere"], "perspektive": "erzaehler", "text": "Auf dem Boulevard versuchten ein paar Dirnen ihn anzureden.", "notiz": "Erzähler beschreibt die soziale Atmosphäre des Boulevards mit Prostituierten — urbane Kulisse von aussen.", "ort": "Boulevard (nicht näher bestimmt, Paris)", "valenz": null, "intensitaet": 2, "gewichtete_valenz": null, "f_wert": null, "f_emotion": null, "raum_emotion": null, "route": null}}, {"type": "Feature", "geometry": {"type": "Point", "coordinates": [2.3211, 48.87945]}, "properties": {"id": 125, "zeile": 1, "tags": ["george_duroy", "mood", "social"], "perspektive": "figur", "text": "Für wen hielten sie ihn? Konnten sie denn die Männer nicht unterscheiden? In seinem Frack, den er an", "notiz": "Duroy empfindet sich durch seine Kleidung als gesellschaftlich aufgestiegen — inneres Erleben sozialer Identität.", "ort": "unspezifisch", "valenz": 1, "intensitaet": 2, "gewichtete_valenz": 2, "f_wert": null, "f_emotion": null, "raum_emotion": null, "route": null}}, {"type": "Feature", "geometry": {"type": "Point", "coordinates": [2.3211, 48.87945]}, "properties": {"id": 126, "zeile": 2, "tags": ["george_duroy", "move", "space", "mood"], "perspektive": "figur", "text": "Mit ruhiger Sicherheit betrat er das Vorzimmer, das von hohen Bronzekandelabern erleuchtet war, und ", "notiz": "Duroy betritt das Vorzimmer mit selbstsicherer Haltung — seine innere Verfassung bestimmt seine Bewegung im Raum.", "ort": "Vorzimmer der Wohnung Walter", "valenz": null, "intensitaet": null, "gewichtete_valenz": null, "f_wert": "emotion_faerbt_raum", "f_emotion": "ruhige Sicherheit, neues Selbstbewusstsein", "raum_emotion": {"ort": "Vorzimmer", "emotion": "ruhige Sicherheit, neues Selbstbewusstsein", "richtung": "emotion_faerbt_raum"}, "route": null}}, {"type": "Feature", "geometry": {"type": "Point", "coordinates": [2.3211, 48.87945]}, "properties": {"id": 127, "zeile": 3, "tags": ["space", "material", "social"], "perspektive": "erzaehler", "text": "das von hohen Bronzekandelabern erleuchtet war", "notiz": "Maupassant beschreibt das Vorzimmer durch seine luxuriöse Ausstattung als Zeichen sozialen Reichtums.", "ort": "Vorzimmer der Wohnung Walter", "valenz": null, "intensitaet": 2, "gewichtete_valenz": null, "f_wert": null, "f_emotion": null, "raum_emotion": null, "route": null}}, {"type": "Feature", "geometry": {"type": "Point", "coordinates": [2.3211, 48.87945]}, "properties": {"id": 128, "zeile": 4, "tags": ["space", "atmosphere", "location"], "perspektive": "erzaehler", "text": "Alle Räume waren hell erleuchtet. Frau Walter empfing ihre Gäste in dem zweiten und größten Zimmer.", "notiz": "Maupassant beschreibt die festliche Atmosphäre der Walterschen Wohnung von aussen.", "ort": "Wohnung Walter, Paris", "valenz": null, "intensitaet": 2, "gewichtete_valenz": null, "f_wert": "ort_loest_emotion_aus", "f_emotion": "festliche, repräsentative Atmosphäre", "raum_emotion": {"ort": "Salon der Wohnung Walter", "emotion": "festliche, repräsentative Atmosphäre", "richtung": "ort_loest_emotion_aus"}, "route": null}}, {"type": "Feature", "geometry": {"type": "Point", "coordinates": [2.3211, 48.87945]}, "properties": {"id": 129, "zeile": 5, "tags": ["historical", "social"], "perspektive": "erzaehler", "text": "Es waren die Abgeordneten Firmin und Laroche-Mathieu, die heimlichen Mitredakteure der Vie Française", "notiz": "Maupassant verortet die Figuren im politischen System der Dritten Republik — parlamentarische Einflussnahme und Presseverflechtung.", "ort": "unspezifisch", "valenz": null, "intensitaet": 2, "gewichtete_valenz": null, "f_wert": null, "f_emotion": null, "raum_emotion": null, "route": null}}, {"type": "Feature", "geometry": {"type": "Point", "coordinates": [2.3211, 48.87945]}, "properties": {"id": 130, "zeile": 6, "tags": ["george_duroy", "mood", "social"], "perspektive": "figur", "text": "Duroy sah mit Erstaunen, wie intim sie mit den beiden Abgeordneten war.", "notiz": "Duroy nimmt Madame Forestiers gesellschaftliche Vertrautheit mit den Abgeordneten erstaunt wahr.", "ort": "Salon der Wohnung Walter", "valenz": 0, "intensitaet": 1, "gewichtete_valenz": 0, "f_wert": null, "f_emotion": null, "raum_emotion": null, "route": null}}, {"type": "Feature", "geometry": {"type": "Point", "coordinates": [2.3211, 48.87945]}, "properties": {"id": 131, "zeile": 7, "tags": ["social", "time"], "perspektive": "erzaehler", "text": "Charles sah sehr verändert und mitgenommen aus. Er war seit einem Monat beträchtlich abgemagert und ", "notiz": "Maupassant schildert Charles Forestiers körperlichen Verfall von aussen als erzählerische Beobachtung.", "ort": "Salon der Wohnung Walter", "valenz": null, "intensitaet": 2, "gewichtete_valenz": null, "f_wert": null, "f_emotion": null, "raum_emotion": null, "route": null}}, {"type": "Feature", "geometry": {"type": "Point", "coordinates": [2.3211, 48.87945]}, "properties": {"id": 132, "zeile": 8, "tags": ["space", "atmosphere"], "perspektive": "erzaehler", "text": "Dann öffnete sich eine Tür im Hintergrunde des Saales und Herr Walter erschien mit zwei jungen Mädch", "notiz": "Maupassant beschreibt das Erscheinen Walters und seiner Töchter durch eine Tür im Hintergrund des Saals — neutrale Erzählerperspektive.", "ort": "Salon der Wohnung Walter", "valenz": null, "intensitaet": 1, "gewichtete_valenz": null, "f_wert": null, "f_emotion": null, "raum_emotion": null, "route": null}}, {"type": "Feature", "geometry": {"type": "Point", "coordinates": [2.3211, 48.87945]}, "properties": {"id": 133, "zeile": 9, "tags": ["george_duroy", "mood"], "perspektive": "figur", "text": "Duroy wußte zwar, daß sein Chef Familienvater war; trotzdem war er sehr erstaunt.", "notiz": "Duroy empfindet Erstaunen über Walters Familienrolle — innerer Zustand der Überraschung.", "ort": "Salon der Wohnung Walter", "valenz": 0, "intensitaet": 1, "gewichtete_valenz": 0, "f_wert": null, "f_emotion": null, "raum_emotion": null, "route": null}}, {"type": "Feature", "geometry": {"type": "Point", "coordinates": [2.3211, 48.87945]}, "properties": {"id": 134, "zeile": 1, "tags": ["george_duroy", "location_erinnerung", "mood"], "perspektive": "figur", "text": "An die Töchter seines Vorgesetzten hatte er nur wie an weit entlegene Länder gedacht, die man niemal", "notiz": "Duroy erinnert sich, wie er sich die Töchter seines Vorgesetzten vorgestellt hatte — eine innere Verortung in imaginären, fernen Ländern.", "ort": "imaginierte ferne Länder", "valenz": 0, "intensitaet": 1, "gewichtete_valenz": 0, "f_wert": "emotion_faerbt_raum", "f_emotion": "Distanz, Unvorstellbarkeit", "raum_emotion": {"ort": "imaginierte ferne Länder", "emotion": "Distanz, Unvorstellbarkeit", "richtung": "emotion_faerbt_raum"}, "route": null}}, {"type": "Feature", "geometry": {"type": "Point", "coordinates": [2.3211, 48.87945]}, "properties": {"id": 135, "zeile": 2, "tags": ["george_duroy", "mood"], "perspektive": "figur", "text": "Bei diesem Anblick wurde er innerlich etwas verlegen, eine Verlegenheit, die man beim Umlernen empfi", "notiz": "Duroy erlebt beim Anblick der fast erwachsenen Töchter eine innere Verlegenheit.", "ort": "Salon bei Walter", "valenz": -1, "intensitaet": 1, "gewichtete_valenz": -1, "f_wert": "ort_loest_emotion_aus", "f_emotion": "Verlegenheit, Überraschung", "raum_emotion": {"ort": "Salon bei Walter", "emotion": "Verlegenheit, Überraschung", "richtung": "ort_loest_emotion_aus"}, "route": null}}, {"type": "Feature", "geometry": {"type": "Point", "coordinates": [2.3211, 48.87945]}, "properties": {"id": 136, "zeile": 3, "tags": ["social", "material"], "perspektive": "erzaehler", "text": "Sie wurden ihm vorgestellt, reichten ihm die Hand und setzten sich dann an einen kleinen Tisch, der ", "notiz": "Maupassant beschreibt von aussen das gesellschaftliche Ritual der Vorstellung und das Handarbeitskorb-Detail als sozialen Marker des bürgerlichen Salons.", "ort": "Salon bei Walter", "valenz": null, "intensitaet": 1, "gewichtete_valenz": null, "f_wert": null, "f_emotion": null, "raum_emotion": null, "route": null}}, {"type": "Feature", "geometry": {"type": "Point", "coordinates": [2.3211, 48.87945]}, "properties": {"id": 137, "zeile": 4, "tags": ["atmosphere", "social", "space"], "perspektive": "erzaehler", "text": "Man erwartete noch jemand, und die Gäste standen schweigend in kleinen Gruppen herum, in jener ungem", "notiz": "Maupassant beschreibt von aussen die soziale Atmosphäre des Wartens vor dem Essen — ungemütlich, heterogen, schwebend.", "ort": "Salon bei Walter", "valenz": -1, "intensitaet": 2, "gewichtete_valenz": -2, "f_wert": "ort_loest_emotion_aus", "f_emotion": "Ungemütlichkeit, soziale Spannung", "raum_emotion": {"ort": "Salon bei Walter", "emotion": "Ungemütlichkeit, soziale Spannung", "richtung": "ort_loest_emotion_aus"}, "route": null}}, {"type": "Feature", "geometry": {"type": "Point", "coordinates": [2.3211, 48.87945]}, "properties": {"id": 138, "zeile": 5, "tags": ["george_duroy", "mood", "koerper_als_akteur"], "perspektive": "figur", "text": "Duroy hatte, weil er sonst nicht wußte, was er tun sollte, seine Augen auf die Wand gerichtet.", "notiz": "Duroy richtet seinen Blick auf die Wand — eine körperliche Reaktion auf soziale Unsicherheit und Verlegenheit.", "ort": "Salon bei Walter", "valenz": null, "intensitaet": null, "gewichtete_valenz": null, "f_wert": "ort_loest_emotion_aus", "f_emotion": "Unbehagen, soziale Unsicherheit", "raum_emotion": {"ort": "Salon bei Walter", "emotion": "Unbehagen, soziale Unsicherheit", "richtung": "ort_loest_emotion_aus"}, "route": null}}, {"type": "Feature", "geometry": {"type": "Point", "coordinates": [2.3211, 48.87945]}, "properties": {"id": 140, "zeile": 7, "tags": ["material", "social"], "perspektive": "erzaehler", "text": "Es waren vier Gemälde: »Ein Besuch im Krankenhause« von Gervex, »Eine Schnitterin« von Bastien Lepag", "notiz": "Maupassant listet die Gemälde der 'großen Kunst' im Salon Walters auf — als Zeichen bürgerlichen Kunstgeschmacks und sozialen Prestiges.", "ort": "Salon bei Walter", "valenz": null, "intensitaet": 1, "gewichtete_valenz": null, "f_wert": null, "f_emotion": null, "raum_emotion": null, "route": null}}, {"type": "Feature", "geometry": {"type": "Point", "coordinates": [2.3211, 48.87945]}, "properties": {"id": 141, "zeile": 1, "tags": ["historical", "material"], "perspektive": "erzaehler", "text": "Dieses letzte Bild stellte einen Priester aus Vendée dar, der von einem Trupp Soldaten an der Mauer ", "notiz": "Maupassant beschreibt ein Gemälde mit historisch-politischem Inhalt (Vendée-Aufstand) aus der Erzählerperspektive.", "ort": "Vendée (historischer Bezug im Gemälde)", "valenz": null, "intensitaet": 2, "gewichtete_valenz": null, "f_wert": null, "f_emotion": null, "raum_emotion": null, "route": null}}, {"type": "Feature", "geometry": {"type": "Point", "coordinates": [2.3211, 48.87945]}, "properties": {"id": 142, "zeile": 3, "tags": ["material", "social"], "perspektive": "erzaehler", "text": "Man sah zunächst ein kleines Bild von Jean Béraud, das hieß: »Oben und unten.« Es stellte eine hübsc", "notiz": "Maupassant beschreibt ein humoristisches Gemälde mit Pariser Alltagsszene von aussen.", "ort": "Gemälde: Omnibus in Paris (bildimmanent)", "valenz": null, "intensitaet": 1, "gewichtete_valenz": null, "f_wert": null, "f_emotion": null, "raum_emotion": null, "route": null}}, {"type": "Feature", "geometry": {"type": "Point", "coordinates": [2.3211, 48.87945]}, "properties": {"id": 143, "zeile": 10, "tags": ["material"], "perspektive": "erzaehler", "text": "Mitten auf einem abgedeckten Tisch saß ein junger Kater und beobachtete gespannt und erstaunt eine F", "notiz": "Maupassant beschreibt ein weiteres humoristisches Gemälde ('Die Rettung' von Lambert) aus der Erzählerperspektive.", "ort": "Kunstsalon bei Herrn Walter (innen)", "valenz": null, "intensitaet": 1, "gewichtete_valenz": null, "f_wert": null, "f_emotion": null, "raum_emotion": null, "route": null}}, {"type": "Feature", "geometry": {"type": "Point", "coordinates": [2.3211, 48.87945]}, "properties": {"id": 144, "zeile": 15, "tags": ["material"], "perspektive": "erzaehler", "text": "Das Bild stellte einen Soldaten in der Kaserne dar, der einen Pudel im Trommeln unterrichtete.", "notiz": "Maupassant beschreibt ein Gemälde von Detaille aus der Erzählerperspektive.", "ort": "Kunstsalon bei Herrn Walter (innen)", "valenz": null, "intensitaet": 1, "gewichtete_valenz": null, "f_wert": null, "f_emotion": null, "raum_emotion": null, "route": null}}, {"type": "Feature", "geometry": {"type": "Point", "coordinates": [2.3211, 48.87945]}, "properties": {"id": 145, "zeile": 17, "tags": ["george_duroy", "mood"], "perspektive": "figur", "text": "Duroy war begeistert und lachte zustimmend: »Wie entzückend! Wie entzückend! Wie entzü ...«", "notiz": "Duroy erlebt Begeisterung beim Betrachten der Gemäldesammlung — innerer Gefühlszustand.", "ort": "Kunstsalon bei Herrn Walter (innen)", "valenz": null, "intensitaet": null, "gewichtete_valenz": null, "f_wert": "ort_loest_emotion_aus", "f_emotion": "Begeisterung, Enthusiasmus", "raum_emotion": {"ort": "Kunstsalon Herrn Walters", "emotion": "Begeisterung, Enthusiasmus", "richtung": "ort_loest_emotion_aus"}, "route": null}}, {"type": "Feature", "geometry": {"type": "Point", "coordinates": [2.3211, 48.87945]}, "properties": {"id": 146, "zeile": 19, "tags": ["george_duroy", "sound", "mood"], "perspektive": "figur", "text": "Plötzlich hielt er inne; er hörte hinter sich die Stimme von Madame de Marelle, die soeben gekommen ", "notiz": "Duroy nimmt akustisch und emotional die Ankunft von Madame de Marelle wahr — abrupter Stimmungsbruch.", "ort": "Kunstsalon bei Herrn Walter (innen)", "valenz": null, "intensitaet": null, "gewichtete_valenz": null, "f_wert": "ort_loest_emotion_aus", "f_emotion": "Überraschung, Stocken", "raum_emotion": {"ort": "Kunstsalon Herrn Walters", "emotion": "Überraschung, Stocken", "richtung": "ort_loest_emotion_aus"}, "route": null}}, {"type": "Feature", "geometry": {"type": "Point", "coordinates": [2.3211, 48.87945]}, "properties": {"id": 147, "zeile": 22, "tags": ["space", "social"], "perspektive": "erzaehler", "text": "Ich habe noch welche in den anderen Räumen, aber es sind Bilder von Künstlern, die noch nicht berühm", "notiz": "Maupassant beschreibt durch die Rede Walters den Kunstsalon als sozialen Repräsentationsraum von aussen.", "ort": "Kunstsalon bei Herrn Walter (innen)", "valenz": null, "intensitaet": 1, "gewichtete_valenz": null, "f_wert": null, "f_emotion": null, "raum_emotion": null, "route": null}}, {"type": "Feature", "geometry": {"type": "Point", "coordinates": [2.3211, 48.87945]}, "properties": {"id": 148, "zeile": 1, "tags": ["george_duroy", "mood"], "perspektive": "figur", "text": "Doch Duroy sah nichts mehr und hörte zu, ohne ein Wort zu verstehen.", "notiz": "Duroy ist so aufgewühlt, dass er seiner Wahrnehmung nicht mehr folgen kann — innere Abwesenheit.", "ort": "Innenraum, Privatwohnung (Forestiers oder ähnlich)", "valenz": null, "intensitaet": null, "gewichtete_valenz": null, "f_wert": null, "f_emotion": null, "raum_emotion": null, "route": null}}, {"type": "Feature", "geometry": {"type": "Point", "coordinates": [2.3211, 48.87945]}, "properties": {"id": 149, "zeile": 2, "tags": ["george_duroy", "mood", "social"], "perspektive": "figur", "text": "Madame de Marelle war da und stand hinter ihm. Was sollte er tun? Wenn er sie grüßte, würde sie ihm ", "notiz": "Duroy erlebt die Anwesenheit von Madame de Marelle als soziale Bedrohung und grübelt über Handlungsoptionen nach.", "ort": "Innenraum, Privatwohnung (Gesellschaftsabend)", "valenz": null, "intensitaet": null, "gewichtete_valenz": null, "f_wert": "ort_loest_emotion_aus", "f_emotion": "Angst vor sozialer Blamage", "raum_emotion": {"ort": "Gesellschaftsraum", "emotion": "Angst vor sozialer Blamage", "richtung": "ort_loest_emotion_aus"}, "route": null}}, {"type": "Feature", "geometry": {"type": "Point", "coordinates": [2.3211, 48.87945]}, "properties": {"id": 150, "zeile": 3, "tags": ["george_duroy", "mood", "time"], "perspektive": "figur", "text": "»Ich will jedenfalls Zeit gewinnen«, dachte er.", "notiz": "Duroy erlebt Zeit als emotionale Ressource — er versucht, durch Verzögerung die unangenehme Konfrontation hinauszuschieben.", "ort": "Innenraum, Gesellschaftsabend", "valenz": null, "intensitaet": null, "gewichtete_valenz": null, "f_wert": "ort_loest_emotion_aus", "f_emotion": "Aufruhr, Verzögerungstaktik", "raum_emotion": {"ort": "Gesellschaftsraum", "emotion": "Aufruhr, Verzögerungstaktik", "richtung": "ort_loest_emotion_aus"}, "route": null}}, {"type": "Feature", "geometry": {"type": "Point", "coordinates": [2.3211, 48.87945]}, "properties": {"id": 151, "zeile": 4, "tags": ["george_duroy", "mood"], "perspektive": "figur", "text": "Er war so aufgeregt, daß er einen Augenblick daran dachte, irgendeinen Vorwand zu finden, um weggehe", "notiz": "Duroys innere Aufregung ist so stark, dass er an Flucht denkt.", "ort": "Innenraum, Gesellschaftsabend", "valenz": -1, "intensitaet": 2, "gewichtete_valenz": -2, "f_wert": "ort_loest_emotion_aus", "f_emotion": "Aufregung, Fluchtimpuls", "raum_emotion": {"ort": "Gesellschaftsraum", "emotion": "Aufregung, Fluchtimpuls", "richtung": "ort_loest_emotion_aus"}, "route": null}}, {"type": "Feature", "geometry": {"type": "Point", "coordinates": [2.3211, 48.87945]}, "properties": {"id": 152, "zeile": 5, "tags": ["atmosphere", "social"], "perspektive": "erzaehler", "text": "Die Gemäldebesichtigung war zu Ende. Der Chef stellte die Lampe hin und begrüßte die Neuangekommene,", "notiz": "Maupassant beschreibt von aussen die Szene des Gesellschaftsabends und Duroys gespieltes Interesse an den Bildern.", "ort": "Innenraum, Privatwohnung (Gesellschaftsabend)", "valenz": null, "intensitaet": 1, "gewichtete_valenz": null, "f_wert": null, "f_emotion": null, "raum_emotion": null, "route": null}}, {"type": "Feature", "geometry": {"type": "Point", "coordinates": [2.3211, 48.87945]}, "properties": {"id": 153, "zeile": 6, "tags": ["george_duroy", "mood", "sound"], "perspektive": "figur", "text": "In seinem Kopf herrschte ein vollkommenes Durcheinander. Was sollte er nun tun? Er hörte hinter sich", "notiz": "Duroys inneres Chaos spiegelt sich in seiner fragmentierten akustischen Wahrnehmung der Stimmen um ihn herum.", "ort": "Innenraum, Gesellschaftsabend", "valenz": -1, "intensitaet": 2, "gewichtete_valenz": -2, "f_wert": "ort_loest_emotion_aus", "f_emotion": "Verwirrung, Überwältigung", "raum_emotion": {"ort": "Gesellschaftsraum", "emotion": "Verwirrung, Überwältigung", "richtung": "ort_loest_emotion_aus"}, "route": null}}, {"type": "Feature", "geometry": {"type": "Point", "coordinates": [2.3211, 48.87945]}, "properties": {"id": 154, "zeile": 7, "tags": ["george_duroy", "mood", "space"], "perspektive": "figur", "text": "Madame de Marelle stand jetzt ganz in seiner Nähe. Er wagte nicht mehr, sich umzudrehen und wieder f", "notiz": "Die räumliche Nähe zu Madame de Marelle steigert Duroys innere Not bis zum Gefühl des Wahnsinns.", "ort": "Innenraum, Gesellschaftsabend", "valenz": -1, "intensitaet": 3, "gewichtete_valenz": -3, "f_wert": "ort_loest_emotion_aus", "f_emotion": "Panik, Orientierungsverlust", "raum_emotion": {"ort": "Gesellschaftsraum", "emotion": "Panik, Orientierungsverlust", "richtung": "ort_loest_emotion_aus"}, "route": null}}, {"type": "Feature", "geometry": {"type": "Point", "coordinates": [2.3211, 48.87945]}, "properties": {"id": 155, "zeile": 8, "tags": ["george_duroy", "mood", "koerper_als_akteur"], "perspektive": "figur", "text": "Hastig drehte er sich herum; sie stand vor ihm, lächelnd, mit frohem, liebestrahlendem Gesichtsausdr", "notiz": "Duroys zitternde Körperreaktion und sein Misstrauen zeigen die emotionale Belastung beim Wiedersehen mit Madame de Marelle.", "ort": "Innenraum, Gesellschaftsabend", "valenz": -1, "intensitaet": 2, "gewichtete_valenz": -2, "f_wert": "koerper_als_sensor", "f_emotion": "Misstrauen, Anspannung, körperliches Zittern", "raum_emotion": {"ort": "Gesellschaftsraum", "emotion": "Misstrauen, Anspannung, körperliches Zittern", "richtung": "koerper_als_sensor"}, "route": null}}, {"type": "Feature", "geometry": {"type": "Point", "coordinates": [2.3211, 48.87945]}, "properties": {"id": 156, "zeile": 1, "tags": ["george_duroy", "mood"], "perspektive": "figur", "text": "Er hatte seine Fassung noch nicht wiedergewonnen und stammelte:", "notiz": "Duroy erlebt innerlich Verwirrung und mangelnde Selbstkontrolle in der Begegnung.", "ort": "Salon (Wohnung Forestier/Walter, Paris)", "valenz": -1, "intensitaet": 1, "gewichtete_valenz": -1, "f_wert": null, "f_emotion": null, "raum_emotion": null, "route": null}}, {"type": "Feature", "geometry": {"type": "Point", "coordinates": [2.3211, 48.87945]}, "properties": {"id": 157, "zeile": 6, "tags": ["george_duroy", "mood"], "perspektive": "figur", "text": "Sie sah ihm ins Gesicht. In ihrem Blick konnte er nichts anderes entdecken als Wohlwollen und Zuneig", "notiz": "Duroy nimmt den Blick der Frau Forestier aktiv wahr und deutet ihn emotional.", "ort": "Salon (Paris)", "valenz": 1, "intensitaet": 2, "gewichtete_valenz": 2, "f_wert": null, "f_emotion": null, "raum_emotion": null, "route": null}}, {"type": "Feature", "geometry": {"type": "Point", "coordinates": [2.3211, 48.87945]}, "properties": {"id": 158, "zeile": 10, "tags": ["social", "koerper_als_akteur"], "perspektive": "erzaehler", "text": "Sie wurden getrennt durch den Eintritt einer dicken, dekolletierten Dame mit roten Armen und roten W", "notiz": "Maupassant beschreibt die Vicomtesse von aussen als sozial auffällige, körperlich dominante Erscheinung.", "ort": "Salon (Paris)", "valenz": null, "intensitaet": 2, "gewichtete_valenz": null, "f_wert": null, "f_emotion": null, "raum_emotion": null, "route": null}}, {"type": "Feature", "geometry": {"type": "Point", "coordinates": [2.3211, 48.87945]}, "properties": {"id": 159, "zeile": 13, "tags": ["george_duroy", "mood"], "perspektive": "figur", "text": "Er war starr und hätte am liebsten laut aufgelacht: »Samtpfötchen! Das sollen Samtpfötchen sein! Und", "notiz": "Duroy reagiert mit unterdrückter Belustigung und innerer Überraschung auf die Diskrepanz zwischen Pseudonym und realer Person.", "ort": "Salon (Paris)", "valenz": 1, "intensitaet": 2, "gewichtete_valenz": 2, "f_wert": null, "f_emotion": null, "raum_emotion": null, "route": null}}, {"type": "Feature", "geometry": {"type": "Point", "coordinates": [2.3211, 48.87945]}, "properties": {"id": 160, "zeile": 17, "tags": ["atmosphere", "social"], "perspektive": "erzaehler", "text": "Das Diner war zwanglos und lustig, eines jener Diners, bei denen man von allem redet und nichts sagt", "notiz": "Maupassant charakterisiert das gesellschaftliche Diner von aussen als typisches bürgerliches Ritual.", "ort": "Speisesaal (Paris)", "valenz": null, "intensitaet": 1, "gewichtete_valenz": null, "f_wert": "ort_loest_emotion_aus", "f_emotion": "Leichtigkeit, gesellschaftliche Oberflächlichkeit", "raum_emotion": {"ort": "Speisesaal", "emotion": "Leichtigkeit, gesellschaftliche Oberflächlichkeit", "richtung": "ort_loest_emotion_aus"}, "route": null}}, {"type": "Feature", "geometry": {"type": "Point", "coordinates": [2.3211, 48.87945]}, "properties": {"id": 161, "zeile": 19, "tags": ["george_duroy", "mood", "social"], "perspektive": "figur", "text": "Duroy saß zwischen der häßlichen Tochter des Hausherrn, Fräulein Rose, und Madame de Marelle. Diese ", "notiz": "Duroy erlebt die Tischkonstellation als unangenehm und sozial belastend.", "ort": "Speisesaal (Paris)", "valenz": -1, "intensitaet": 2, "gewichtete_valenz": -2, "f_wert": "ort_loest_emotion_aus", "f_emotion": "Befangenheit, Unbehagen", "raum_emotion": {"ort": "Speisesaal", "emotion": "Befangenheit, Unbehagen", "richtung": "ort_loest_emotion_aus"}, "route": null}}, {"type": "Feature", "geometry": {"type": "Point", "coordinates": [2.3211, 48.87945]}, "properties": {"id": 162, "zeile": 21, "tags": ["george_duroy", "mood"], "perspektive": "figur", "text": "Er war zuerst befangen und verwirrt, wie ein Musiker, der den Ton verloren hat. Allmählich fand er a", "notiz": "Duroy durchlebt einen inneren Prozess von Verwirrung zu Selbstsicherheit.", "ort": "Speisesaal (Paris)", "valenz": 1, "intensitaet": 2, "gewichtete_valenz": 2, "f_wert": null, "f_emotion": null, "raum_emotion": null, "route": null}}, {"type": "Feature", "geometry": {"type": "Point", "coordinates": [2.3211, 48.87945]}, "properties": {"id": 163, "zeile": 23, "tags": ["george_duroy", "mood"], "perspektive": "figur", "text": "Sie sahen sich gegenseitig immer häufiger an, und ihre Blicke befragten einander und verstrickten si", "notiz": "Duroy erlebt das erneuerte verliebte Blickspiel mit Madame de Marelle als intimes gegenseitiges Wahrnehmen.", "ort": "Speisesaal (Paris)", "valenz": 1, "intensitaet": 2, "gewichtete_valenz": 2, "f_wert": null, "f_emotion": null, "raum_emotion": null, "route": null}}, {"type": "Feature", "geometry": {"type": "Point", "coordinates": [2.3211, 48.87945]}, "properties": {"id": 164, "zeile": 25, "tags": ["george_duroy", "koerper_als_akteur", "mood"], "perspektive": "figur", "text": "Plötzlich schien es ihm, als ob unter dem Tische etwas seinen Fuß streifte.", "notiz": "Duroy nimmt eine körperliche Berührung unter dem Tisch wahr, die erotisch aufgeladen ist.", "ort": "Speisesaal (Paris)", "valenz": 1, "intensitaet": 2, "gewichtete_valenz": 2, "f_wert": "koerper_als_sensor", "f_emotion": "erotische Spannung, Überraschung", "raum_emotion": {"ort": "Speisesaal, unter dem Tisch", "emotion": "erotische Spannung, Überraschung", "richtung": "koerper_als_sensor"}, "route": null}}, {"type": "Feature", "geometry": {"type": "Point", "coordinates": [2.3211, 48.87945]}, "properties": {"id": 165, "zeile": 1, "tags": ["george_duroy", "koerper_als_akteur"], "perspektive": "figur", "text": "Langsam schob er sein Bein vor, bis es an das seiner Nachbarin stieß, ohne daß sie vor dieser Berühr", "notiz": "Duroy initiiert körperlichen Kontakt mit seiner Tischnachbarin — bewusste körperliche Handlung im Raum.", "ort": "Speisesaal bei Walter (unbekannte Adresse)", "valenz": null, "intensitaet": null, "gewichtete_valenz": null, "f_wert": null, "f_emotion": null, "raum_emotion": null, "route": null}}, {"type": "Feature", "geometry": {"type": "Point", "coordinates": [2.3211, 48.87945]}, "properties": {"id": 166, "zeile": 3, "tags": ["george_duroy", "mood", "koerper_als_akteur"], "perspektive": "figur", "text": "Duroys Herz pochte. Er schob etwas weiter sein Knie vor. Er fühlte einen leichten Gegendruck, und er", "notiz": "Duroys innerer emotionaler Zustand — Aufregung und Erkenntnis der wiedererwachten Liebe — verbindet körperliches Erleben mit Gefühl.", "ort": "Speisesaal bei Walter (unbekannte Adresse)", "valenz": 1, "intensitaet": 2, "gewichtete_valenz": 2, "f_wert": "ort_loest_emotion_aus", "f_emotion": "Erregung, Wiedererkennen von Zuneigung", "raum_emotion": {"ort": "Speisesaal, Tisch", "emotion": "Erregung, Wiedererkennen von Zuneigung", "richtung": "ort_loest_emotion_aus"}, "route": null}}, {"type": "Feature", "geometry": {"type": "Point", "coordinates": [2.3211, 48.87945]}, "properties": {"id": 167, "zeile": 4, "tags": ["george_duroy", "mood"], "perspektive": "figur", "text": "Wie würden sie miteinander sprechen? Das war gleichgültig; aber ihre Lippen zitterten jedesmal, wenn", "notiz": "Duroy beobachtet innerlich die körperliche Reaktion auf die Blicke der Geliebten — inneres Erleben der emotionalen Spannung.", "ort": "Speisesaal bei Walter (unbekannte Adresse)", "valenz": 1, "intensitaet": 2, "gewichtete_valenz": 2, "f_wert": null, "f_emotion": null, "raum_emotion": null, "route": null}}, {"type": "Feature", "geometry": {"type": "Point", "coordinates": [2.3211, 48.87945]}, "properties": {"id": 168, "zeile": 6, "tags": ["george_duroy", "mood", "social"], "perspektive": "figur", "text": "Duroy, der sich über diesen Anblick amüsierte, fragte ganz leise Madame de Marelle: »Kennen Sie viel", "notiz": "Duroy amüsiert sich über die Vicomtesse und kommentiert sie ironisch gegenüber Madame de Marelle — innere Haltung der gesellschaftlichen Überlegenheit.", "ort": "Speisesaal bei Walter (unbekannte Adresse)", "valenz": 1, "intensitaet": 1, "gewichtete_valenz": 1, "f_wert": null, "f_emotion": null, "raum_emotion": null, "route": null}}, {"type": "Feature", "geometry": {"type": "Point", "coordinates": [2.3211, 48.87945]}, "properties": {"id": 169, "zeile": 7, "tags": ["social", "atmosphere"], "perspektive": "erzaehler", "text": "Zur Rechten des Herrn Walter saß mit der Haltung einer Prinzessin die Vicomtesse de Percemur", "notiz": "Maupassant beschreibt von aussen die gesellschaftliche Haltung der Vicomtesse als soziales Statussignal.", "ort": "Speisesaal bei Walter (unbekannte Adresse)", "valenz": null, "intensitaet": 1, "gewichtete_valenz": null, "f_wert": null, "f_emotion": null, "raum_emotion": null, "route": null}}, {"type": "Feature", "geometry": {"type": "Point", "coordinates": [2.3211, 48.87945]}, "properties": {"id": 170, "zeile": 18, "tags": ["historical", "time", "social"], "perspektive": "erzaehler", "text": "Am Tisch hatte jetzt eine politische Debatte zwischen dem Chef, den beiden Deputierten, Norbert de V", "notiz": "Maupassant beschreibt neutral eine politische Debatte am Tisch — Verweis auf politisches Milieu der Dritten Republik.", "ort": "Speisesaal bei Walter (unbekannte Adresse)", "valenz": null, "intensitaet": 1, "gewichtete_valenz": null, "f_wert": null, "f_emotion": null, "raum_emotion": null, "route": null}}, {"type": "Feature", "geometry": {"type": "Point", "coordinates": [2.3211, 48.87945]}, "properties": {"id": 171, "zeile": 20, "tags": ["george_duroy", "move"], "perspektive": "figur", "text": "Als man wieder im Salon war, näherte sich Duroy von neuem Madame de Marelle.", "notiz": "Duroy bewegt sich gezielt auf Madame de Marelle zu — aktive Ortsveränderung im sozialen Raum des Salons.", "ort": "Salon bei Walter (unbekannte Adresse)", "valenz": null, "intensitaet": null, "gewichtete_valenz": null, "f_wert": null, "f_emotion": null, "raum_emotion": null, "route": null}}, {"type": "Feature", "geometry": {"type": "Point", "coordinates": [2.3211, 48.87945]}, "properties": {"id": 172, "zeile": 10, "tags": ["george_duroy", "mood"], "perspektive": "erzaehler", "text": "Duroy blieb nicht lange. Er fand die Gesellschaft zu eintönig.", "notiz": "Duroy empfindet die Gesellschaft als langweilig und verlässt sie — innerer Zustand als Erzählerkommentar.", "ort": "Gesellschaft bei Mme Walter (Innenraum)", "valenz": -1, "intensitaet": 1, "gewichtete_valenz": -1, "f_wert": "ort_loest_emotion_aus", "f_emotion": "Langeweile, Eintönigkeit", "raum_emotion": {"ort": "Gesellschaft bei Mme Walter", "emotion": "Langeweile, Eintönigkeit", "richtung": "ort_loest_emotion_aus"}, "route": null}}, {"type": "Feature", "geometry": {"type": "Point", "coordinates": [2.3211, 48.87945]}, "properties": {"id": 173, "zeile": 11, "tags": ["george_duroy", "move"], "perspektive": "erzaehler", "text": "Auf der Treppe holte er Norbert de Varenne ein, der sich ebenfalls empfohlen hatte.", "notiz": "Duroy bewegt sich die Treppe hinunter und trifft auf Norbert de Varenne.", "ort": "Treppe im Haus von Mme Walter", "valenz": null, "intensitaet": null, "gewichtete_valenz": null, "f_wert": null, "f_emotion": null, "raum_emotion": null, "route": null}}, {"type": "Feature", "geometry": {"type": "Point", "coordinates": [2.3211, 48.87945]}, "properties": {"id": 174, "zeile": 12, "tags": ["social"], "perspektive": "erzaehler", "text": "Der alte Dichter faßte ihn unterm Arm. Da sie auf so verschiedenen Gebieten tätig waren, brauchte er", "notiz": "Maupassant beschreibt von aussen das soziale Verhältnis zwischen Norbert de Varenne und Duroy.", "ort": "Treppe im Haus von Mme Walter", "valenz": null, "intensitaet": 1, "gewichtete_valenz": null, "f_wert": null, "f_emotion": null, "raum_emotion": null, "route": null}}, {"type": "Feature", "geometry": {"type": "Point", "coordinates": [2.3185, 48.8796]}, "properties": {"id": 175, "zeile": 15, "tags": ["move", "location"], "perspektive": "erzaehler", "text": "Sie gingen langsam weiter und schritten den Boulevard Malherbes hinunter.", "notiz": "Duroy und Norbert de Varenne bewegen sich den Boulevard Malesherbes hinunter.", "ort": "Boulevard Malesherbes, Paris", "valenz": null, "intensitaet": 1, "gewichtete_valenz": null, "f_wert": null, "f_emotion": null, "raum_emotion": null, "route": [[2.3182857, 48.8795643], [2.3184204, 48.8794339], [2.3184885, 48.8793753], [2.3186129, 48.8792758], [2.3186086, 48.8792657], [2.320042, 48.8781799], [2.3199505, 48.8781215], [2.319835, 48.8779229], [2.3195707, 48.8768124], [2.3196002, 48.8767584], [2.3195952, 48.8766869], [2.3195225, 48.8766501], [2.3196277, 48.8762301], [2.3196619, 48.8761378], [2.3196809, 48.8760704], [2.319711, 48.8759635], [2.3197602, 48.8757889], [2.3197671, 48.8757601], [2.3197813, 48.8757415], [2.3198083, 48.8756206], [2.3197986, 48.8756024], [2.3200453, 48.8749803], [2.3204168, 48.8749999], [2.3204887, 48.8748595], [2.32045, 48.8748364], [2.3204591, 48.8747761], [2.3205265, 48.8747432], [2.3204649, 48.8745511], [2.3203857, 48.8745044], [2.3207591, 48.8738656], [2.3208028, 48.8738433], [2.3208721, 48.8737466], [2.3209316, 48.8736552], [2.3210187, 48.8735469], [2.3211072, 48.8734384], [2.3211153, 48.8733952], [2.3218148, 48.8724056], [2.3218941, 48.8722873], [2.3219374, 48.8722652], [2.3220219, 48.8721373], [2.3222311, 48.8718189], [2.3223439, 48.8716849], [2.3223395, 48.8716477], [2.3226782, 48.8711809], [2.3228, 48.8710409], [2.3228304, 48.8709784], [2.3229514, 48.8708148], [2.3230836, 48.8706216], [2.323204, 48.870449], [2.3233483, 48.8702422], [2.3234224, 48.8701361], [2.3234917, 48.8700063], [2.3235978, 48.8697965], [2.3236798, 48.8696434], [2.3236551, 48.86961], [2.32358, 48.8695093], [2.3236723, 48.8693943], [2.3236987, 48.8693596], [2.3237517, 48.8693335], [2.3236214, 48.8692813], [2.3236003, 48.8692237], [2.3234651, 48.8690384], [2.3231324, 48.8685876], [2.323073, 48.8685068], [2.3230267, 48.8683837], [2.3230484, 48.8683178], [2.3220323, 48.8669261], [2.3222858, 48.8668308], [2.3224115, 48.8667896], [2.3223132, 48.8660136], [2.3223058, 48.8658752], [2.3229127, 48.8658797], [2.3223266, 48.8651004], [2.3224185, 48.8650663], [2.3215822, 48.8638366], [2.3216017, 48.8637849]]}}, {"type": "Feature", "geometry": {"type": "Point", "coordinates": [2.3185, 48.8796]}, "properties": {"id": 176, "zeile": 16, "tags": ["atmosphere", "weather", "time", "space"], "perspektive": "erzaehler", "text": "Paris lag in dieser kalten Winternacht fast menschenleer da,. Es war eine Nacht, in der die Sterne v", "notiz": "Maupassant beschreibt Paris als kalte, menschenleere Winternacht mit kosmischer Weite — Kulissenbeschreibung von aussen.", "ort": "Boulevard Malesherbes, Paris", "valenz": null, "intensitaet": 2, "gewichtete_valenz": null, "f_wert": "ort_loest_emotion_aus", "f_emotion": "Kälte, Einsamkeit, Unendlichkeit", "raum_emotion": {"ort": "Boulevard Malesherbes, Paris", "emotion": "Kälte, Einsamkeit, Unendlichkeit", "richtung": "ort_loest_emotion_aus"}, "route": null}}, {"type": "Feature", "geometry": {"type": "Point", "coordinates": [2.3185, 48.8796]}, "properties": {"id": 177, "zeile": 16, "tags": ["weather", "atmosphere"], "perspektive": "erzaehler", "text": "der eisige Windhauch aus der Unendlichkeit des Weltalls weit jenseits der Sterne zu kommen scheint", "notiz": "Maupassant beschreibt den eisigen Wind als atmosphärische Kulisse mit metaphysischer Dimension.", "ort": "Boulevard Malesherbes, Paris", "valenz": null, "intensitaet": 2, "gewichtete_valenz": null, "f_wert": "ort_loest_emotion_aus", "f_emotion": "Kälte, Unendlichkeit, Entfremdung", "raum_emotion": {"ort": "Boulevard Malesherbes, Paris", "emotion": "Kälte, Unendlichkeit, Entfremdung", "richtung": "ort_loest_emotion_aus"}, "route": null}}, {"type": "Feature", "geometry": {"type": "Point", "coordinates": [2.3185, 48.8796]}, "properties": {"id": 178, "zeile": 18, "tags": ["george_duroy", "mood"], "perspektive": "figur", "text": "Anfangs sprachen die Männer kein Wort; dann äußerte Duroy, um doch etwas zu sagen: »Herr Laroche-Mat", "notiz": "Duroy empfindet die Stille als unangenehm und sucht ein Gesprächsthema — sein inneres Bedürfnis zu reden wird sichtbar.", "ort": "Boulevard Malesherbes, Paris", "valenz": -1, "intensitaet": 1, "gewichtete_valenz": -1, "f_wert": null, "f_emotion": null, "raum_emotion": null, "route": null}}, {"type": "Feature", "geometry": {"type": "Point", "coordinates": [2.3185, 48.8796]}, "properties": {"id": 179, "zeile": 22, "tags": ["george_duroy", "mood", "social"], "perspektive": "figur", "text": "Überrascht und zögernd erwiderte Duroy: »Allerdings, er gilt ja für einen der fähigsten Köpfe in der", "notiz": "Duroy reagiert überrascht und zögernd auf Norberts abweisende Antwort — sein inneres Erleben der sozialen Situation wird sichtbar.", "ort": "Boulevard Malesherbes, Paris", "valenz": -1, "intensitaet": 1, "gewichtete_valenz": -1, "f_wert": null, "f_emotion": null, "raum_emotion": null, "route": null}}, {"type": "Feature", "geometry": {"type": "Point", "coordinates": [2.3185, 48.8796]}, "properties": {"id": 180, "zeile": 24, "tags": ["location", "social", "atmosphere"], "perspektive": "erzaehler", "text": "Ihr Geist hat einen Bodensatz von Schlamm oder besser gesagt von Mist, wie die Seine bei Asnieres.", "notiz": "Norbert de Varenne vergleicht den Geist der Gesellschaft mit dem Schlamm der Seine bei Asnières — indirekter Verweis auf einen real verortbaren Pariser Vorort.", "ort": "Boulevard Malesherbes, Paris", "valenz": null, "intensitaet": 2, "gewichtete_valenz": null, "f_wert": null, "f_emotion": null, "raum_emotion": null, "route": null}}, {"type": "Feature", "geometry": {"type": "Point", "coordinates": [2.30555, 48.889]}, "properties": {"id": 181, "zeile": 1, "tags": ["sound", "atmosphere"], "perspektive": "erzaehler", "text": "Norbert de Varenne sprach mit klarer aber gedämpfter Stimme, die laut durch die Nacht tönen müßte, w", "notiz": "Maupassant beschreibt von aussen die Stimme und Art des Sprechens von Norbert de Varenne als atmosphärische Kulisse.", "ort": "nicht spezifiziert", "valenz": -1, "intensitaet": 2, "gewichtete_valenz": -2, "f_wert": null, "f_emotion": null, "raum_emotion": null, "route": null}}, {"type": "Feature", "geometry": {"type": "Point", "coordinates": [2.30555, 48.889]}, "properties": {"id": 182, "zeile": 2, "tags": ["atmosphere", "social"], "perspektive": "erzaehler", "text": "Er schien überreizt und traurig zu sein; er war erfüllt von jener Schwermut, die die Seelen befällt ", "notiz": "Maupassant beschreibt von aussen die emotionale Verfassung Norbert de Varenness als atmosphärisches Stimmungsbild.", "ort": "nicht spezifiziert", "valenz": -1, "intensitaet": 2, "gewichtete_valenz": -2, "f_wert": null, "f_emotion": null, "raum_emotion": null, "route": null}}, {"type": "Feature", "geometry": {"type": "Point", "coordinates": [2.30555, 48.889]}, "properties": {"id": 183, "zeile": 3, "tags": ["george_duroy", "mood"], "perspektive": "figur", "text": "Duroy, der sich innerlich froh und heiter fühlte, sagte lächelnd:", "notiz": "Duroy erlebt seinen eigenen inneren Zustand als fröhlich und heiter — explizites inneres Erleben aus seiner Perspektive.", "ort": "nicht spezifiziert", "valenz": null, "intensitaet": null, "gewichtete_valenz": null, "f_wert": null, "f_emotion": null, "raum_emotion": null, "route": null}}, {"type": "Feature", "geometry": {"type": "Point", "coordinates": [2.30555, 48.889]}, "properties": {"id": 184, "zeile": 4, "tags": ["george_duroy", "mood"], "perspektive": "figur", "text": "Duroy begann zu lachen: »Verdammt! Mir wird es gruselig, wenn ich Sie höre.«", "notiz": "Duroy reagiert mit einem Gefühl des Grauens auf die Worte des Dichters — emotionale Reaktion aus seiner Perspektive.", "ort": "nicht spezifiziert", "valenz": null, "intensitaet": null, "gewichtete_valenz": null, "f_wert": null, "f_emotion": null, "raum_emotion": null, "route": null}}, {"type": "Feature", "geometry": {"type": "Point", "coordinates": [2.30555, 48.889]}, "properties": {"id": 185, "zeile": 1, "tags": ["mood", "location_erinnerung"], "perspektive": "figur", "text": "Er hat mich so völlig entstellt, daß ich mich nicht mehr wiedererkenne. In mir ist nichts mehr von m", "notiz": "Eine andere Figur (nicht Duroy) klagt über den Verfall durch die Zeit — da es sich um direkte Rede einer anderen Figur handelt, wird diese Stelle eigentlich übersprungen; da kein klarer Rahmenwechsel zu Duroys Perspektive vorliegt, wird dies als Rede einer anderen Figur behandelt.", "ort": "unbekannt", "valenz": -1, "intensitaet": 3, "gewichtete_valenz": -3, "f_wert": null, "f_emotion": null, "raum_emotion": null, "route": null}}, {"type": "Feature", "geometry": {"type": "Point", "coordinates": [2.30555, 48.889]}, "properties": {"id": 186, "zeile": 1, "tags": ["george_duroy", "move", "koerper_als_akteur"], "perspektive": "erzaehler", "text": "Er ging langsam vor sich hin, etwas außer Atem; er träumte laut und vergaß fast, daß ihm jemand zuhö", "notiz": "Der Erzähler beschreibt Duroys Begleiter (Norbert de Varenne) von außen beim langsamen Gehen — äußere Beobachtung einer Bewegung im Raum.", "ort": "unbestimmter Weg/Straße in Paris", "valenz": null, "intensitaet": null, "gewichtete_valenz": null, "f_wert": null, "f_emotion": null, "raum_emotion": null, "route": null}}, {"type": "Feature", "geometry": {"type": "Point", "coordinates": [2.30555, 48.889]}, "properties": {"id": 187, "zeile": 2, "tags": ["george_duroy", "koerper_als_akteur", "social"], "perspektive": "erzaehler", "text": "Er blieb stehen, faßte Duroy mit beiden Händen an den Rändern seines Paletotkragens und fuhr mit lan", "notiz": "Der Erzähler beschreibt von außen, wie eine andere Figur Duroy körperlich berührt und festhält — äußere Handlung, keine innere Perspektive Duroys.", "ort": "unbestimmter Weg/Straße in Paris", "valenz": null, "intensitaet": null, "gewichtete_valenz": null, "f_wert": null, "f_emotion": null, "raum_emotion": null, "route": null}}, {"type": "Feature", "geometry": {"type": "Point", "coordinates": [2.30555, 48.889]}, "properties": {"id": 188, "zeile": 1, "tags": ["move"], "perspektive": "erzaehler", "text": "Er beschleunigte seinen Schritt", "notiz": "Der Erzähler beschreibt von aussen die Bewegung Norbert de Varenness.", "ort": "unbekannt – Spaziergang in Paris", "valenz": null, "intensitaet": null, "gewichtete_valenz": null, "f_wert": null, "f_emotion": null, "raum_emotion": null, "route": null}}, {"type": "Feature", "geometry": {"type": "Point", "coordinates": [2.30555, 48.889]}, "properties": {"id": 189, "zeile": 2, "tags": ["move"], "perspektive": "erzaehler", "text": "Nochmals blieb er stehen und sann eine kurze Weile nach.", "notiz": "Erzähler beschreibt Norbert de Varenness kurzes Innehalten von aussen.", "ort": "unbekannt – Spaziergang in Paris", "valenz": null, "intensitaet": null, "gewichtete_valenz": null, "f_wert": null, "f_emotion": null, "raum_emotion": null, "route": null}}, {"type": "Feature", "geometry": {"type": "Point", "coordinates": [2.30555, 48.889]}, "properties": {"id": 190, "zeile": 3, "tags": ["weather", "atmosphere"], "perspektive": "erzaehler", "text": "er hob den Kopf zum Firmament, an dem das bleiche Vollmondantlitz leuchtete", "notiz": "Der Erzähler beschreibt den Mondschein als atmosphärische Kulisse der nächtlichen Szene.", "ort": "unbekannt – Spaziergang in Paris", "valenz": 0, "intensitaet": 2, "gewichtete_valenz": 0, "f_wert": "ort_loest_emotion_aus", "f_emotion": "Resignation, metaphysische Einsamkeit", "raum_emotion": {"ort": "nächtlicher Himmel mit Vollmond", "emotion": "Resignation, metaphysische Einsamkeit", "richtung": "ort_loest_emotion_aus"}, "route": null}}, {"type": "Feature", "geometry": {"type": "Point", "coordinates": [2.3214, 48.8637]}, "properties": {"id": 191, "zeile": 4, "tags": ["location", "move"], "perspektive": "erzaehler", "text": "Sie kamen zur Pont de la Concorde, schweigend schritten sie über die Brücke und gingen am Palais Bou", "notiz": "Der Erzähler nennt konkrete Pariser Orte und beschreibt die gemeinsame Bewegung Duroys und Norbert de Varenness.", "ort": "Pont de la Concorde / Palais Bourbon, Paris", "valenz": null, "intensitaet": 1, "gewichtete_valenz": null, "f_wert": "ort_loest_emotion_aus", "f_emotion": "Schweigen, Melancholie", "raum_emotion": {"ort": "Pont de la Concorde", "emotion": "Schweigen, Melancholie", "richtung": "ort_loest_emotion_aus"}, "route": [[2.3216017, 48.8637849], [2.3215822, 48.8638366], [2.3205092, 48.8641884], [2.3202479, 48.8639591], [2.3192975, 48.8626764], [2.3196004, 48.8625793], [2.3195357, 48.8624825], [2.3194212, 48.8622308], [2.3194821, 48.8620111], [2.31922, 48.8616104], [2.3193768, 48.8615154], [2.3193186, 48.8614183], [2.3190834, 48.8610388], [2.3190832, 48.8610264], [2.3189262, 48.8607932], [2.3188638, 48.8606938], [2.3183415, 48.8602849], [2.3182295, 48.859848], [2.318252, 48.8598228], [2.3182403, 48.8597489], [2.3182091, 48.8597407], [2.3180792, 48.8592936], [2.3180874, 48.8592697], [2.3180633, 48.859178], [2.3180432, 48.8591672], [2.3178571, 48.8585216], [2.3178058, 48.8583433], [2.3175794, 48.8575978], [2.3175896, 48.8575832], [2.3175696, 48.8575079], [2.3179951, 48.8573908], [2.3181979, 48.8573361], [2.3177212, 48.8562722]]}}, {"type": "Feature", "geometry": {"type": "Point", "coordinates": [2.3196, 48.86]}, "properties": {"id": 192, "zeile": 1, "tags": ["mood", "atmosphere", "space"], "perspektive": "figur", "text": "Heute erfüllt mich die Einsamkeit mit einer entsetzlichen Angst, die Einsamkeit in der Wohnung, wenn", "notiz": "Inneres Erleben der Einsamkeit und Angst in der Wohnung — aus der Perspektive einer anderen Figur (Dichter), daher nicht als Duroys figur zu werten; jedoch wird die Textstelle im Kontext als direkte Rede des Dichters gesprochen und sollte übersprungen werden.", "ort": "Wohnung des Dichters", "valenz": -1, "intensitaet": 3, "gewichtete_valenz": -3, "f_wert": null, "f_emotion": null, "raum_emotion": null, "route": null}}, {"type": "Feature", "geometry": {"type": "Point", "coordinates": [2.3178, 48.8563]}, "properties": {"id": 193, "zeile": 12, "tags": ["location", "move"], "perspektive": "erzaehler", "text": "Sie waren in der Mitte der Rue Bourgogne angelangt.", "notiz": "Neutrale Ortsangabe durch den Erzähler: Duroy und der Dichter befinden sich in der Rue Bourgogne.", "ort": "Rue Bourgogne, Paris", "valenz": null, "intensitaet": 1, "gewichtete_valenz": null, "f_wert": null, "f_emotion": null, "raum_emotion": null, "route": [[2.3177212, 48.8562722]]}}, {"type": "Feature", "geometry": {"type": "Point", "coordinates": [2.3178, 48.8563]}, "properties": {"id": 194, "zeile": 13, "tags": ["location", "space"], "perspektive": "erzaehler", "text": "Vor einem hohen Hause blieb der Dichter stehen, klingelte, schüttelte Duroy die Hand und sagte:", "notiz": "Erzähler beschreibt von aussen die Handlung des Dichters vor dem hohen Haus in der Rue Bourgogne.", "ort": "Rue Bourgogne, Paris (hohes Haus)", "valenz": null, "intensitaet": 1, "gewichtete_valenz": null, "f_wert": null, "f_emotion": null, "raum_emotion": null, "route": null}}, {"type": "Feature", "geometry": {"type": "Point", "coordinates": [2.3178, 48.8563]}, "properties": {"id": 195, "zeile": 16, "tags": ["space", "atmosphere"], "perspektive": "erzaehler", "text": "Und er verschwand in dem finsteren Flur.", "notiz": "Erzähler beschreibt das Verschwinden des Dichters im finsteren Flur — atmosphärische Raumbeschreibung von aussen.", "ort": "Rue Bourgogne, Paris (Hausflur)", "valenz": -1, "intensitaet": 2, "gewichtete_valenz": -2, "f_wert": "ort_loest_emotion_aus", "f_emotion": "Düsternis, Abgeschlossenheit", "raum_emotion": {"ort": "finsterer Flur", "emotion": "Düsternis, Abgeschlossenheit", "richtung": "ort_loest_emotion_aus"}, "route": null}}, {"type": "Feature", "geometry": {"type": "Point", "coordinates": [2.3178, 48.8563]}, "properties": {"id": 196, "zeile": 17, "tags": ["george_duroy", "move", "mood"], "perspektive": "figur", "text": "Duroy ging mit beklommenem Herzen weiter.", "notiz": "Duroy bewegt sich mit einem beklommenen inneren Zustand weiter — Emotion begleitet die Fortbewegung.", "ort": "Rue Bourgogne, Paris", "valenz": null, "intensitaet": null, "gewichtete_valenz": null, "f_wert": "ort_loest_emotion_aus", "f_emotion": "Beklommenheit", "raum_emotion": {"ort": "Rue Bourgogne", "emotion": "Beklommenheit", "richtung": "ort_loest_emotion_aus"}, "route": [[2.3177212, 48.8562722]]}}, {"type": "Feature", "geometry": {"type": "Point", "coordinates": [2.3178, 48.8563]}, "properties": {"id": 197, "zeile": 17, "tags": ["george_duroy", "mood", "location_erinnerung"], "perspektive": "figur", "text": "Ihm war, als hätte man ihm eine Grube voll menschlicher Knochen und Schädel gezeigt, und in diese Gr", "notiz": "Duroy verarbeitet innerlich das Gespräch mit dem Dichter als beängstigende Vorstellung der eigenen Vergänglichkeit.", "ort": "imaginierte Grube (Metapher für Tod)", "valenz": -1, "intensitaet": 3, "gewichtete_valenz": -3, "f_wert": "ort_loest_emotion_aus", "f_emotion": "Schrecken, Todesangst", "raum_emotion": {"ort": "imaginierte Grube", "emotion": "Schrecken, Todesangst", "richtung": "ort_loest_emotion_aus"}, "route": null}}, {"type": "Feature", "geometry": {"type": "Point", "coordinates": [2.3178, 48.8563]}, "properties": {"id": 198, "zeile": 21, "tags": ["george_duroy", "move", "smell", "koerper_als_akteur"], "perspektive": "figur", "text": "Er war stehengeblieben, um eine stark parfümierte Dame vorbei zu lassen, die aus dem Wagen stieg und", "notiz": "Duroy bleibt stehen, nimmt den Duft der vorbeigehenden Dame bewusst wahr — Körper als sinnlicher Sensor.", "ort": "Rue Bourgogne, Paris (Strassenszene)", "valenz": null, "intensitaet": null, "gewichtete_valenz": null, "f_wert": "koerper_als_sensor", "f_emotion": "sinnliche Aufmerksamkeit, Belebung", "raum_emotion": {"ort": "Strasse, Rue Bourgogne", "emotion": "sinnliche Aufmerksamkeit, Belebung", "richtung": "koerper_als_sensor"}, "route": [[2.3177212, 48.8562722], [2.3181979, 48.8573361], [2.3179951, 48.8573908], [2.3175696, 48.8575079], [2.3175503, 48.8574984], [2.317449, 48.8575287], [2.3174255, 48.8575458], [2.3155098, 48.8579035], [2.3153817, 48.8578784], [2.3151979, 48.8578579], [2.3149495, 48.8578547], [2.3146641, 48.8579577], [2.3136629, 48.8582962], [2.3136917, 48.8584428], [2.3131619, 48.8589344], [2.3132596, 48.8597972], [2.3129188, 48.8598177], [2.312831, 48.8598839], [2.3128299, 48.860014], [2.3114915, 48.860011], [2.3112869, 48.8600094], [2.311407, 48.8610661], [2.3113901, 48.8610777], [2.3113978, 48.8611633], [2.3104465, 48.861172], [2.310418, 48.8611887], [2.3101577, 48.8612012], [2.3102384, 48.8623656], [2.3102156, 48.8624673], [2.3102076, 48.8625648], [2.3101859, 48.8626841], [2.3102908, 48.8627361], [2.3103135, 48.8628885], [2.3102494, 48.8642662], [2.3101732, 48.8643239], [2.310166, 48.8644585], [2.309708, 48.864964], [2.3097959, 48.8650071], [2.3080186, 48.8659961], [2.3079145, 48.8659714], [2.3077558, 48.8659656], [2.3075234, 48.8660665], [2.3074684, 48.8661631], [2.3074847, 48.866292], [2.3063838, 48.8668688], [2.3063226, 48.8668486], [2.3062403, 48.8669167], [2.3061966, 48.8669529], [2.30607, 48.8670577], [2.306057, 48.8670683], [2.3051044, 48.8676726], [2.3046774, 48.867926], [2.3045681, 48.8679992], [2.3045453, 48.8680243], [2.3044738, 48.8680693], [2.3037092, 48.8685523], [2.3036713, 48.8685513], [2.303552, 48.8686307], [2.3035515, 48.8686474], [2.3030807, 48.8689298], [2.3029896, 48.8690018], [2.3028099, 48.86912], [2.3027254, 48.869127], [2.3025561, 48.8692333], [2.3025676, 48.8692635], [2.3013233, 48.870029], [2.3012408, 48.8700251], [2.3011629, 48.8701343], [2.3012294, 48.8702725], [2.3011818, 48.8708053], [2.3011804, 48.8708349], [2.301169, 48.8709341], [2.3010625, 48.8711544], [2.3009893, 48.8715713], [2.3006433, 48.8716925], [2.3003465, 48.8717866], [2.3002171, 48.8718277], [2.3001489, 48.8718496], [2.299285, 48.8721233], [2.2991535, 48.8721651], [2.2990646, 48.8721933], [2.2985282, 48.8723634], [2.2972575, 48.8727796], [2.2973094, 48.8728532], [2.2975035, 48.8732019], [2.2973667, 48.8732447], [2.2972471, 48.8732824], [2.2971182, 48.8733231], [2.2970053, 48.8733588], [2.2966261, 48.8734783], [2.2965018, 48.8735175], [2.2954013, 48.8739857], [2.295061, 48.8740848], [2.2951464, 48.8740241]]}}, {"type": "Feature", "geometry": {"type": "Point", "coordinates": [2.3178, 48.8563]}, "properties": {"id": 199, "zeile": 22, "tags": ["george_duroy", "mood", "location_erinnerung"], "perspektive": "figur", "text": "Plötzlich klopfte sein Herz wieder laut vor freudiger Hoffnung, und die Erinnerung an Madame de Mare", "notiz": "Duroy erlebt einen plötzlichen emotionalen Umschwung — freudige Hoffnung durch die Erinnerung an Madame de Marelle verdrängt die vorherige Beklommenheit.", "ort": "Rue Bourgogne, Paris", "valenz": 1, "intensitaet": 2, "gewichtete_valenz": 2, "f_wert": "emotion_faerbt_raum", "f_emotion": "freudige Hoffnung, Erwartung", "raum_emotion": {"ort": "Strasse, Rue Bourgogne", "emotion": "freudige Hoffnung, Erwartung", "richtung": "emotion_faerbt_raum"}, "route": null}}, {"type": "Feature", "geometry": {"type": "Point", "coordinates": [2.3064, 48.86505]}, "properties": {"id": 200, "zeile": 1, "tags": ["george_duroy", "mood"], "perspektive": "figur", "text": "Alles lächelte ihm zu und das Leben nahm ihn zärtlich in seine Arme. Wie schön war es, seine Hoffnun", "notiz": "Duroy erlebt ein Hochgefühl der Erfüllung und des Glücks — innere Euphorie.", "ort": "unbestimmt", "valenz": 1, "intensitaet": 3, "gewichtete_valenz": 3, "f_wert": null, "f_emotion": null, "raum_emotion": null, "route": null}}, {"type": "Feature", "geometry": {"type": "Point", "coordinates": [2.295, 48.8738]}, "properties": {"id": 201, "zeile": 2, "tags": ["george_duroy", "mood", "move"], "perspektive": "figur", "text": "Wie in einem Rausch schlief er ein und erhob sich ziemlich früh, um noch einen Spaziergang in der Av", "notiz": "Duroy schläft in rauschartiger Stimmung ein und plant einen morgendlichen Spaziergang — Bewegung und Euphorie verbinden sich.", "ort": "Avenue du Bois de Boulogne (heute Avenue Foch), Paris", "valenz": null, "intensitaet": null, "gewichtete_valenz": null, "f_wert": "emotion_faerbt_raum", "f_emotion": "Rausch, Vorfreude", "raum_emotion": {"ort": "Avenue du Bois de Boulogne", "emotion": "Rausch, Vorfreude", "richtung": "emotion_faerbt_raum"}, "route": [[2.2951464, 48.8740241]]}}, {"type": "Feature", "geometry": {"type": "Point", "coordinates": [2.295, 48.8738]}, "properties": {"id": 202, "zeile": 3, "tags": ["weather", "time"], "perspektive": "erzaehler", "text": "Der Wind hatte sich über Nacht gedreht, es war milder geworden, so daß man sich fast im April glaube", "notiz": "Maupassant beschreibt das Wetter als neutrale atmosphärische Kulisse — milder Wind, frühlingshafter Charakter.", "ort": "Avenue du Bois de Boulogne, Paris", "valenz": null, "intensitaet": 1, "gewichtete_valenz": null, "f_wert": null, "f_emotion": null, "raum_emotion": null, "route": null}}, {"type": "Feature", "geometry": {"type": "Point", "coordinates": [2.2769, 48.8638]}, "properties": {"id": 203, "zeile": 4, "tags": ["atmosphere", "social"], "perspektive": "erzaehler", "text": "Alle ständigen Besucher des Bois waren unterwegs; sie waren dem Lockrufe des heiteren, warmen Himmel", "notiz": "Maupassant beschreibt die gesellschaftliche Belebung des Bois durch das schöne Wetter — Kulissenbeschreibung von aussen.", "ort": "Bois de Boulogne, Paris", "valenz": null, "intensitaet": 1, "gewichtete_valenz": null, "f_wert": null, "f_emotion": null, "raum_emotion": null, "route": null}}, {"type": "Feature", "geometry": {"type": "Point", "coordinates": [2.295, 48.8738]}, "properties": {"id": 204, "zeile": 5, "tags": ["george_duroy", "move", "smell", "weather"], "perspektive": "figur", "text": "Duroy ging langsam und atmete behaglich die milde Luft in sich ein.", "notiz": "Duroy nimmt die milde Luft körperlich-sinnlich wahr — der Atem als Genuss des Frühlingswetters.", "ort": "Avenue du Bois de Boulogne, Paris", "valenz": null, "intensitaet": null, "gewichtete_valenz": null, "f_wert": "koerper_als_sensor", "f_emotion": "Behagen, Wohlbefinden", "raum_emotion": {"ort": "Avenue du Bois de Boulogne", "emotion": "Behagen, Wohlbefinden", "richtung": "koerper_als_sensor"}, "route": [[2.2951464, 48.8740241]]}}, {"type": "Feature", "geometry": {"type": "Point", "coordinates": [2.295, 48.8738]}, "properties": {"id": 205, "zeile": 6, "tags": ["george_duroy", "move", "location"], "perspektive": "figur", "text": "Hinter der Arc de Triomphe de L'étoile bog er in die große Avenue ein, auf der entgegengesetzten Sei", "notiz": "Duroy biegt hinter dem Arc de Triomphe in die Avenue ein — konkrete Ortsveränderung aus seiner Perspektive.", "ort": "Arc de Triomphe / Avenue du Bois de Boulogne, Paris", "valenz": null, "intensitaet": 1, "gewichtete_valenz": null, "f_wert": null, "f_emotion": null, "raum_emotion": null, "route": null}}, {"type": "Feature", "geometry": {"type": "Point", "coordinates": [2.295, 48.8738]}, "properties": {"id": 206, "zeile": 7, "tags": ["george_duroy", "social", "mood"], "perspektive": "figur", "text": "Da trabten und galoppierten an ihm Damen und Herren vorbei, die Reichen dieser Erde, die er aber heu", "notiz": "Duroy registriert die vornehme Gesellschaft ohne den gewohnten Neid — inneres Erleben seiner veränderten sozialen Selbsteinschätzung.", "ort": "Avenue du Bois de Boulogne, Paris", "valenz": 1, "intensitaet": 2, "gewichtete_valenz": 2, "f_wert": "ort_loest_emotion_aus", "f_emotion": "Gleichmut, gestiegenes Selbstbewusstsein", "raum_emotion": {"ort": "Avenue du Bois de Boulogne", "emotion": "Gleichmut, gestiegenes Selbstbewusstsein", "richtung": "ort_loest_emotion_aus"}, "route": null}}, {"type": "Feature", "geometry": {"type": "Point", "coordinates": [2.295, 48.8738]}, "properties": {"id": 207, "zeile": 8, "tags": ["george_duroy", "social", "mood"], "perspektive": "figur", "text": "Er kannte sie fast alle beim Namen, wußte die Höhe ihres Vermögens und kannte die Geheimgeschichten ", "notiz": "Duroy erlebt sein Insiderwissen über die Pariser Gesellschaft als Machtressource — inneres Bewusstsein seiner journalistischen Position.", "ort": "Avenue du Bois de Boulogne, Paris", "valenz": 1, "intensitaet": 2, "gewichtete_valenz": 2, "f_wert": null, "f_emotion": null, "raum_emotion": null, "route": null}}, {"type": "Feature", "geometry": {"type": "Point", "coordinates": [2.295, 48.8738]}, "properties": {"id": 208, "zeile": 9, "tags": ["social", "atmosphere"], "perspektive": "erzaehler", "text": "Die Damen ritten vorbei, zierlich und schlank in ihren dunklen Tuchkleidern und hatten etwas Hochmüt", "notiz": "Maupassant beschreibt die vornehmen Reiterinnen von aussen — sozialer Status wird durch Kleidung und Haltung markiert.", "ort": "Avenue du Bois de Boulogne, Paris", "valenz": null, "intensitaet": 2, "gewichtete_valenz": null, "f_wert": null, "f_emotion": null, "raum_emotion": null, "route": null}}, {"type": "Feature", "geometry": {"type": "Point", "coordinates": [2.295, 48.8738]}, "properties": {"id": 209, "zeile": 10, "tags": ["george_duroy", "mood", "social"], "perspektive": "figur", "text": "Duroy erlaubte sich den Spaß und sagte halblaut die Namen, Titel und Eigenschaften der Liebhaber her", "notiz": "Duroy vergnügt sich damit, die Skandalgeschichten der Reiterinnen halblaut aufzusagen — ironisches Spiel mit Insiderwissen als Lustgewinn.", "ort": "Avenue du Bois de Boulogne, Paris", "valenz": 1, "intensitaet": 2, "gewichtete_valenz": 2, "f_wert": "ort_loest_emotion_aus", "f_emotion": "Vergnügen, ironische Überlegenheit", "raum_emotion": {"ort": "Avenue du Bois de Boulogne", "emotion": "Vergnügen, ironische Überlegenheit", "richtung": "ort_loest_emotion_aus"}, "route": null}}, {"type": "Feature", "geometry": {"type": "Point", "coordinates": [2.295, 48.8738]}, "properties": {"id": 210, "zeile": 11, "tags": ["george_duroy", "mood", "social"], "perspektive": "figur", "text": "Dieses Spiel machte ihm viel Vergnügen; es tröstete ihn, erheiterte ihn und reizte ihn auf, unter de", "notiz": "Duroy erlebt Genugtuung und Überlegenheitsgefühl durch das Entlarven gesellschaftlicher Heuchelei — komplexer innerer Gemütszustand.", "ort": "Avenue du Bois de Boulogne, Paris", "valenz": 1, "intensitaet": 3, "gewichtete_valenz": 3, "f_wert": "emotion_faerbt_raum", "f_emotion": "Vergnügen, Überlegenheit, Zynismus", "raum_emotion": {"ort": "Avenue du Bois de Boulogne", "emotion": "Vergnügen, Überlegenheit, Zynismus", "richtung": "emotion_faerbt_raum"}, "route": null}}, {"type": "Feature", "geometry": {"type": "Point", "coordinates": [2.295, 48.8738]}, "properties": {"id": 211, "zeile": 12, "tags": ["george_duroy", "mood", "social", "koerper_als_akteur"], "perspektive": "figur", "text": "Dann sagte er ganz laut: »Heuchlerbande!« Und seine Blicke suchten diejenigen Reiter heraus, über di", "notiz": "Duroy lässt seinen Zynismus laut werden und richtet seinen Blick gezielt auf die skandalträchtigsten Reiter — körperlicher Ausdruck innerer Verachtung.", "ort": "Avenue du Bois de Boulogne, Paris", "valenz": -1, "intensitaet": 2, "gewichtete_valenz": -2, "f_wert": "emotion_faerbt_raum", "f_emotion": "Verachtung, zynische Überlegenheit", "raum_emotion": {"ort": "Avenue du Bois de Boulogne", "emotion": "Verachtung, zynische Überlegenheit", "richtung": "emotion_faerbt_raum"}, "route": null}}, {"type": "Feature", "geometry": {"type": "Point", "coordinates": [4.6562, 46.2133]}, "properties": {"id": 212, "zeile": 1, "tags": ["george_duroy", "social"], "perspektive": "figur", "text": "Er sah viele, die man als Falschspieler in Verdacht hatte, für die die Klubs jedenfalls eine große u", "notiz": "Duroy beobachtet und bewertet die moralische Zweifelhaftigkeit der anwesenden Gesellschaft — inneres Erleben seiner sozialen Umgebung.", "ort": "Spazierfahrt/gesellschaftlicher Ort, Paris (nicht näher spezifiziert)", "valenz": -1, "intensitaet": 2, "gewichtete_valenz": -2, "f_wert": null, "f_emotion": null, "raum_emotion": null, "route": null}}, {"type": "Feature", "geometry": {"type": "Point", "coordinates": [4.6562, 46.2133]}, "properties": {"id": 213, "zeile": 2, "tags": ["george_duroy", "social"], "perspektive": "figur", "text": "Er sah Finanzmänner, deren gewaltige Vermögen von einem Diebstahl herrührten, Leute, die überall emp", "notiz": "Duroy nimmt die korrupten Finanzmänner der Pariser Oberschicht wahr und bewertet deren sozialen Aufstieg durch Betrug.", "ort": "gesellschaftlicher Ort, Paris (nicht näher spezifiziert)", "valenz": -1, "intensitaet": 2, "gewichtete_valenz": -2, "f_wert": null, "f_emotion": null, "raum_emotion": null, "route": null}}, {"type": "Feature", "geometry": {"type": "Point", "coordinates": [4.6562, 46.2133]}, "properties": {"id": 214, "zeile": 3, "tags": ["george_duroy", "social"], "perspektive": "figur", "text": "Er sah Herren, die so geachtet waren, daß die kleinen Leute ehrfurchtsvoll den Hut abzogen, wenn sie", "notiz": "Duroy durchschaut die Heuchelei der gesellschaftlichen Achtung gegenüber betrügerischen Persönlichkeiten — ironisch-kritische Wahrnehmung.", "ort": "gesellschaftlicher Ort, Paris (nicht näher spezifiziert)", "valenz": -1, "intensitaet": 2, "gewichtete_valenz": -2, "f_wert": null, "f_emotion": null, "raum_emotion": null, "route": null}}, {"type": "Feature", "geometry": {"type": "Point", "coordinates": [4.6562, 46.2133]}, "properties": {"id": 215, "zeile": 4, "tags": ["george_duroy", "social", "koerper_als_akteur"], "perspektive": "figur", "text": "Hochmütig und stolz ritten sie daher und blickten keck und unverschämt in die Welt hinein.", "notiz": "Duroy nimmt die körperliche Selbstdarstellung der betrügerischen Herren als Ausdruck unverschämter gesellschaftlicher Überlegenheit wahr.", "ort": "gesellschaftlicher Ort, Paris (nicht näher spezifiziert)", "valenz": -1, "intensitaet": 2, "gewichtete_valenz": -2, "f_wert": null, "f_emotion": null, "raum_emotion": null, "route": null}}, {"type": "Feature", "geometry": {"type": "Point", "coordinates": [4.6562, 46.2133]}, "properties": {"id": 216, "zeile": 5, "tags": ["george_duroy", "mood", "social"], "perspektive": "figur", "text": "Duroy lachte immer noch und wiederholte: »Das ist ein richtiges Gaunerpack! Schwindler!«", "notiz": "Duroys innere Reaktion — Lachen und mentale Verurteilung — offenbart seine amüsierte Verachtung für die gesellschaftliche Heuchelei.", "ort": "gesellschaftlicher Ort, Paris (nicht näher spezifiziert)", "valenz": -1, "intensitaet": 2, "gewichtete_valenz": -2, "f_wert": "ort_loest_emotion_aus", "f_emotion": "amüsierte Verachtung", "raum_emotion": {"ort": "gesellschaftlicher Spazierort Paris", "emotion": "amüsierte Verachtung", "richtung": "ort_loest_emotion_aus"}, "route": null}}, {"type": "Feature", "geometry": {"type": "Point", "coordinates": [4.6562, 46.2133]}, "properties": {"id": 217, "zeile": 6, "tags": ["social", "material"], "perspektive": "erzaehler", "text": "Da kam in schnellem Trabe ein reizender, offener, niedriger Wagen vorbei, vor den zwei Schimmelponys", "notiz": "Maupassant beschreibt von aussen das Erscheinen der Kutsche mit Schimmelponys als gesellschaftliches Spektakel.", "ort": "Spazierpromenade Paris (nicht näher spezifiziert)", "valenz": null, "intensitaet": 2, "gewichtete_valenz": null, "f_wert": null, "f_emotion": null, "raum_emotion": null, "route": null}}, {"type": "Feature", "geometry": {"type": "Point", "coordinates": [4.6562, 46.2133]}, "properties": {"id": 218, "zeile": 7, "tags": ["social"], "perspektive": "erzaehler", "text": "Eine zierliche, junge Blondine kutschierte; es war eine bekannte Kurtisane; hinter ihr saßen zwei Gr", "notiz": "Maupassant identifiziert die Kutschenfahrerin als bekannte Kurtisane — eine neutrale Beschreibung der gesellschaftlichen Realität von aussen.", "ort": "Spazierpromenade Paris (nicht näher spezifiziert)", "valenz": null, "intensitaet": 1, "gewichtete_valenz": null, "f_wert": null, "f_emotion": null, "raum_emotion": null, "route": null}}, {"type": "Feature", "geometry": {"type": "Point", "coordinates": [4.6562, 46.2133]}, "properties": {"id": 219, "zeile": 8, "tags": ["george_duroy", "mood", "social", "koerper_als_akteur"], "perspektive": "figur", "text": "Duroy blieb stehen; er hatte Lust, ihr einen zustimmenden Liebesgruß zuzuwinken, ihr Beifall zu klat", "notiz": "Duroy bleibt stehen und verspürt Sympathie und Bewunderung für die Kurtisane — sein Körper und seine Gefühle reagieren auf die gesellschaftliche Szene.", "ort": "Spazierpromenade Paris (nicht näher spezifiziert)", "valenz": 1, "intensitaet": 2, "gewichtete_valenz": 2, "f_wert": "ort_loest_emotion_aus", "f_emotion": "Sympathie, Bewunderung, Identifikation", "raum_emotion": {"ort": "gesellschaftliche Promenade Paris", "emotion": "Sympathie, Bewunderung, Identifikation", "richtung": "ort_loest_emotion_aus"}, "route": null}}, {"type": "Feature", "geometry": {"type": "Point", "coordinates": [2.325, 48.876]}, "properties": {"id": 220, "zeile": 9, "tags": ["george_duroy", "mood", "social"], "perspektive": "figur", "text": "Er fühlte wohl unklar, daß es etwas Gemeinsames zwischen ihnen gäbe, daß ein natürliches Band sie ve", "notiz": "Duroy fühlt eine innere Verwandtschaft mit der Kurtisane und projiziert seinen eigenen sozialen Aufstieg in die Zukunft — tiefes inneres Erleben von Ambition und Identifikation.", "ort": "Spazierpromenade Paris (nicht näher spezifiziert)", "valenz": 1, "intensitaet": 2, "gewichtete_valenz": 2, "f_wert": "ort_loest_emotion_aus", "f_emotion": "Identifikation, Ambitionen, Zukunftsvision", "raum_emotion": {"ort": "gesellschaftliche Promenade Paris", "emotion": "Identifikation, Ambitionen, Zukunftsvision", "richtung": "ort_loest_emotion_aus"}, "route": null}}, {"type": "Feature", "geometry": {"type": "Point", "coordinates": [2.325, 48.876]}, "properties": {"id": 221, "zeile": 1, "tags": ["george_duroy", "move", "mood"], "perspektive": "figur", "text": "Er kehrte langsam zurück; sein Herz war von innerlicher Befriedigung erwärmt, und er kam etwas vor d", "notiz": "Duroy kehrt mit innerlicher Befriedigung zurück — Bewegung und positiver emotionaler Zustand aus seiner Perspektive.", "ort": "Wohnung der Geliebten (nicht näher spezifiziert)", "valenz": null, "intensitaet": null, "gewichtete_valenz": null, "f_wert": "emotion_faerbt_raum", "f_emotion": "innerliche Befriedigung", "raum_emotion": {"ort": "Wohnung der Geliebten", "emotion": "innerliche Befriedigung", "richtung": "emotion_faerbt_raum"}, "route": null}}, {"type": "Feature", "geometry": {"type": "Point", "coordinates": [2.325, 48.876]}, "properties": {"id": 222, "zeile": 4, "tags": ["social"], "perspektive": "erzaehler", "text": "Sie empfing ihn mit hingehaltenen Lippen, als ob es niemals ein Zerwürfnis zwischen ihnen gegeben ha", "notiz": "Maupassant beschreibt das Verhalten der Geliebten von aussen — soziale Vorsicht in der Wohnung als Konvention.", "ort": "Wohnung der Geliebten", "valenz": null, "intensitaet": 1, "gewichtete_valenz": null, "f_wert": null, "f_emotion": null, "raum_emotion": null, "route": null}}, {"type": "Feature", "geometry": {"type": "Point", "coordinates": [2.325, 48.876]}, "properties": {"id": 223, "zeile": 12, "tags": ["george_duroy", "mood", "social"], "perspektive": "figur", "text": "Duroy war etwas überrascht und zauderte; er hatte noch nie mit einem Mann verkehrt, dessen Frau sein", "notiz": "Duroy erlebt innere Unsicherheit und soziale Angst angesichts der Situation — sein Erleben aus der Innenperspektive.", "ort": "Wohnung der Geliebten", "valenz": -1, "intensitaet": 2, "gewichtete_valenz": -2, "f_wert": "ort_loest_emotion_aus", "f_emotion": "Verlegenheit, Furcht entdeckt zu werden", "raum_emotion": {"ort": "Wohnung der Geliebten", "emotion": "Verlegenheit, Furcht entdeckt zu werden", "richtung": "ort_loest_emotion_aus"}, "route": null}}, {"type": "Feature", "geometry": {"type": "Point", "coordinates": [2.325, 48.876]}, "properties": {"id": 224, "zeile": 18, "tags": ["george_duroy", "mood"], "perspektive": "figur", "text": "Ihre Worte verletzten ihn.", "notiz": "Duroy reagiert emotional verletzt auf die Worte seiner Geliebten — inneres Erleben aus seiner Perspektive.", "ort": "Wohnung der Geliebten", "valenz": -1, "intensitaet": 2, "gewichtete_valenz": -2, "f_wert": null, "f_emotion": null, "raum_emotion": null, "route": null}}, {"type": "Feature", "geometry": {"type": "Point", "coordinates": [2.325, 48.876]}, "properties": {"id": 225, "zeile": 19, "tags": ["george_duroy", "mood"], "perspektive": "figur", "text": "»Nun gut, meinetwegen,« sagte er, »ich komme Montag zum Essen.«", "notiz": "Duroy gibt nach — seine Entscheidung unter dem Druck der verletzenden Worte zeigt innere Nachgiebigkeit.", "ort": "Wohnung der Geliebten", "valenz": -1, "intensitaet": 1, "gewichtete_valenz": -1, "f_wert": null, "f_emotion": null, "raum_emotion": null, "route": null}}, {"type": "Feature", "geometry": {"type": "Point", "coordinates": [2.325, 48.876]}, "properties": {"id": 226, "zeile": 2, "tags": ["george_duroy", "time"], "perspektive": "figur", "text": "Die Tage bis zum Montag dachte Duroy nicht mehr an die bevorstehende Bekanntschaft", "notiz": "Duroy erlebt die Zeitspanne bis zum Montag als emotional neutral-distanziert — Zeit ohne Vorfreude oder Spannung.", "ort": "unspezifisch", "valenz": 0, "intensitaet": 1, "gewichtete_valenz": 0, "f_wert": null, "f_emotion": null, "raum_emotion": null, "route": null}}, {"type": "Feature", "geometry": {"type": "Point", "coordinates": [2.325, 48.876]}, "properties": {"id": 227, "zeile": 2, "tags": ["george_duroy", "move", "mood"], "perspektive": "figur", "text": "als er die Treppe zu Madame de Marelle hinaufging, fühlte er sich seltsam beunruhigt", "notiz": "Duroy erlebt beim Aufsteigen der Treppe eine diffuse, unerklärliche Beunruhigung — Körperbewegung und Gefühl sind verknüpft.", "ort": "Treppenhaus bei Madame de Marelle", "valenz": null, "intensitaet": null, "gewichtete_valenz": null, "f_wert": "ort_loest_emotion_aus", "f_emotion": "Beunruhigung", "raum_emotion": {"ort": "Treppe zu Madame de Marelle", "emotion": "Beunruhigung", "richtung": "ort_loest_emotion_aus"}, "route": null}}, {"type": "Feature", "geometry": {"type": "Point", "coordinates": [2.325, 48.876]}, "properties": {"id": 228, "zeile": 2, "tags": ["george_duroy", "mood"], "perspektive": "figur", "text": "nicht weil es ihm widerstrebte, die Hand dieses Mannes zu drücken, oder seine Gastfreundschaft anzun", "notiz": "Duroy reflektiert seine innere Unruhe und kann sie nicht benennen — diffuse Angst ohne klares Objekt.", "ort": "unspezifisch", "valenz": -1, "intensitaet": 2, "gewichtete_valenz": -2, "f_wert": null, "f_emotion": null, "raum_emotion": null, "route": null}}, {"type": "Feature", "geometry": {"type": "Point", "coordinates": [2.325, 48.876]}, "properties": {"id": 229, "zeile": 3, "tags": ["location", "space"], "perspektive": "erzaehler", "text": "Er wurde in den Salon geführt und er mußte, wie immer, warten.", "notiz": "Maupassant beschreibt von aussen, wie Duroy in den Salon geführt wird und wartet.", "ort": "Salon bei Madame de Marelle", "valenz": null, "intensitaet": 1, "gewichtete_valenz": null, "f_wert": null, "f_emotion": null, "raum_emotion": null, "route": null}}, {"type": "Feature", "geometry": {"type": "Point", "coordinates": [2.325, 48.876]}, "properties": {"id": 230, "zeile": 3, "tags": ["george_duroy", "social"], "perspektive": "figur", "text": "er erblickte einen großen Mann mit weißem Vollbart, ernst und sehr korrekt, der auf ihn zukam", "notiz": "Duroy nimmt Herrn de Marelle visuell wahr — soziale Einschätzung durch äusseres Erscheinungsbild.", "ort": "Salon bei Madame de Marelle", "valenz": 0, "intensitaet": 1, "gewichtete_valenz": 0, "f_wert": null, "f_emotion": null, "raum_emotion": null, "route": null}}, {"type": "Feature", "geometry": {"type": "Point", "coordinates": [2.325, 48.876]}, "properties": {"id": 231, "zeile": 5, "tags": ["george_duroy", "koerper_als_akteur", "mood"], "perspektive": "figur", "text": "Duroy schritt ihm entgegen, versuchte seinem Gesicht einen Ausdruck von Herzlichkeit zu geben und dr", "notiz": "Duroy setzt seinen Körper bewusst als soziales Instrument ein — gespielt herzliche Geste verdeckt innere Anspannung.", "ort": "Salon bei Madame de Marelle", "valenz": -1, "intensitaet": 2, "gewichtete_valenz": -2, "f_wert": null, "f_emotion": null, "raum_emotion": null, "route": null}}, {"type": "Feature", "geometry": {"type": "Point", "coordinates": [2.325, 48.876]}, "properties": {"id": 232, "zeile": 5, "tags": ["george_duroy", "mood"], "perspektive": "figur", "text": "er wußte nicht, wie er die Unterhaltung beginnen sollte", "notiz": "Duroy erlebt soziale Ratlosigkeit und Unsicherheit im Gespräch mit dem betrogenen Ehemann.", "ort": "Salon bei Madame de Marelle", "valenz": -1, "intensitaet": 1, "gewichtete_valenz": -1, "f_wert": null, "f_emotion": null, "raum_emotion": null, "route": null}}, {"type": "Feature", "geometry": {"type": "Point", "coordinates": [2.325, 48.876]}, "properties": {"id": 233, "zeile": 8, "tags": ["george_duroy", "mood"], "perspektive": "figur", "text": "Er beruhigte sich allmählich und begann, die ganze Situation sehr komisch zu finden.", "notiz": "Duroys Stimmung kippt von Anspannung zu spöttischer Belustigung über die absurde Situation.", "ort": "Salon bei Madame de Marelle", "valenz": 1, "intensitaet": 2, "gewichtete_valenz": 2, "f_wert": "emotion_faerbt_raum", "f_emotion": "spöttische Belustigung", "raum_emotion": {"ort": "Salon bei Madame de Marelle", "emotion": "spöttische Belustigung", "richtung": "emotion_faerbt_raum"}, "route": null}}, {"type": "Feature", "geometry": {"type": "Point", "coordinates": [2.325, 48.876]}, "properties": {"id": 234, "zeile": 8, "tags": ["george_duroy", "mood", "social"], "perspektive": "figur", "text": "Er betrachtete die ernsthafte und ehrwürdige Gestalt von Herrn de Marelle, und auf seinen Lippen zuc", "notiz": "Duroy genießt insgeheim den Triumph über den Ehemann — innere Schadenfreude und soziale Überlegenheit.", "ort": "Salon bei Madame de Marelle", "valenz": 1, "intensitaet": 2, "gewichtete_valenz": 2, "f_wert": "emotion_faerbt_raum", "f_emotion": "Schadenfreude, Triumph", "raum_emotion": {"ort": "Salon bei Madame de Marelle", "emotion": "Schadenfreude, Triumph", "richtung": "emotion_faerbt_raum"}, "route": null}}, {"type": "Feature", "geometry": {"type": "Point", "coordinates": [2.325, 48.876]}, "properties": {"id": 235, "zeile": 9, "tags": ["george_duroy", "mood", "social"], "perspektive": "figur", "text": "Ihn erfüllte eine schadenfrohe, innere Genugtuung, die Befriedigung eines erfolgreichen Diebes, auf ", "notiz": "Duroy erlebt eine intensive innere Genugtuung — er vergleicht sich mit einem unentdeckten Dieb und geniesst die Heimlichkeit.", "ort": "Salon bei Madame de Marelle", "valenz": 1, "intensitaet": 3, "gewichtete_valenz": 3, "f_wert": null, "f_emotion": null, "raum_emotion": null, "route": null}}, {"type": "Feature", "geometry": {"type": "Point", "coordinates": [2.325, 48.876]}, "properties": {"id": 236, "zeile": 10, "tags": ["george_duroy", "mood", "social"], "perspektive": "figur", "text": "Plötzlich hatte er das Verlangen, ein Freund dieses Mannes zu werden, sein Vertrauen zu gewinnen und", "notiz": "Duroys Schadenfreude verwandelt sich in Neugier und strategisches Begehren — er will die Kontrolle über den Betrogenen ausweiten.", "ort": "Salon bei Madame de Marelle", "valenz": 1, "intensitaet": 2, "gewichtete_valenz": 2, "f_wert": null, "f_emotion": null, "raum_emotion": null, "route": null}}, {"type": "Feature", "geometry": {"type": "Point", "coordinates": [2.325, 48.876]}, "properties": {"id": 237, "zeile": 1, "tags": ["george_duroy", "atmosphere"], "perspektive": "erzaehler", "text": "In diesem Augenblick trat Madame de Marelle ein, betrachtete beide mit lächelndem, undurchdringliche", "notiz": "Maupassant beschreibt von aussen Madame de Marelles Eintritt und ihre Reaktion auf Duroy.", "ort": "Salon/Wohnung (Ort der Abendgesellschaft)", "valenz": 0, "intensitaet": 1, "gewichtete_valenz": 0, "f_wert": null, "f_emotion": null, "raum_emotion": null, "route": null}}, {"type": "Feature", "geometry": {"type": "Point", "coordinates": [2.325, 48.876]}, "properties": {"id": 238, "zeile": 1, "tags": ["george_duroy", "mood", "social"], "perspektive": "figur", "text": "der ihr in Gegenwart des Mannes nicht die Hand zu küssen wagte, wie er es sonst tat", "notiz": "Duroy zögert, seine Vertrautheit mit Madame de Marelle zu zeigen, da ihr Ehemann anwesend ist — inneres Erleben sozialer Spannung.", "ort": "Salon/Wohnung (Ort der Abendgesellschaft)", "valenz": -1, "intensitaet": 1, "gewichtete_valenz": -1, "f_wert": "ort_loest_emotion_aus", "f_emotion": "Zurückhaltung, soziale Bedrängnis", "raum_emotion": {"ort": "Salon mit Ehemann", "emotion": "Zurückhaltung, soziale Bedrängnis", "richtung": "ort_loest_emotion_aus"}, "route": null}}, {"type": "Feature", "geometry": {"type": "Point", "coordinates": [2.325, 48.876]}, "properties": {"id": 239, "zeile": 2, "tags": ["social", "atmosphere"], "perspektive": "erzaehler", "text": "Sie war ruhig und lustig wie eine Frau, die an alles gewöhnt war und die in ihrer angeborenen Verdor", "notiz": "Maupassant charakterisiert Madame de Marelle von aussen als weltgewandte Frau mit moralischer Lässigkeit.", "ort": "Salon/Wohnung (Ort der Abendgesellschaft)", "valenz": null, "intensitaet": 2, "gewichtete_valenz": null, "f_wert": null, "f_emotion": null, "raum_emotion": null, "route": null}}, {"type": "Feature", "geometry": {"type": "Point", "coordinates": [2.325, 48.876]}, "properties": {"id": 240, "zeile": 3, "tags": ["george_duroy", "social"], "perspektive": "erzaehler", "text": "Dann kam Laurine und hielt kühler als sonst Duroy ihre Stirn hin; die Gegenwart ihres Vaters machte ", "notiz": "Maupassant beschreibt von aussen Laurines veränderte Haltung gegenüber Duroy in Anwesenheit ihres Vaters.", "ort": "Salon/Wohnung (Ort der Abendgesellschaft)", "valenz": null, "intensitaet": 1, "gewichtete_valenz": null, "f_wert": null, "f_emotion": null, "raum_emotion": null, "route": null}}, {"type": "Feature", "geometry": {"type": "Point", "coordinates": [2.325, 48.876]}, "properties": {"id": 241, "zeile": 6, "tags": ["atmosphere", "social"], "perspektive": "erzaehler", "text": "Als das Ehepaar Forestier kam, war man über das Aussehen von Charles entsetzt. In der letzten Woche ", "notiz": "Maupassant beschreibt von aussen den schlechten Gesundheitszustand von Charles Forestier.", "ort": "Salon/Wohnung (Ort der Abendgesellschaft)", "valenz": -1, "intensitaet": 2, "gewichtete_valenz": -2, "f_wert": null, "f_emotion": null, "raum_emotion": null, "route": null}}, {"type": "Feature", "geometry": {"type": "Point", "coordinates": [7.0174, 43.5528]}, "properties": {"id": 242, "zeile": 7, "tags": ["location", "time"], "perspektive": "erzaehler", "text": "Er erzählte, daß sie auf Anordnung des Arztes nächsten Donnerstag nach Cannes führen.", "notiz": "Maupassant nennt Cannes als geplantes Reiseziel der Forestiers — neutrale Ortsnennung.", "ort": "Cannes", "valenz": null, "intensitaet": 1, "gewichtete_valenz": null, "f_wert": null, "f_emotion": null, "raum_emotion": null, "route": null}}, {"type": "Feature", "geometry": {"type": "Point", "coordinates": [2.325, 48.876]}, "properties": {"id": 243, "zeile": 8, "tags": ["move", "time"], "perspektive": "erzaehler", "text": "Sie gingen frühzeitig nach Hause und kopfschüttelnd sagte Duroy:", "notiz": "Maupassant beschreibt von aussen den Aufbruch Duroys und Madame de Marelles nach Hause.", "ort": "Strasse/Weg nach Hause (Paris)", "valenz": null, "intensitaet": null, "gewichtete_valenz": null, "f_wert": null, "f_emotion": null, "raum_emotion": null, "route": null}}, {"type": "Feature", "geometry": {"type": "Point", "coordinates": [2.325, 48.876]}, "properties": {"id": 244, "zeile": 9, "tags": ["george_duroy", "mood"], "perspektive": "figur", "text": "»Es geht ihm sehr schlecht. Ich glaube kaum, daß er noch lange leben wird.«", "notiz": "Duroy äussert seine innere Überzeugung über Forestiers schlechten Gesundheitszustand.", "ort": "Strasse/Weg nach Hause (Paris)", "valenz": -1, "intensitaet": 2, "gewichtete_valenz": -2, "f_wert": null, "f_emotion": null, "raum_emotion": null, "route": null}}, {"type": "Feature", "geometry": {"type": "Point", "coordinates": [2.325, 48.876]}, "properties": {"id": 245, "zeile": 14, "tags": ["george_duroy", "mood", "social"], "perspektive": "figur", "text": "»Sie würde bestimmt bald wieder heiraten«, sagte Georges.", "notiz": "Duroy spekuliert über Madame Forestiers Zukunft — inneres Kalkül über soziale Verhältnisse.", "ort": "Strasse/Weg nach Hause (Paris)", "valenz": 0, "intensitaet": 1, "gewichtete_valenz": 0, "f_wert": null, "f_emotion": null, "raum_emotion": null, "route": null}}, {"type": "Feature", "geometry": {"type": "Point", "coordinates": [2.325, 48.876]}, "properties": {"id": 246, "zeile": 5, "tags": ["george_duroy", "mood"], "perspektive": "figur", "text": "Duroy verabschiedete sich etwas verwirrt, und unklare Kombinationen schwirrten durch seinen Kopf.", "notiz": "Duroy erlebt innere Verwirrung und diffuse Gedanken nach dem Gespräch mit de Marelle.", "ort": "Wohnung de Marelle (Paris, unspezifisch)", "valenz": -1, "intensitaet": 2, "gewichtete_valenz": -2, "f_wert": null, "f_emotion": null, "raum_emotion": null, "route": null}}, {"type": "Feature", "geometry": {"type": "Point", "coordinates": [2.3211, 48.87945]}, "properties": {"id": 247, "zeile": 7, "tags": ["time", "location"], "perspektive": "erzaehler", "text": "Als er am nächsten Tag Forestiers besuchte, traf er sie beim Packen.", "notiz": "Neutrale Zeitangabe (nächster Tag) und Ortsangabe — Duroy besucht die Forestiers.", "ort": "Wohnung Forestier (Paris, unspezifisch)", "valenz": null, "intensitaet": 1, "gewichtete_valenz": null, "f_wert": null, "f_emotion": null, "raum_emotion": null, "route": null}}, {"type": "Feature", "geometry": {"type": "Point", "coordinates": [2.3211, 48.87945]}, "properties": {"id": 248, "zeile": 8, "tags": ["social", "atmosphere"], "perspektive": "erzaehler", "text": "Charles lag auf einem Diwan, atmete schwer und wiederholte immer: »Ich hätte vor einem Monat reisen ", "notiz": "Maupassant beschreibt Forestiers Krankheitszustand von aussen als atmosphärisches Bild.", "ort": "Wohnung Forestier (Paris, unspezifisch)", "valenz": -1, "intensitaet": 2, "gewichtete_valenz": -2, "f_wert": null, "f_emotion": null, "raum_emotion": null, "route": null}}, {"type": "Feature", "geometry": {"type": "Point", "coordinates": [2.3211, 48.87945]}, "properties": {"id": 249, "zeile": 14, "tags": ["george_duroy", "mood"], "perspektive": "figur", "text": "Madame Forestier begleitete ihn bis zur Tür und er sagte ihr mit plötzlicher Herzlichkeit: »Vergesse", "notiz": "Duroy zeigt plötzliche Herzlichkeit und besiegelt eine emotionale Allianz mit Madame Forestier — inneres Erleben als Handlung.", "ort": "Wohnung Forestier, Eingangsbereich (Paris, unspezifisch)", "valenz": 1, "intensitaet": 2, "gewichtete_valenz": 2, "f_wert": "ort_loest_emotion_aus", "f_emotion": "Herzlichkeit, strategische Nähe", "raum_emotion": {"ort": "Türschwelle der Wohnung Forestier", "emotion": "Herzlichkeit, strategische Nähe", "richtung": "ort_loest_emotion_aus"}, "route": null}}, {"type": "Feature", "geometry": {"type": "Point", "coordinates": [2.3211, 48.87945]}, "properties": {"id": 250, "zeile": 20, "tags": ["george_duroy", "move", "location"], "perspektive": "figur", "text": "Als Duroy die Treppe hinunterging, begegnete er dem Grafen Vaudrec, den er schon einmal bei ihr gese", "notiz": "Duroy bewegt sich die Treppe hinunter und begegnet Vaudrec — Bewegung durch den Raum aus seiner Perspektive.", "ort": "Treppenhaus im Wohngebäude der Forestiers (Paris, unspezifisch)", "valenz": null, "intensitaet": null, "gewichtete_valenz": null, "f_wert": null, "f_emotion": null, "raum_emotion": null, "route": null}}, {"type": "Feature", "geometry": {"type": "Point", "coordinates": [2.3211, 48.87945]}, "properties": {"id": 251, "zeile": 21, "tags": ["george_duroy", "atmosphere"], "perspektive": "figur", "text": "Der Graf schien traurig zu sein, vielleicht wegen der Abreise.", "notiz": "Duroy nimmt die Stimmung Vaudrecs wahr und interpretiert sie — Wahrnehmung aus seiner Perspektive.", "ort": "Treppenhaus im Wohngebäude der Forestiers (Paris, unspezifisch)", "valenz": -1, "intensitaet": 1, "gewichtete_valenz": -1, "f_wert": null, "f_emotion": null, "raum_emotion": null, "route": null}}, {"type": "Feature", "geometry": {"type": "Point", "coordinates": [2.3211, 48.87945]}, "properties": {"id": 252, "zeile": 23, "tags": ["george_duroy", "social", "koerper_als_akteur"], "perspektive": "figur", "text": "Der Journalist wollte sich als Weltmann zeigen und grüßte ihn außerordentlich zuvorkommend.", "notiz": "Duroy setzt seinen Körper strategisch ein, um sozialen Status zu demonstrieren — inneres Motiv mit äusserer Geste.", "ort": "Treppenhaus im Wohngebäude der Forestiers (Paris, unspezifisch)", "valenz": 0, "intensitaet": 1, "gewichtete_valenz": 0, "f_wert": "emotion_faerbt_raum", "f_emotion": "sozialer Geltungsdrang, Wunsch nach Anerkennung", "raum_emotion": {"ort": "Treppenhaus", "emotion": "sozialer Geltungsdrang, Wunsch nach Anerkennung", "richtung": "emotion_faerbt_raum"}, "route": null}}, {"type": "Feature", "geometry": {"type": "Point", "coordinates": [7.0174, 43.5528]}, "properties": {"id": 253, "zeile": 25, "tags": ["time"], "perspektive": "erzaehler", "text": "Am Donnerstag abend reiste das Ehepaar Forestier ab.", "notiz": "Neutrale Zeitangabe durch den Erzähler — Donnerstagabend als faktischer Abreisepunkt.", "ort": "Paris (Abreisepunkt, unspezifisch)", "valenz": null, "intensitaet": 1, "gewichtete_valenz": null, "f_wert": null, "f_emotion": null, "raum_emotion": null, "route": null}}]}