{"type": "FeatureCollection", "features": [{"type": "Feature", "geometry": {"type": "Point", "coordinates": [2.3355, 48.8717]}, "properties": {"id": 1, "zeile": 1, "tags": ["social", "location"], "perspektive": "erzaehler", "text": "Forestiers Abwesenheit machte die Stellung Duroys in der Redaktion der Vie Française noch einflußrei", "notiz": "Maupassant beschreibt von aussen Duroys wachsenden Einfluss in der Redaktion der Vie Française.", "ort": "Redaktion der Vie Française, Boulevard des Capucines", "valenz": null, "intensitaet": 2, "gewichtete_valenz": null, "f_wert": null, "f_emotion": null, "raum_emotion": null, "route": null}}, {"type": "Feature", "geometry": {"type": "Point", "coordinates": [2.3355, 48.8717]}, "properties": {"id": 2, "zeile": 2, "tags": ["social"], "perspektive": "erzaehler", "text": "Außer den Lokalberichten unterzeichnete er auch mehrere Leitartikel, denn der Chef verlangte, daß ei", "notiz": "Maupassant beschreibt von aussen Duroys journalistische Tätigkeit und Verantwortungsübernahme.", "ort": "Redaktion der Vie Française", "valenz": null, "intensitaet": 1, "gewichtete_valenz": null, "f_wert": null, "f_emotion": null, "raum_emotion": null, "route": null}}, {"type": "Feature", "geometry": {"type": "Point", "coordinates": [2.3355, 48.8717]}, "properties": {"id": 3, "zeile": 3, "tags": ["social", "historical"], "perspektive": "erzaehler", "text": "Er hatte hin und wieder kleine Zeitungsfehden, die er stets geistreich und geschickt durchfocht, und", "notiz": "Maupassant beschreibt von aussen Duroys politische Vernetzung und journalistische Entwicklung im Kontext der Dritten Republik.", "ort": "Paris, allgemein", "valenz": null, "intensitaet": 2, "gewichtete_valenz": null, "f_wert": null, "f_emotion": null, "raum_emotion": null, "route": null}}, {"type": "Feature", "geometry": {"type": "Point", "coordinates": [2.3355, 48.8717]}, "properties": {"id": 4, "zeile": 4, "tags": ["social", "atmosphere"], "perspektive": "erzaehler", "text": "Er sah nur einen dunklen Punkt an seinem Horizont. Er kam von einem kleinen, oppositionellen Blatt, ", "notiz": "Maupassant beschreibt von aussen die einzige Bedrohung für Duroys Karriere: ein oppositionelles Blatt.", "ort": "Paris, allgemein", "valenz": null, "intensitaet": 2, "gewichtete_valenz": null, "f_wert": null, "f_emotion": null, "raum_emotion": null, "route": null}}, {"type": "Feature", "geometry": {"type": "Point", "coordinates": [2.3355, 48.8717]}, "properties": {"id": 5, "zeile": 5, "tags": ["social"], "perspektive": "erzaehler", "text": "Die Zeitung, die ihn oder vielmehr in ihm den Nachrichtenredakteur der Vie Française beständig angri", "notiz": "Maupassant beschreibt von aussen die Verleumdungskampagne der Zeitung 'Die Feder' gegen Duroy.", "ort": "Paris, allgemein", "valenz": null, "intensitaet": 2, "gewichtete_valenz": null, "f_wert": null, "f_emotion": null, "raum_emotion": null, "route": null}}, {"type": "Feature", "geometry": {"type": "Point", "coordinates": [2.3355, 48.8717]}, "properties": {"id": 6, "zeile": 6, "tags": ["time", "location", "move"], "perspektive": "erzaehler", "text": "Als er eines Nachmittags den Redaktionssaal betrat, hielt ihm Boisrenard die letzte Nummer der »Fede", "notiz": "Maupassant situiert die Szene zeitlich (Nachmittag) und örtlich (Redaktionssaal) und beschreibt Duroys Eintreten von aussen.", "ort": "Redaktionssaal der Vie Française, Boulevard des Capucines", "valenz": null, "intensitaet": 1, "gewichtete_valenz": null, "f_wert": null, "f_emotion": null, "raum_emotion": null, "route": [[2.3358936, 48.8713952], [2.3360054, 48.8714028], [2.3366593, 48.8715153], [2.3366971, 48.871521], [2.3368586, 48.8715632], [2.3371068, 48.8716006], [2.3373147, 48.8722644], [2.3372905, 48.8722677], [2.3373655, 48.8724732], [2.3374103, 48.8724855], [2.337584, 48.8729779], [2.3376136, 48.8730728], [2.3376357, 48.8730843], [2.337755, 48.8734772], [2.3380132, 48.8741105], [2.3380418, 48.8742572], [2.3380643, 48.8744167], [2.3381139, 48.8744421], [2.3382841, 48.8744799], [2.3384595, 48.8750317], [2.3385101, 48.8750832], [2.3385456, 48.875141], [2.3385329, 48.8751584], [2.3387974, 48.8758777], [2.3391404, 48.8758634], [2.3391659, 48.8760074], [2.3391377, 48.8760263], [2.3393664, 48.8766336], [2.3394012, 48.8766323], [2.3394187, 48.876743], [2.3393127, 48.8768695], [2.339418, 48.8772268], [2.3394535, 48.8772484], [2.339479, 48.8773353], [2.339587, 48.8777304], [2.3396058, 48.8778089], [2.3395856, 48.8778367], [2.3397278, 48.8783685], [2.3397627, 48.8783884], [2.3397835, 48.8784647], [2.3398686, 48.8788677], [2.3400436, 48.879344], [2.34023, 48.879706], [2.3402676, 48.8797682], [2.3403172, 48.8798886], [2.3403407, 48.8799543], [2.3404888, 48.8803162], [2.3405511, 48.8803498], [2.3405787, 48.880476], [2.3404996, 48.8805051], [2.3404782, 48.8805408], [2.340598, 48.8806903], [2.3407248, 48.8807072], [2.3408794, 48.8809537], [2.3409019, 48.8809606], [2.3410029, 48.8812454], [2.341034, 48.8812627], [2.3410943, 48.8813839], [2.3412969, 48.8817702], [2.3413391, 48.881873], [2.3412238, 48.8821107], [2.3418747, 48.8822428], [2.3418398, 48.8823203], [2.3417964, 48.8824197], [2.3417569, 48.8824978], [2.34172, 48.8825723], [2.3418299, 48.8825952], [2.3417442, 48.8831332], [2.3416751, 48.8833828], [2.3416557, 48.8834111], [2.3416294, 48.8834895], [2.3416503, 48.8835065], [2.341414, 48.8839396], [2.3415308, 48.8839673], [2.3416618, 48.8840551], [2.341631, 48.8841169], [2.3416006, 48.8841311], [2.3418892, 48.8849283], [2.3419201, 48.8850078], [2.3418397, 48.8850294], [2.3419519, 48.8853417], [2.3419772, 48.8854159], [2.3420733, 48.8857075], [2.3423606, 48.8856969], [2.3423563, 48.8857824], [2.3423328, 48.8859596], [2.342318, 48.8860548], [2.3425052, 48.8861047], [2.3424141, 48.8869832], [2.3424031, 48.8870095], [2.3426003, 48.8870003]]}}, {"type": "Feature", "geometry": {"type": "Point", "coordinates": [2.3355, 48.8717]}, "properties": {"id": 7, "zeile": 7, "tags": ["george_duroy"], "perspektive": "figur", "text": "Georges Duroy nahm die Zeitung und las einen Artikel mit der Überschrift: »Duroy amüsiert sich.«", "notiz": "Duroy nimmt aktiv die Zeitung entgegen und liest den Artikel über sich.", "ort": "Redaktionssaal der Vie Française, Boulevard des Capucines", "valenz": null, "intensitaet": null, "gewichtete_valenz": null, "f_wert": null, "f_emotion": null, "raum_emotion": null, "route": null}}, {"type": "Feature", "geometry": {"type": "Point", "coordinates": [2.3431, 48.8867]}, "properties": {"id": 8, "zeile": 8, "tags": ["location"], "perspektive": "erzaehler", "text": "nun wohnt aber die betreffende Person am Montmartre 18 Rue d'Ecureuil.", "notiz": "Maupassant nennt als Erzähler eine konkrete Adresse in Montmartre, die im zitierten Zeitungsartikel genannt wird.", "ort": "Rue d'Ecureuil 18, Montmartre", "valenz": null, "intensitaet": 1, "gewichtete_valenz": null, "f_wert": null, "f_emotion": null, "raum_emotion": null, "route": null}}, {"type": "Feature", "geometry": {"type": "Point", "coordinates": [2.34305, 48.88685]}, "properties": {"id": 9, "zeile": 9, "tags": ["social", "historical"], "perspektive": "erzaehler", "text": "Wir verstehen übrigens vollkommen, welche Vorteile die Agenten der 'Walterbank' daran haben können, ", "notiz": "Maupassant lässt die Zeitung 'Die Feder' die Verflechtung von Presse, Finanz und Politik der Dritten Republik beleuchten.", "ort": "Paris, allgemein", "valenz": null, "intensitaet": 2, "gewichtete_valenz": null, "f_wert": null, "f_emotion": null, "raum_emotion": null, "route": null}}, {"type": "Feature", "geometry": {"type": "Point", "coordinates": [2.34305, 48.88685]}, "properties": {"id": 10, "zeile": 1, "tags": ["george_duroy", "mood"], "perspektive": "figur", "text": "Der junge Mann war bestürzt und sprachlos; er verstand nur, daß etwas für ihn sehr Unangenehmes in d", "notiz": "Duroy erlebt Bestürzung und Sprachlosigkeit angesichts des Artikels — innerer emotionaler Zustand.", "ort": "Redaktion La Vie Française", "valenz": null, "intensitaet": null, "gewichtete_valenz": null, "f_wert": null, "f_emotion": null, "raum_emotion": null, "route": null}}, {"type": "Feature", "geometry": {"type": "Point", "coordinates": [2.34305, 48.88685]}, "properties": {"id": 11, "zeile": 2, "tags": ["george_duroy", "mood"], "perspektive": "figur", "text": "Duroy dachte nach, konnte sich aber nicht gleich entsinnen. Dann fiel es ihm plötzlich ein: »Ja ... ", "notiz": "Duroy sucht in seiner Erinnerung nach der Quelle — innerer Denkprozess der Figur.", "ort": "Redaktion La Vie Française", "valenz": null, "intensitaet": null, "gewichtete_valenz": null, "f_wert": null, "f_emotion": null, "raum_emotion": null, "route": null}}, {"type": "Feature", "geometry": {"type": "Point", "coordinates": [2.34305, 48.88685]}, "properties": {"id": 12, "zeile": 3, "tags": ["george_duroy", "mood", "koerper_als_akteur"], "perspektive": "figur", "text": "Darauf las er den Absatz der »Feder« nochmals und wurde plötzlich feuerrot und empört über den Vorwu", "notiz": "Duroy errötet körperlich und empfindet Empörung — Emotion schlägt sich im Körper nieder.", "ort": "Redaktion La Vie Française", "valenz": null, "intensitaet": null, "gewichtete_valenz": null, "f_wert": null, "f_emotion": null, "raum_emotion": null, "route": null}}, {"type": "Feature", "geometry": {"type": "Point", "coordinates": [2.34305, 48.88685]}, "properties": {"id": 13, "zeile": 4, "tags": ["move"], "perspektive": "erzaehler", "text": "Saint-Potin trat gerade herein; Duroy eilte ihm entgegen", "notiz": "Erzähler beschreibt Duroys schnelle Bewegung auf Saint-Potin zu — äussere Handlung.", "ort": "Redaktion La Vie Française", "valenz": null, "intensitaet": null, "gewichtete_valenz": null, "f_wert": null, "f_emotion": null, "raum_emotion": null, "route": null}}, {"type": "Feature", "geometry": {"type": "Point", "coordinates": [2.34305, 48.88685]}, "properties": {"id": 14, "zeile": 5, "tags": ["move", "social"], "perspektive": "erzaehler", "text": "Duroy ging nunmehr zum Chef, der ihn etwas kühl und mißtrauisch empfing.", "notiz": "Erzähler beschreibt Duroys Gang zum Chef und die kühle soziale Atmosphäre der Begegnung.", "ort": "Redaktion La Vie Française", "valenz": null, "intensitaet": 1, "gewichtete_valenz": null, "f_wert": null, "f_emotion": null, "raum_emotion": null, "route": null}}, {"type": "Feature", "geometry": {"type": "Point", "coordinates": [2.34305, 48.88685]}, "properties": {"id": 15, "zeile": 6, "tags": ["george_duroy", "mood", "social"], "perspektive": "figur", "text": "»Was,« rief er aus, »man behauptet, ich würde bezahlt für ...«", "notiz": "Duroys empörter Ausruf spiegelt sein inneres Erleben der Ungerechtigkeit des Vorwurfs der Bestechlichkeit.", "ort": "Redaktion La Vie Française", "valenz": null, "intensitaet": null, "gewichtete_valenz": null, "f_wert": null, "f_emotion": null, "raum_emotion": null, "route": null}}, {"type": "Feature", "geometry": {"type": "Point", "coordinates": [2.343, 48.887]}, "properties": {"id": 16, "zeile": 1, "tags": ["george_duroy", "move", "location"], "perspektive": "figur", "text": "Duroy stieg mit Saint-Potin in eine Droschke und rief dem Kutscher zu: »18 Rue de l'Ecureuil am Mont", "notiz": "Duroy steigt in eine Droschke und gibt das Fahrziel an — aktive Bewegungsinitiative.", "ort": "Rue de l'Ecureuil, Montmartre, Paris", "valenz": null, "intensitaet": null, "gewichtete_valenz": null, "f_wert": null, "f_emotion": null, "raum_emotion": null, "route": [[2.3426003, 48.8870003]]}}, {"type": "Feature", "geometry": {"type": "Point", "coordinates": [2.343, 48.887]}, "properties": {"id": 17, "zeile": 2, "tags": ["location"], "perspektive": "erzaehler", "text": "18 Rue de l'Ecureuil am Montmartre", "notiz": "Konkrete Strassenangabe als Erzählerinformation zur Verortung der Szene.", "ort": "Rue de l'Ecureuil, Montmartre, Paris", "valenz": null, "intensitaet": 1, "gewichtete_valenz": null, "f_wert": null, "f_emotion": null, "raum_emotion": null, "route": null}}, {"type": "Feature", "geometry": {"type": "Point", "coordinates": [2.343, 48.887]}, "properties": {"id": 18, "zeile": 3, "tags": ["space", "location"], "perspektive": "erzaehler", "text": "Es war ein riesiges Mietshaus, in dem sie sechs Stockwerke hinaufklettern mußten.", "notiz": "Maupassant beschreibt das Gebäude von aussen — riesiges Mietshaus mit sechs Stockwerken.", "ort": "Rue de l'Ecureuil 18, Montmartre, Paris", "valenz": null, "intensitaet": 2, "gewichtete_valenz": null, "f_wert": null, "f_emotion": null, "raum_emotion": null, "route": null}}, {"type": "Feature", "geometry": {"type": "Point", "coordinates": [2.343, 48.887]}, "properties": {"id": 19, "zeile": 4, "tags": ["move", "koerper_als_akteur"], "perspektive": "figur", "text": "in dem sie sechs Stockwerke hinaufklettern mußten", "notiz": "Das mühsame Hinaufklettern sechs Stockwerke als körperliche Bewegung im Raum.", "ort": "Rue de l'Ecureuil 18, Montmartre, Paris", "valenz": -1, "intensitaet": 2, "gewichtete_valenz": -2, "f_wert": null, "f_emotion": null, "raum_emotion": null, "route": [[2.3426003, 48.8870003], [2.3424031, 48.8870095], [2.3424141, 48.8869832], [2.3425052, 48.8861047], [2.342318, 48.8860548], [2.3423328, 48.8859596], [2.3423563, 48.8857824], [2.3423606, 48.8856969], [2.3420733, 48.8857075], [2.3419772, 48.8854159], [2.3419519, 48.8853417], [2.3418397, 48.8850294], [2.3417545, 48.8850523], [2.341713, 48.8849833], [2.3415034, 48.8841482], [2.3414328, 48.8841424], [2.3413342, 48.8841191], [2.3413425, 48.8840354], [2.339827, 48.8842069], [2.339823, 48.8841514], [2.3398016, 48.8841355], [2.3396903, 48.8841351], [2.3396686, 48.8838081], [2.3396417, 48.8837954], [2.3396332, 48.883666], [2.3391062, 48.88387], [2.3388388, 48.8835324], [2.3387938, 48.8834755], [2.3380004, 48.8824736], [2.3380329, 48.8824581], [2.3379885, 48.8823782], [2.3379641, 48.8823199], [2.3379281, 48.8823243], [2.3379047, 48.8822683], [2.3378482, 48.8822154], [2.3377842, 48.8821451], [2.3377496, 48.8821502], [2.3372939, 48.8818829], [2.3371783, 48.881853], [2.3371061, 48.8818616], [2.3363024, 48.8812624], [2.3363412, 48.8812212], [2.3361996, 48.8811308], [2.3361177, 48.8811301], [2.3356275, 48.8806365], [2.3355385, 48.8806602], [2.3353262, 48.8803297], [2.3352841, 48.880336], [2.3352195, 48.8802505], [2.3352439, 48.8802274], [2.3347626, 48.8793634]]}}, {"type": "Feature", "geometry": {"type": "Point", "coordinates": [2.343, 48.887]}, "properties": {"id": 20, "zeile": 5, "tags": ["social"], "perspektive": "erzaehler", "text": "Eine alte Frau in einer wollenen Jacke öffnete ihnen die Tür", "notiz": "Maupassant charakterisiert die Frau durch ihre schlichte Kleidung — soziale Verortung von aussen.", "ort": "Rue de l'Ecureuil 18, Montmartre, Paris", "valenz": null, "intensitaet": 1, "gewichtete_valenz": null, "f_wert": null, "f_emotion": null, "raum_emotion": null, "route": null}}, {"type": "Feature", "geometry": {"type": "Point", "coordinates": [2.343, 48.887]}, "properties": {"id": 21, "zeile": 6, "tags": ["george_duroy"], "perspektive": "figur", "text": "»Ist es wahr, daß Sie von einem Agenten der Sittenpolizei festgenommen wurden?« fragte Duroy.", "notiz": "Duroy handelt aktiv als Journalist und stellt die entscheidende Frage.", "ort": "Rue de l'Ecureuil 18, Montmartre, Paris", "valenz": null, "intensitaet": null, "gewichtete_valenz": null, "f_wert": null, "f_emotion": null, "raum_emotion": null, "route": null}}, {"type": "Feature", "geometry": {"type": "Point", "coordinates": [2.3355, 48.8717]}, "properties": {"id": 22, "zeile": 1, "tags": ["move", "location"], "perspektive": "erzaehler", "text": "Sie kehrten auf die Redaktion zurück", "notiz": "Rückkehr zur Redaktion als Ortsangabe und Bewegung im städtischen Raum.", "ort": "Redaktion der Zeitung (La Vie française)", "valenz": null, "intensitaet": 1, "gewichtete_valenz": null, "f_wert": null, "f_emotion": null, "raum_emotion": null, "route": null}}, {"type": "Feature", "geometry": {"type": "Point", "coordinates": [2.3355, 48.8717]}, "properties": {"id": 23, "zeile": 2, "tags": ["george_duroy"], "perspektive": "erzaehler", "text": "und Duroy schrieb folgende Erwiderung", "notiz": "Erzählerische Beschreibung von Duroys Handlung — er verfasst eine Erwiderung.", "ort": "Redaktion der Zeitung (La Vie française)", "valenz": null, "intensitaet": null, "gewichtete_valenz": null, "f_wert": null, "f_emotion": null, "raum_emotion": null, "route": null}}, {"type": "Feature", "geometry": {"type": "Point", "coordinates": [2.3355, 48.8717]}, "properties": {"id": 24, "zeile": 3, "tags": ["social"], "perspektive": "erzaehler", "text": "Herr Walter und Jaques Rival, die soeben erschienen, fanden beide die Notiz vollkommen ausreichend, ", "notiz": "Maupassant beschreibt von aussen das redaktionelle Urteil der Vorgesetzten über Duroys Notiz.", "ort": "Redaktion der Zeitung (La Vie française)", "valenz": null, "intensitaet": 1, "gewichtete_valenz": null, "f_wert": null, "f_emotion": null, "raum_emotion": null, "route": null}}, {"type": "Feature", "geometry": {"type": "Point", "coordinates": [2.32755, 48.8706]}, "properties": {"id": 25, "zeile": 4, "tags": ["george_duroy", "move", "mood"], "perspektive": "figur", "text": "Duroy ging frühzeitig nach Hause, er war erregt und unruhig.", "notiz": "Duroy verlässt die Redaktion in einem aufgewühlten inneren Zustand — Bewegung verbunden mit emotionalem Erleben.", "ort": "Wohnung Duroys (Nähe Rue Notre-Dame de Lorette)", "valenz": null, "intensitaet": null, "gewichtete_valenz": null, "f_wert": "ort_loest_emotion_aus", "f_emotion": "Erregung und Unruhe", "raum_emotion": {"ort": "Weg nach Hause", "emotion": "Erregung und Unruhe", "richtung": "ort_loest_emotion_aus"}, "route": null}}, {"type": "Feature", "geometry": {"type": "Point", "coordinates": [2.32755, 48.8706]}, "properties": {"id": 26, "zeile": 5, "tags": ["george_duroy", "mood", "social"], "perspektive": "figur", "text": "Was würde der andere antworten? Wer konnte es sein? Wozu dieser schamlose Angriff? Bei der rücksicht", "notiz": "Duroy grübelt über die möglichen Folgen des Pressestreits — innere Unruhe und soziale Angst vor Konsequenzen.", "ort": "Wohnung Duroys", "valenz": -1, "intensitaet": 2, "gewichtete_valenz": -2, "f_wert": "ort_loest_emotion_aus", "f_emotion": "Angst vor sozialen Folgen", "raum_emotion": {"ort": "Wohnung Duroys", "emotion": "Angst vor sozialen Folgen", "richtung": "ort_loest_emotion_aus"}, "route": null}}, {"type": "Feature", "geometry": {"type": "Point", "coordinates": [2.32755, 48.8706]}, "properties": {"id": 27, "zeile": 6, "tags": ["george_duroy", "mood"], "perspektive": "figur", "text": "Er schlief schlecht.", "notiz": "Körperliche Folge der inneren Unruhe — schlechter Schlaf als Ausdruck emotionaler Belastung.", "ort": "Wohnung Duroys", "valenz": -1, "intensitaet": 1, "gewichtete_valenz": -1, "f_wert": null, "f_emotion": null, "raum_emotion": null, "route": null}}, {"type": "Feature", "geometry": {"type": "Point", "coordinates": [2.32755, 48.8706]}, "properties": {"id": 28, "zeile": 7, "tags": ["george_duroy", "mood", "time"], "perspektive": "figur", "text": "Als er am nächsten Morgen die Notiz in der Zeitung las, fand er sie gedruckt viel herausfordernder u", "notiz": "Duroy liest seine eigene Notiz und erlebt sie anders als geschrieben — subjektive Wahrnehmung am Morgen danach.", "ort": "Wohnung Duroys", "valenz": -1, "intensitaet": 2, "gewichtete_valenz": -2, "f_wert": null, "f_emotion": null, "raum_emotion": null, "route": null}}, {"type": "Feature", "geometry": {"type": "Point", "coordinates": [2.32755, 48.8706]}, "properties": {"id": 29, "zeile": 8, "tags": ["time"], "perspektive": "erzaehler", "text": "Als er am nächsten Morgen", "notiz": "Neutrale Zeitangabe des Erzählers — nächster Morgen als Tageszeit.", "ort": "Wohnung Duroys", "valenz": null, "intensitaet": 1, "gewichtete_valenz": null, "f_wert": null, "f_emotion": null, "raum_emotion": null, "route": null}}, {"type": "Feature", "geometry": {"type": "Point", "coordinates": [2.32755, 48.8706]}, "properties": {"id": 30, "zeile": 9, "tags": ["george_duroy", "mood"], "perspektive": "figur", "text": "Er hätte, so schien es ihm, gewisse Ausdrücke mäßigen können.", "notiz": "Duroy bereut retrospektiv die Schärfe seiner Formulierungen — innere Selbstkritik und Unruhe.", "ort": "Wohnung Duroys", "valenz": -1, "intensitaet": 2, "gewichtete_valenz": -2, "f_wert": null, "f_emotion": null, "raum_emotion": null, "route": null}}, {"type": "Feature", "geometry": {"type": "Point", "coordinates": [2.32755, 48.8706]}, "properties": {"id": 31, "zeile": 10, "tags": ["george_duroy", "mood", "koerper_als_akteur", "time"], "perspektive": "figur", "text": "Den ganzen Tag über war er wie im Fieber und schlief auch die folgende Nacht schlecht.", "notiz": "Dauernde körperliche und emotionale Anspannung Duroys über den gesamten Tag und die folgende Nacht.", "ort": "Wohnung Duroys", "valenz": -1, "intensitaet": 2, "gewichtete_valenz": -2, "f_wert": "koerper_als_sensor", "f_emotion": "Fiebrige Anspannung", "raum_emotion": {"ort": "Wohnung Duroys", "emotion": "Fiebrige Anspannung", "richtung": "koerper_als_sensor"}, "route": null}}, {"type": "Feature", "geometry": {"type": "Point", "coordinates": [2.32755, 48.8706]}, "properties": {"id": 32, "zeile": 1, "tags": ["time", "george_duroy"], "perspektive": "erzaehler", "text": "Er stand beim Morgengrauen auf, um sich die Nummer der Feder zu kaufen, die die Antwort auf seine En", "notiz": "Erzähler setzt die Handlung zeitlich beim Morgengrauen an und beschreibt Duroys Motivation.", "ort": "Duroys Wohnung / Umgebung (Paris)", "valenz": null, "intensitaet": 1, "gewichtete_valenz": null, "f_wert": null, "f_emotion": null, "raum_emotion": null, "route": null}}, {"type": "Feature", "geometry": {"type": "Point", "coordinates": [2.32755, 48.8706]}, "properties": {"id": 33, "zeile": 2, "tags": ["weather", "space"], "perspektive": "erzaehler", "text": "Es war wieder kälter geworden; es fror. Das Wasser in den Rinnsteinen war gefroren, es schien aber, ", "notiz": "Erzähler beschreibt winterliche Straßenbedingungen in Paris als atmosphärische Kulisse.", "ort": "Pariser Straßen (unspezifisch)", "valenz": null, "intensitaet": 2, "gewichtete_valenz": null, "f_wert": null, "f_emotion": null, "raum_emotion": null, "route": null}}, {"type": "Feature", "geometry": {"type": "Point", "coordinates": [2.32755, 48.8706]}, "properties": {"id": 34, "zeile": 3, "tags": ["location_erinnerung"], "perspektive": "figur", "text": "Duroy entsann sich jenes Tages, als zum ersten Male seine »Erinnerungen eines afrikanischen Jägers« ", "notiz": "Duroy erinnert sich an den Tag der Erstveröffentlichung seines Artikels — eine persönliche Erinnerung an einen früheren Moment.", "ort": "nicht verortbar (Erinnerung)", "valenz": 1, "intensitaet": 2, "gewichtete_valenz": 2, "f_wert": null, "f_emotion": null, "raum_emotion": null, "route": null}}, {"type": "Feature", "geometry": {"type": "Point", "coordinates": [2.32755, 48.8706]}, "properties": {"id": 35, "zeile": 4, "tags": ["weather", "koerper_als_akteur"], "perspektive": "figur", "text": "Hände, Füße und namentlich die Fingerspitzen schmerzten ihn vor Kälte", "notiz": "Duroy erlebt die Winterkälte körperlich als Schmerz — der Körper ist Wahrnehmungsmodus.", "ort": "Pariser Straße beim Zeitungskiosk", "valenz": -1, "intensitaet": 2, "gewichtete_valenz": -2, "f_wert": "koerper_als_sensor", "f_emotion": "körperlicher Schmerz durch Kälte", "raum_emotion": {"ort": "Pariser Straße", "emotion": "körperlicher Schmerz durch Kälte", "richtung": "koerper_als_sensor"}, "route": null}}, {"type": "Feature", "geometry": {"type": "Point", "coordinates": [2.32755, 48.8706]}, "properties": {"id": 36, "zeile": 5, "tags": ["move", "george_duroy"], "perspektive": "figur", "text": "er begann im Kreise um den Kiosk herumzulaufen", "notiz": "Duroy bewegt sich kreisförmig um den Zeitungskiosk — Bewegung aus Kälte und Ungeduld.", "ort": "Zeitungskiosk (Paris, unspezifisch)", "valenz": null, "intensitaet": null, "gewichtete_valenz": null, "f_wert": "koerper_als_sensor", "f_emotion": "Ungeduld, körperliche Bedrängnis durch Kälte", "raum_emotion": {"ort": "Zeitungskiosk", "emotion": "Ungeduld, körperliche Bedrängnis durch Kälte", "richtung": "koerper_als_sensor"}, "route": null}}, {"type": "Feature", "geometry": {"type": "Point", "coordinates": [2.32755, 48.8706]}, "properties": {"id": 37, "zeile": 6, "tags": ["space", "social", "material"], "perspektive": "erzaehler", "text": "in dem die Verkäuferin über ihren kleinen Ofen gebückt saß, so daß nichts weiter zu sehen war als di", "notiz": "Erzähler beschreibt die Zeitungsverkäuferin im Kiosk als soziale Szenerie mit physischen Details.", "ort": "Zeitungskiosk (Paris, unspezifisch)", "valenz": null, "intensitaet": 1, "gewichtete_valenz": null, "f_wert": null, "f_emotion": null, "raum_emotion": null, "route": null}}, {"type": "Feature", "geometry": {"type": "Point", "coordinates": [2.32755, 48.8706]}, "properties": {"id": 38, "zeile": 7, "tags": ["george_duroy", "mood", "time"], "perspektive": "figur", "text": "Endlich schob der Zeitungsträger den dicken Ballen durch die Öffnung und Duroy erhielt sofort seine ", "notiz": "Duroy sucht aufgeregt nach seinem Namen in der Zeitung — kurzfristige Erleichterung als emotionaler Zustand.", "ort": "Zeitungskiosk (Paris, unspezifisch)", "valenz": -1, "intensitaet": 2, "gewichtete_valenz": -2, "f_wert": "ort_loest_emotion_aus", "f_emotion": "Erleichterung (kurz), dann Schock", "raum_emotion": {"ort": "Zeitungskiosk", "emotion": "Erleichterung (kurz), dann Schock", "richtung": "ort_loest_emotion_aus"}, "route": null}}, {"type": "Feature", "geometry": {"type": "Point", "coordinates": [2.32755, 48.8706]}, "properties": {"id": 39, "zeile": 8, "tags": ["george_duroy", "mood", "move", "koerper_als_akteur"], "perspektive": "figur", "text": "Georges Herz klopfte heftig, und er ging nach Hause, um sich umzuziehen, ohne recht zu verstehen, wa", "notiz": "Duroy reagiert körperlich und emotional auf die Beleidigung — Herzklopfen und Benommenheit als physisches Erleben.", "ort": "Weg vom Kiosk nach Hause (Paris)", "valenz": -1, "intensitaet": 2, "gewichtete_valenz": -2, "f_wert": "koerper_als_sensor", "f_emotion": "Schock, Benommenheit", "raum_emotion": {"ort": "Pariser Straße", "emotion": "Schock, Benommenheit", "richtung": "koerper_als_sensor"}, "route": null}}, {"type": "Feature", "geometry": {"type": "Point", "coordinates": [2.32755, 48.8706]}, "properties": {"id": 40, "zeile": 9, "tags": ["george_duroy", "mood", "social"], "perspektive": "figur", "text": "Also, man hatte ihn beschimpft, und zwar derart, daß es kein Zurück mehr gab. Und warum? Wegen nicht", "notiz": "Duroy reflektiert innerlich über die Beleidigung und deren Grund — emotionale Verarbeitung der Demütigung.", "ort": "Duroys Wohnung (Paris)", "valenz": -1, "intensitaet": 2, "gewichtete_valenz": -2, "f_wert": null, "f_emotion": null, "raum_emotion": null, "route": null}}, {"type": "Feature", "geometry": {"type": "Point", "coordinates": [2.32755, 48.8706]}, "properties": {"id": 41, "zeile": 10, "tags": ["move", "george_duroy", "time"], "perspektive": "figur", "text": "Er zog sich rasch an und begab sich sofort zu Herrn Walter, obgleich es kaum acht Uhr war.", "notiz": "Duroy handelt impulsiv und früh — Zeitangabe ist emotional aufgeladen durch die Dringlichkeit seiner Lage.", "ort": "Duroys Wohnung / Weg zur Redaktion", "valenz": null, "intensitaet": null, "gewichtete_valenz": null, "f_wert": null, "f_emotion": null, "raum_emotion": null, "route": null}}, {"type": "Feature", "geometry": {"type": "Point", "coordinates": [2.32755, 48.8706]}, "properties": {"id": 42, "zeile": 11, "tags": ["location"], "perspektive": "erzaehler", "text": "Herr Walter war schon auf und las die Feder.", "notiz": "Erzähler beschreibt die Situation bei Herrn Walter — neutraler Erzählerkommentar ohne Duroys Innenperspektive.", "ort": "Büro / Wohnung von Herrn Walter (Paris)", "valenz": null, "intensitaet": 1, "gewichtete_valenz": null, "f_wert": null, "f_emotion": null, "raum_emotion": null, "route": null}}, {"type": "Feature", "geometry": {"type": "Point", "coordinates": [2.32755, 48.8706]}, "properties": {"id": 43, "zeile": 1, "tags": ["george_duroy", "move"], "perspektive": "erzaehler", "text": "Duroy murmelte ein paar unverständliche Worte und ging direkt zu Jaques Rival, der noch schlief.", "notiz": "Duroy begibt sich direkt zu Jaques Rival — Ortsbewegung aus Erzählerperspektive beschrieben.", "ort": "Wohnung von Jaques Rival, Paris", "valenz": null, "intensitaet": null, "gewichtete_valenz": null, "f_wert": null, "f_emotion": null, "raum_emotion": null, "route": null}}, {"type": "Feature", "geometry": {"type": "Point", "coordinates": [2.32755, 48.8706]}, "properties": {"id": 44, "zeile": 2, "tags": ["location", "space"], "perspektive": "erzaehler", "text": "Er wohnte im Erdgeschoß eines kleinen Hauses und führte Duroy in den Keller hinab, einen riesigen Ke", "notiz": "Maupassant beschreibt von aussen Rivals Wohnort und den ungewöhnlichen Keller als umgewandelten Trainingsraum.", "ort": "Keller im Haus von Jaques Rival, Paris", "valenz": null, "intensitaet": 2, "gewichtete_valenz": null, "f_wert": null, "f_emotion": null, "raum_emotion": null, "route": null}}, {"type": "Feature", "geometry": {"type": "Point", "coordinates": [2.32755, 48.8706]}, "properties": {"id": 45, "zeile": 3, "tags": ["space", "material"], "perspektive": "erzaehler", "text": "Sämtliche Öffnungen nach der Straße hatte er verstopfen lassen. Er zündete eine Reihe Gasflammen an,", "notiz": "Maupassant beschreibt die räumliche Abschottung und Beleuchtung des Kellers von aussen.", "ort": "Keller im Haus von Jaques Rival, Paris", "valenz": null, "intensitaet": 1, "gewichtete_valenz": null, "f_wert": null, "f_emotion": null, "raum_emotion": null, "route": null}}, {"type": "Feature", "geometry": {"type": "Point", "coordinates": [2.32755, 48.8706]}, "properties": {"id": 46, "zeile": 4, "tags": ["material", "space"], "perspektive": "erzaehler", "text": "Im Hintergrunde stand eine eiserne, blau und rot angemalte Figurenscheibe eines Mannes.", "notiz": "Maupassant beschreibt die eiserne Schießscheibe als physisches Objekt im Raum.", "ort": "Keller im Haus von Jaques Rival, Paris", "valenz": null, "intensitaet": 1, "gewichtete_valenz": null, "f_wert": null, "f_emotion": null, "raum_emotion": null, "route": null}}, {"type": "Feature", "geometry": {"type": "Point", "coordinates": [2.32755, 48.8706]}, "properties": {"id": 47, "zeile": 5, "tags": ["george_duroy", "location_erinnerung", "mood"], "perspektive": "figur", "text": "Duroy gehorchte willenlos; er hob den Arm, zielte, schoß, und da er die Puppe mehrmals in den Bauch ", "notiz": "Duroy erinnert sich an seine Kindheit mit dem Vater und dem Schiessen im Hof — persönliche Erinnerung motiviert sein Handeln.", "ort": "Hof des elterlichen Hauses (Kindheitserinnerung, unbekannter Ort)", "valenz": null, "intensitaet": null, "gewichtete_valenz": null, "f_wert": "ort_loest_emotion_aus", "f_emotion": "unbewusstes Kompetenzgefühl durch Kindheitserinnerung", "raum_emotion": {"ort": "erinnerte Kindheitsumgebung", "emotion": "unbewusstes Kompetenzgefühl durch Kindheitserinnerung", "richtung": "ort_loest_emotion_aus"}, "route": null}}, {"type": "Feature", "geometry": {"type": "Point", "coordinates": [2.32755, 48.8706]}, "properties": {"id": 48, "zeile": 6, "tags": ["george_duroy", "mood"], "perspektive": "figur", "text": "Duroy gehorchte willenlos", "notiz": "Duroy handelt ohne eigenen Willen — sein innerer Zustand ist Passivität und Willenlosigkeit angesichts der Situation.", "ort": "Keller im Haus von Jaques Rival, Paris", "valenz": -1, "intensitaet": 2, "gewichtete_valenz": -2, "f_wert": "ort_loest_emotion_aus", "f_emotion": "Willenlosigkeit, Passivität", "raum_emotion": {"ort": "Schießkeller", "emotion": "Willenlosigkeit, Passivität", "richtung": "ort_loest_emotion_aus"}, "route": null}}, {"type": "Feature", "geometry": {"type": "Point", "coordinates": [2.32755, 48.8706]}, "properties": {"id": 49, "zeile": 1, "tags": ["george_duroy"], "perspektive": "erzaehler", "text": "Duroy blieb allein; er schoß noch ein paarmal, dann setzte er sich hin und begann nachzudenken.", "notiz": "Erzähler beschreibt Duroys Handlungen von aussen — Schießen, Hinsetzen, Nachdenken.", "ort": "Schießkeller / Schießstand (unbekannter Ort in Paris)", "valenz": null, "intensitaet": null, "gewichtete_valenz": null, "f_wert": null, "f_emotion": null, "raum_emotion": null, "route": null}}, {"type": "Feature", "geometry": {"type": "Point", "coordinates": [2.32755, 48.8706]}, "properties": {"id": 50, "zeile": 2, "tags": ["mood", "social"], "perspektive": "figur", "text": "Wie töricht war doch die ganze Geschichte. Was bewies ein Duell? War ein Schuft kein Schuft mehr, we", "notiz": "Duroy reflektiert innerlich über die Sinnlosigkeit von Duellen und gesellschaftlichen Ehrenkodizes — inneres Erleben seiner eigenen Lage.", "ort": "Schießkeller / Schießstand (unbekannter Ort in Paris)", "valenz": -1, "intensitaet": 2, "gewichtete_valenz": -2, "f_wert": "ort_loest_emotion_aus", "f_emotion": "Zweifel, Sinnleere", "raum_emotion": {"ort": "Schießkeller", "emotion": "Zweifel, Sinnleere", "richtung": "ort_loest_emotion_aus"}, "route": null}}, {"type": "Feature", "geometry": {"type": "Point", "coordinates": [2.32755, 48.8706]}, "properties": {"id": 51, "zeile": 3, "tags": ["mood", "location_erinnerung"], "perspektive": "figur", "text": "Seine Gedanken schweiften im Dunkeln herum, und er dachte daran, was Norbert de Varenne ihm von der ", "notiz": "Duroy erinnert sich an de Varennesäußerungen — eine persönliche Erinnerung, die seine Gedanken im Dunkeln schweifen lässt.", "ort": "Erinnerung an Gespräch mit de Varenne (unspezifisch)", "valenz": -1, "intensitaet": 2, "gewichtete_valenz": -2, "f_wert": "emotion_faerbt_raum", "f_emotion": "gedankliche Orientierungslosigkeit", "raum_emotion": {"ort": "innerer Gedankenraum", "emotion": "gedankliche Orientierungslosigkeit", "richtung": "emotion_faerbt_raum"}, "route": null}}, {"type": "Feature", "geometry": {"type": "Point", "coordinates": [2.32755, 48.8706]}, "properties": {"id": 52, "zeile": 4, "tags": ["george_duroy", "move", "koerper_als_akteur", "sound"], "perspektive": "figur", "text": "Dann verspürte er Durst; er hörte hinter sich Wasser tropfen, erblickte einen Duschapparat und ging ", "notiz": "Duroy spürt körperlichen Durst, hört das Wasser und handelt — körperliche Wahrnehmung aus seiner Perspektive.", "ort": "Schießkeller / Schießstand (unbekannter Ort in Paris)", "valenz": null, "intensitaet": null, "gewichtete_valenz": null, "f_wert": "koerper_als_sensor", "f_emotion": "Durst, körperliches Bedürfnis", "raum_emotion": {"ort": "Schießkeller", "emotion": "Durst, körperliches Bedürfnis", "richtung": "koerper_als_sensor"}, "route": null}}, {"type": "Feature", "geometry": {"type": "Point", "coordinates": [2.32755, 48.8706]}, "properties": {"id": 53, "zeile": 5, "tags": ["space", "atmosphere", "sound", "mood"], "perspektive": "figur", "text": "Es war so trübe hier im Keller, so düster und traurig wie in einem Grab, und das ferne, dumpfe Rolle", "notiz": "Duroy erlebt den Kellerraum als bedrückend und vergleicht ihn mit einem Grab — Raumqualität wird durch seine Stimmung gefärbt.", "ort": "Schießkeller / Schießstand (unbekannter Ort in Paris)", "valenz": -1, "intensitaet": 3, "gewichtete_valenz": -3, "f_wert": "ort_loest_emotion_aus", "f_emotion": "Düsterkeit, Bedrängnis, Trauer", "raum_emotion": {"ort": "Schießkeller", "emotion": "Düsterkeit, Bedrängnis, Trauer", "richtung": "ort_loest_emotion_aus"}, "route": null}}, {"type": "Feature", "geometry": {"type": "Point", "coordinates": [2.32755, 48.8706]}, "properties": {"id": 54, "zeile": 6, "tags": ["time", "mood", "space"], "perspektive": "figur", "text": "Wie spät mochte es sein? Die Stunden verstrichen hier unten, wie sie in einem Gefängnis verstreichen", "notiz": "Duroy erlebt das Verstreichen der Zeit im fensterlosen Keller emotional als Gefangenschaft — Zeit wird als bedrückendes Erleben gefühlt.", "ort": "Schießkeller / Schießstand (unbekannter Ort in Paris)", "valenz": -1, "intensitaet": 2, "gewichtete_valenz": -2, "f_wert": "ort_loest_emotion_aus", "f_emotion": "Zeitlosigkeit, Beklemmung", "raum_emotion": {"ort": "Schießkeller", "emotion": "Zeitlosigkeit, Beklemmung", "richtung": "ort_loest_emotion_aus"}, "route": null}}, {"type": "Feature", "geometry": {"type": "Point", "coordinates": [2.32755, 48.8706]}, "properties": {"id": 55, "zeile": 7, "tags": ["time", "mood"], "perspektive": "figur", "text": "Und so wartete er sehr lange.", "notiz": "Duroy erlebt das Warten als lang — Zeit wird emotional als Qual erlebt.", "ort": "Schießkeller / Schießstand (unbekannter Ort in Paris)", "valenz": -1, "intensitaet": 1, "gewichtete_valenz": -1, "f_wert": "ort_loest_emotion_aus", "f_emotion": "Ungeduld, Warten", "raum_emotion": {"ort": "Schießkeller", "emotion": "Ungeduld, Warten", "richtung": "ort_loest_emotion_aus"}, "route": null}}, {"type": "Feature", "geometry": {"type": "Point", "coordinates": [2.32755, 48.8706]}, "properties": {"id": 56, "zeile": 8, "tags": ["george_duroy", "sound"], "perspektive": "figur", "text": "Plötzlich hörte er Stimmen und Schritte", "notiz": "Duroy hört Stimmen und Schritte — akustische Wahrnehmung aus seiner Perspektive.", "ort": "Schießkeller / Schießstand (unbekannter Ort in Paris)", "valenz": null, "intensitaet": null, "gewichtete_valenz": null, "f_wert": null, "f_emotion": null, "raum_emotion": null, "route": null}}, {"type": "Feature", "geometry": {"type": "Point", "coordinates": [2.32755, 48.8706]}, "properties": {"id": 57, "zeile": 9, "tags": ["george_duroy", "mood"], "perspektive": "figur", "text": "Duroy glaubte zunächst, die Angelegenheit sei durch einen Entschuldigungsbrief beigelegt; er atmete ", "notiz": "Duroy glaubt fälschlicherweise, das Duell sei abgewendet — Erleichterung als innerer Gefühlszustand.", "ort": "Schießkeller / Schießstand (unbekannter Ort in Paris)", "valenz": 1, "intensitaet": 2, "gewichtete_valenz": 2, "f_wert": "ort_loest_emotion_aus", "f_emotion": "Erleichterung", "raum_emotion": {"ort": "Schießkeller", "emotion": "Erleichterung", "richtung": "ort_loest_emotion_aus"}, "route": null}}, {"type": "Feature", "geometry": {"type": "Point", "coordinates": [2.32755, 48.8706]}, "properties": {"id": 58, "zeile": 1, "tags": ["time"], "perspektive": "erzaehler", "text": "Jetzt wollen wir frühstücken gehen, es ist zwölf Uhr schon vorüber.", "notiz": "Neutrale Zeitangabe (Mittagszeit) durch den Erzähler als Orientierungspunkt.", "ort": "unbekannt", "valenz": null, "intensitaet": 1, "gewichtete_valenz": null, "f_wert": null, "f_emotion": null, "raum_emotion": null, "route": null}}, {"type": "Feature", "geometry": {"type": "Point", "coordinates": [2.32755, 48.8706]}, "properties": {"id": 59, "zeile": 2, "tags": ["location", "move"], "perspektive": "erzaehler", "text": "sie gingen in ein benachbartes Restaurant", "notiz": "Ortsangabe eines unspezifischen, nahe gelegenen Restaurants als Erzählerinformation.", "ort": "Restaurant in der Nähe der Redaktion", "valenz": null, "intensitaet": 1, "gewichtete_valenz": null, "f_wert": null, "f_emotion": null, "raum_emotion": null, "route": null}}, {"type": "Feature", "geometry": {"type": "Point", "coordinates": [2.32755, 48.8706]}, "properties": {"id": 60, "zeile": 3, "tags": ["george_duroy", "mood", "social"], "perspektive": "figur", "text": "Duroy war ganz still geworden. Er zwang sich zu essen, damit es nicht aussehen sollte, als ob er Ang", "notiz": "Duroy unterdrückt innere Angst und kontrolliert sein äusseres Auftreten aus Statusbewusstsein.", "ort": "Restaurant in der Nähe der Redaktion", "valenz": -1, "intensitaet": 2, "gewichtete_valenz": -2, "f_wert": "ort_loest_emotion_aus", "f_emotion": "Angst, Selbstkontrolle", "raum_emotion": {"ort": "Restaurant", "emotion": "Angst, Selbstkontrolle", "richtung": "ort_loest_emotion_aus"}, "route": null}}, {"type": "Feature", "geometry": {"type": "Point", "coordinates": [2.3355, 48.8717]}, "properties": {"id": 61, "zeile": 4, "tags": ["location", "move", "social"], "perspektive": "erzaehler", "text": "dann ging er mit Boisrenard im Laufe des Tages in die Redaktion und tat zerstreut und mechanisch sei", "notiz": "Erzähler beschreibt Duroys Verhalten in der Redaktion und die soziale Wahrnehmung durch Kollegen.", "ort": "Redaktion (La Vie Française)", "valenz": null, "intensitaet": 2, "gewichtete_valenz": null, "f_wert": null, "f_emotion": null, "raum_emotion": null, "route": null}}, {"type": "Feature", "geometry": {"type": "Point", "coordinates": [2.0701, 48.8937]}, "properties": {"id": 62, "zeile": 5, "tags": ["time", "location"], "perspektive": "erzaehler", "text": "Spät am Nachmittag kam Jaques Rival zu ihm, und sie verabredeten, daß Duroy von seinen Sekundanten a", "notiz": "Erzähler nennt Zeitpunkt und Ort des geplanten Duells: Bois du Vésinet.", "ort": "Bois du Vésinet", "valenz": null, "intensitaet": 1, "gewichtete_valenz": null, "f_wert": null, "f_emotion": null, "raum_emotion": null, "route": null}}, {"type": "Feature", "geometry": {"type": "Point", "coordinates": [2.32755, 48.8706]}, "properties": {"id": 63, "zeile": 6, "tags": ["george_duroy", "mood"], "perspektive": "figur", "text": "Das war alles so unerwartet gekommen, so ganz ohne seine Teilnahme, ohne daß er ein Wort gesprochen ", "notiz": "Duroy erlebt die Ereignisse als unkontrollierbar und ist innerlich verwirrt und überfordert.", "ort": "unbekannt", "valenz": null, "intensitaet": null, "gewichtete_valenz": null, "f_wert": null, "f_emotion": null, "raum_emotion": null, "route": null}}, {"type": "Feature", "geometry": {"type": "Point", "coordinates": [2.32755, 48.8706]}, "properties": {"id": 64, "zeile": 7, "tags": ["time", "move"], "perspektive": "erzaehler", "text": "Er speiste mit Boisrenard und ging dann gegen neun Uhr abends nach Hause.", "notiz": "Neutrale Erzählerangabe über Abendroutine und Uhrzeit.", "ort": "Duroys Wohnung (Rue Notre-Dame de Lorette)", "valenz": null, "intensitaet": 1, "gewichtete_valenz": null, "f_wert": null, "f_emotion": null, "raum_emotion": null, "route": null}}, {"type": "Feature", "geometry": {"type": "Point", "coordinates": [2.3346, 48.8796]}, "properties": {"id": 65, "zeile": 8, "tags": ["george_duroy", "move", "koerper_als_akteur", "mood"], "perspektive": "figur", "text": "Sobald Duroy allein war, ging er einige Zeit mit großen, lebhaften Schritten in seinem Zimmer auf un", "notiz": "Duroys aufgewühlter Gemütszustand manifestiert sich körperlich im rastlosen Umhergehen im Zimmer.", "ort": "Duroys Zimmer, Rue Notre-Dame de Lorette", "valenz": null, "intensitaet": null, "gewichtete_valenz": null, "f_wert": "emotion_faerbt_raum", "f_emotion": "Aufgewühltheit, Erregung", "raum_emotion": {"ort": "Duroys Zimmer", "emotion": "Aufgewühltheit, Erregung", "richtung": "emotion_faerbt_raum"}, "route": [[2.3347626, 48.8793634], [2.3347262, 48.8793518], [2.3339048, 48.8795189], [2.3338764, 48.8794949], [2.333784, 48.8795143], [2.3337043, 48.8795325], [2.3336581, 48.8794923], [2.3328897, 48.879674], [2.332712, 48.8797138], [2.3315118, 48.8799849], [2.3314587, 48.8799783], [2.3313576, 48.8800387], [2.3313392, 48.880077], [2.3292155, 48.8798491], [2.329298, 48.8796468], [2.3291728, 48.879619], [2.3291509, 48.8796335], [2.3270897, 48.8796], [2.3270782, 48.8795697], [2.326958, 48.879571], [2.3268557, 48.8795568], [2.3254551, 48.8793311], [2.3237925, 48.8790379], [2.3237701, 48.8789463], [2.3236802, 48.8788692], [2.3232714, 48.878751], [2.323119, 48.8788001], [2.3230277, 48.8788642], [2.3224122, 48.8787373], [2.3223901, 48.8787111], [2.3221698, 48.878674], [2.3221407, 48.8786825], [2.319942, 48.8782218], [2.3199131, 48.8782064], [2.3197133, 48.8781651], [2.3196812, 48.8781653], [2.3183303, 48.8778549], [2.3183094, 48.8778476], [2.3180969, 48.8777911], [2.3180758, 48.8778013], [2.3166444, 48.8777255], [2.3164914, 48.8778441], [2.3163114, 48.8779907], [2.3159544, 48.8778604], [2.3157307, 48.8780486], [2.3156725, 48.8781075], [2.3156518, 48.8781061], [2.315499, 48.8782186], [2.3151768, 48.8784864]]}}, {"type": "Feature", "geometry": {"type": "Point", "coordinates": [2.3346, 48.8796]}, "properties": {"id": 66, "zeile": 9, "tags": ["george_duroy", "mood", "time"], "perspektive": "figur", "text": "Er war zu aufgeregt, um an etwas zu denken. Ein einziger Gedanke füllte ihn aus: — Morgen ein Duell ", "notiz": "Duroy erlebt emotionale Überreizung und fixiert sich auf den bevorstehenden Kampf als einzigen Gedanken.", "ort": "Duroys Zimmer, Rue Notre-Dame de Lorette", "valenz": null, "intensitaet": null, "gewichtete_valenz": null, "f_wert": "ort_loest_emotion_aus", "f_emotion": "starke Erregung, Fixierung", "raum_emotion": {"ort": "Duroys Zimmer", "emotion": "starke Erregung, Fixierung", "richtung": "ort_loest_emotion_aus"}, "route": null}}, {"type": "Feature", "geometry": {"type": "Point", "coordinates": [2.3346, 48.8796]}, "properties": {"id": 68, "zeile": 11, "tags": ["george_duroy", "mood", "social"], "perspektive": "figur", "text": "Schließlich hatte er gehandelt, wie er handeln mußte. Er hatte sich so gezeigt, wie er sollte. Man w", "notiz": "Duroy beruhigt sich durch Selbstbestätigung und antizipiert soziale Anerkennung für sein Verhalten.", "ort": "Duroys Zimmer, Rue Notre-Dame de Lorette", "valenz": null, "intensitaet": null, "gewichtete_valenz": null, "f_wert": null, "f_emotion": null, "raum_emotion": null, "route": null}}, {"type": "Feature", "geometry": {"type": "Point", "coordinates": [2.3346, 48.8796]}, "properties": {"id": 69, "zeile": 12, "tags": ["george_duroy", "mood"], "perspektive": "figur", "text": "Dann sprach er laut vor sich hin, wie man in großer, seelischer Erregung spricht: »Was für ein Vieh ", "notiz": "Duroys seelische Erregung entlädt sich in einem laut gesprochenen Ausruf gegen seinen Gegner.", "ort": "Duroys Zimmer, Rue Notre-Dame de Lorette", "valenz": null, "intensitaet": null, "gewichtete_valenz": null, "f_wert": "emotion_faerbt_raum", "f_emotion": "Wut, Erregung", "raum_emotion": {"ort": "Duroys Zimmer", "emotion": "Wut, Erregung", "richtung": "emotion_faerbt_raum"}, "route": null}}, {"type": "Feature", "geometry": {"type": "Point", "coordinates": [2.3346, 48.8796]}, "properties": {"id": 70, "zeile": 13, "tags": ["george_duroy", "mood", "material"], "perspektive": "figur", "text": "Er setzte sich und begann nachzudenken. Er betrachtete die Visitenkarte seines Gegners, die ihm Riva", "notiz": "Duroy fixiert sich auf die Visitenkarte seines Gegners als physisches Objekt seiner Angst und Konzentration.", "ort": "Duroys Zimmer, Rue Notre-Dame de Lorette", "valenz": null, "intensitaet": null, "gewichtete_valenz": null, "f_wert": null, "f_emotion": null, "raum_emotion": null, "route": null}}, {"type": "Feature", "geometry": {"type": "Point", "coordinates": [2.3469, 48.8676]}, "properties": {"id": 71, "zeile": 14, "tags": ["george_duroy", "location", "mood"], "perspektive": "figur", "text": "Zum zwanzigstenmal las er: Louis Langremont, 176, Rue Montmartre. Weiter nichts.", "notiz": "Duroy liest zwanghaft die Adresse seines Gegners — die konkrete Ortsangabe verdichtet seine Anspannung.", "ort": "Rue Montmartre 176, Paris", "valenz": null, "intensitaet": null, "gewichtete_valenz": null, "f_wert": "ort_loest_emotion_aus", "f_emotion": "Obsession, Anspannung", "raum_emotion": {"ort": "Rue Montmartre 176", "emotion": "Obsession, Anspannung", "richtung": "ort_loest_emotion_aus"}, "route": null}}, {"type": "Feature", "geometry": {"type": "Point", "coordinates": [2.32755, 48.8706]}, "properties": {"id": 72, "zeile": 1, "tags": ["george_duroy", "mood"], "perspektive": "figur", "text": "Er betrachtete diese Buchstaben, die ihm geheimnisvoll vorkamen, die ihn beunruhigten.", "notiz": "Duroy betrachtet die Visitenkarte und empfindet Unruhe — inneres Erleben ausgelöst durch ein Objekt.", "ort": "Duroys Zimmer (unspezifisch)", "valenz": null, "intensitaet": null, "gewichtete_valenz": null, "f_wert": null, "f_emotion": null, "raum_emotion": null, "route": null}}, {"type": "Feature", "geometry": {"type": "Point", "coordinates": [2.32755, 48.8706]}, "properties": {"id": 73, "zeile": 2, "tags": ["george_duroy", "mood", "social"], "perspektive": "figur", "text": "Wer war dieser Mann? Wie alt? Welcher Gestalt? Welches Gesicht? War es nicht empörend, daß ein Fremd", "notiz": "Duroy grübelt über seinen Gegner und empfindet Empörung über die soziale Willkür seines Schicksals.", "ort": "Duroys Zimmer (unspezifisch)", "valenz": null, "intensitaet": null, "gewichtete_valenz": null, "f_wert": null, "f_emotion": null, "raum_emotion": null, "route": null}}, {"type": "Feature", "geometry": {"type": "Point", "coordinates": [2.32755, 48.8706]}, "properties": {"id": 74, "zeile": 3, "tags": ["george_duroy", "mood"], "perspektive": "figur", "text": "Ein Zorn gegen dieses Stück Papier erfüllte ihn, ein Zorn, in den sich ein seltsames, banges Gefühl ", "notiz": "Duroy erlebt einen inneren Emotionskonflikt aus Zorn und Angst — starkes inneres Erleben.", "ort": "Duroys Zimmer (unspezifisch)", "valenz": null, "intensitaet": null, "gewichtete_valenz": null, "f_wert": null, "f_emotion": null, "raum_emotion": null, "route": null}}, {"type": "Feature", "geometry": {"type": "Point", "coordinates": [2.32755, 48.8706]}, "properties": {"id": 75, "zeile": 4, "tags": ["george_duroy", "koerper_als_akteur", "mood"], "perspektive": "figur", "text": "Er ergriff eine herumliegende Nagelschere und stieß damit mitten in den gedruckten Namen, als ob er ", "notiz": "Duroy handelt körperlich-aggressiv als Ausdruck innerer emotionaler Aufruhr — Körper als Akteur im Raum.", "ort": "Duroys Zimmer (unspezifisch)", "valenz": null, "intensitaet": null, "gewichtete_valenz": null, "f_wert": null, "f_emotion": null, "raum_emotion": null, "route": null}}, {"type": "Feature", "geometry": {"type": "Point", "coordinates": [2.32755, 48.8706]}, "properties": {"id": 76, "zeile": 5, "tags": ["george_duroy", "mood"], "perspektive": "figur", "text": "Also, er sollte sich schlagen, und zwar mit Pistolen. Warum hatte er nicht den Degen gewählt? Er wär", "notiz": "Duroy grübelt über die Wahl der Waffe und spürt die Unberechenbarkeit der Pistole als emotionale Bedrohung.", "ort": "Duroys Zimmer (unspezifisch)", "valenz": -1, "intensitaet": 2, "gewichtete_valenz": -2, "f_wert": null, "f_emotion": null, "raum_emotion": null, "route": null}}, {"type": "Feature", "geometry": {"type": "Point", "coordinates": [2.32755, 48.8706]}, "properties": {"id": 77, "zeile": 6, "tags": ["george_duroy", "sound", "mood"], "perspektive": "figur", "text": "Der Klang seiner Stimme erschreckte ihn, und er blickte sich um.", "notiz": "Duroy erschrickt vor dem Klang der eigenen Stimme — Geräusch löst Angstreaktion aus.", "ort": "Duroys Zimmer (unspezifisch)", "valenz": -1, "intensitaet": 2, "gewichtete_valenz": -2, "f_wert": "ort_loest_emotion_aus", "f_emotion": "Erschrecken", "raum_emotion": {"ort": "Duroys Zimmer", "emotion": "Erschrecken", "richtung": "ort_loest_emotion_aus"}, "route": null}}, {"type": "Feature", "geometry": {"type": "Point", "coordinates": [2.32755, 48.8706]}, "properties": {"id": 78, "zeile": 7, "tags": ["george_duroy", "weather", "mood"], "perspektive": "figur", "text": "Er konnte nicht einschlafen, es war ihm heiß unter seiner Decke, obwohl es im Zimmer sehr kalt war.", "notiz": "Duroy erlebt körperliche Hitze trotz Kälte im Zimmer — körperliches Symptom innerer Unruhe.", "ort": "Duroys Zimmer (unspezifisch)", "valenz": -1, "intensitaet": 2, "gewichtete_valenz": -2, "f_wert": "koerper_als_sensor", "f_emotion": "körperliche Unruhe/Angst", "raum_emotion": {"ort": "Duroys Zimmer", "emotion": "körperliche Unruhe/Angst", "richtung": "koerper_als_sensor"}, "route": null}}, {"type": "Feature", "geometry": {"type": "Point", "coordinates": [2.32755, 48.8706]}, "properties": {"id": 79, "zeile": 8, "tags": ["george_duroy", "mood"], "perspektive": "figur", "text": "»Sollte ich mich etwa fürchten?« dachte er, indem er aufstand, um Wasser zu trinken.", "notiz": "Duroy hinterfragt seine eigene Angst — direkte innere Reflexion über seinen emotionalen Zustand.", "ort": "Duroys Zimmer (unspezifisch)", "valenz": -1, "intensitaet": 2, "gewichtete_valenz": -2, "f_wert": null, "f_emotion": null, "raum_emotion": null, "route": null}}, {"type": "Feature", "geometry": {"type": "Point", "coordinates": [2.32755, 48.8706]}, "properties": {"id": 80, "zeile": 9, "tags": ["george_duroy", "sound", "space", "koerper_als_akteur", "mood"], "perspektive": "figur", "text": "Warum klopfte sein Herz so wild bei jedem bekannten Geräusch in seinem Zimmer? Wenn seine Kuckucksuh", "notiz": "Bekannte Geräusche im Zimmer lösen körperliche Angstreaktionen aus — Raum und Klang als Auslöser von Beklemmung.", "ort": "Duroys Zimmer (unspezifisch)", "valenz": -1, "intensitaet": 2, "gewichtete_valenz": -2, "f_wert": "ort_loest_emotion_aus", "f_emotion": "Beklemmung, Herzrasen", "raum_emotion": {"ort": "Duroys Zimmer", "emotion": "Beklemmung, Herzrasen", "richtung": "ort_loest_emotion_aus"}, "route": null}}, {"type": "Feature", "geometry": {"type": "Point", "coordinates": [2.32755, 48.8706]}, "properties": {"id": 81, "zeile": 10, "tags": ["george_duroy", "mood"], "perspektive": "figur", "text": "Nein, sicher hatte er keine Angst, denn er war entschlossen, bis zum Ende zu gehen, da er den festen", "notiz": "Duroy ringt innerlich mit der Frage nach dem Wesen der Angst — tiefes emotionales Selbstgespräch.", "ort": "Duroys Zimmer (unspezifisch)", "valenz": -1, "intensitaet": 2, "gewichtete_valenz": -2, "f_wert": null, "f_emotion": null, "raum_emotion": null, "route": null}}, {"type": "Feature", "geometry": {"type": "Point", "coordinates": [2.32755, 48.8706]}, "properties": {"id": 82, "zeile": 11, "tags": ["george_duroy", "mood"], "perspektive": "figur", "text": "Und dieser Zweifel, diese schreckliche Befürchtung ergriff ihn.", "notiz": "Duroy wird von einem lähmenden Zweifel ergriffen — abschließender emotionaler Höhepunkt des inneren Erlebens.", "ort": "Duroys Zimmer (unspezifisch)", "valenz": -1, "intensitaet": 3, "gewichtete_valenz": -3, "f_wert": null, "f_emotion": null, "raum_emotion": null, "route": null}}, {"type": "Feature", "geometry": {"type": "Point", "coordinates": [2.32755, 48.8706]}, "properties": {"id": 83, "zeile": 1, "tags": ["george_duroy", "mood"], "perspektive": "figur", "text": "Wenn diese Macht stärker als sein Wille war, ihn gewaltig und unwiderstehlich lähmte, was würde dann", "notiz": "Duroy grübelt über seine Angst und Lähmung vor dem bevorstehenden Duell.", "ort": "Duroys Wohnung (unspezifisch)", "valenz": -1, "intensitaet": 2, "gewichtete_valenz": -2, "f_wert": null, "f_emotion": null, "raum_emotion": null, "route": null}}, {"type": "Feature", "geometry": {"type": "Point", "coordinates": [2.32755, 48.8706]}, "properties": {"id": 84, "zeile": 2, "tags": ["george_duroy", "mood", "social"], "perspektive": "figur", "text": "Und er dachte über seine Stellung, über seinen Ruf, über seine Zukunft nach.", "notiz": "Duroy reflektiert seine gesellschaftliche Position und Zukunftssorgen angesichts des Duells.", "ort": "Duroys Wohnung (unspezifisch)", "valenz": -1, "intensitaet": 2, "gewichtete_valenz": -2, "f_wert": null, "f_emotion": null, "raum_emotion": null, "route": null}}, {"type": "Feature", "geometry": {"type": "Point", "coordinates": [2.32755, 48.8706]}, "properties": {"id": 85, "zeile": 3, "tags": ["george_duroy", "mood"], "perspektive": "figur", "text": "Und ein merkwürdiges Verlangen, aufzustehen und in den Spiegel zu schauen, überkam ihn.", "notiz": "Duroy verspürt den inneren Drang, sich selbst im Spiegel zu betrachten — ein Zeichen seiner Selbstverunsicherung.", "ort": "Duroys Wohnung (unspezifisch)", "valenz": -1, "intensitaet": 1, "gewichtete_valenz": -1, "f_wert": "ort_loest_emotion_aus", "f_emotion": "Verlangen zur Selbstvergewisserung", "raum_emotion": {"ort": "Duroys Zimmer", "emotion": "Verlangen zur Selbstvergewisserung", "richtung": "ort_loest_emotion_aus"}, "route": null}}, {"type": "Feature", "geometry": {"type": "Point", "coordinates": [2.32755, 48.8706]}, "properties": {"id": 86, "zeile": 4, "tags": ["george_duroy", "mood"], "perspektive": "figur", "text": "Er zündete das Licht an. Als er sich in dem Spiegel beobachtete, kam er sich ganz fremd vor, und es ", "notiz": "Duroy erlebt sich beim Blick in den Spiegel als fremd — Entfremdung von der eigenen Identität unter Todesangst.", "ort": "Duroys Wohnung (unspezifisch)", "valenz": -1, "intensitaet": 2, "gewichtete_valenz": -2, "f_wert": "ort_loest_emotion_aus", "f_emotion": "Entfremdung, Selbstverlust", "raum_emotion": {"ort": "Duroys Zimmer", "emotion": "Entfremdung, Selbstverlust", "richtung": "ort_loest_emotion_aus"}, "route": null}}, {"type": "Feature", "geometry": {"type": "Point", "coordinates": [2.32755, 48.8706]}, "properties": {"id": 87, "zeile": 5, "tags": ["george_duroy", "mood", "koerper_als_akteur"], "perspektive": "figur", "text": "Seine Augen kamen ihm riesig vor und er war blaß, blaß, sicher sehr blaß.", "notiz": "Duroy nimmt seinen eigenen blassen Anblick wahr — der Körper spiegelt die Todesangst.", "ort": "Duroys Wohnung (unspezifisch)", "valenz": -1, "intensitaet": 2, "gewichtete_valenz": -2, "f_wert": "koerper_als_sensor", "f_emotion": "Todesangst, körperliche Erschütterung", "raum_emotion": {"ort": "Duroys Zimmer", "emotion": "Todesangst, körperliche Erschütterung", "richtung": "koerper_als_sensor"}, "route": null}}, {"type": "Feature", "geometry": {"type": "Point", "coordinates": [2.32755, 48.8706]}, "properties": {"id": 88, "zeile": 6, "tags": ["george_duroy", "mood", "time"], "perspektive": "figur", "text": "Blitzschnell ging ihm ein Gedanke durch den Kopf: »Morgen um diese Zeit bin ich vielleicht schon ein", "notiz": "Duroy erlebt die Zeit als emotional bedrohlich — der morgige Moment wird als möglicher Todeszeitpunkt imaginiert.", "ort": "Duroys Wohnung (unspezifisch)", "valenz": -1, "intensitaet": 3, "gewichtete_valenz": -3, "f_wert": null, "f_emotion": null, "raum_emotion": null, "route": null}}, {"type": "Feature", "geometry": {"type": "Point", "coordinates": [2.32755, 48.8706]}, "properties": {"id": 89, "zeile": 7, "tags": ["george_duroy", "mood", "koerper_als_akteur"], "perspektive": "figur", "text": "Und sein Herz begann rasend zu klopfen.", "notiz": "Der Herzschlag als körperlicher Ausdruck der Panikattacke Duroys.", "ort": "Duroys Wohnung (unspezifisch)", "valenz": -1, "intensitaet": 2, "gewichtete_valenz": -2, "f_wert": null, "f_emotion": null, "raum_emotion": null, "route": null}}, {"type": "Feature", "geometry": {"type": "Point", "coordinates": [2.32755, 48.8706]}, "properties": {"id": 90, "zeile": 8, "tags": ["george_duroy", "mood"], "perspektive": "figur", "text": "Er ging zu seinem Bett und sah sich, auf dem Rücken liegend, unter derselben Decke, die er eben verl", "notiz": "Duroy imaginiert sich als Leiche in seinem eigenen Bett — die Angst nimmt visuelle Gestalt an.", "ort": "Duroys Wohnung (unspezifisch)", "valenz": -1, "intensitaet": 3, "gewichtete_valenz": -3, "f_wert": "ort_loest_emotion_aus", "f_emotion": "Todesangst, Selbstbild als Leiche", "raum_emotion": {"ort": "Duroys Schlafzimmer", "emotion": "Todesangst, Selbstbild als Leiche", "richtung": "ort_loest_emotion_aus"}, "route": null}}, {"type": "Feature", "geometry": {"type": "Point", "coordinates": [2.32755, 48.8706]}, "properties": {"id": 91, "zeile": 9, "tags": ["george_duroy", "mood", "space"], "perspektive": "figur", "text": "Eine Furcht vor seinem Bett ergriff ihn und, um es nicht mehr zu sehen, öffnete er das Fenster und g", "notiz": "Das Bett wird zum Angstraum; Duroy flüchtet ans Fenster, um dem bedrohlichen Anblick zu entkommen.", "ort": "Duroys Wohnung (unspezifisch)", "valenz": -1, "intensitaet": 3, "gewichtete_valenz": -3, "f_wert": "ort_loest_emotion_aus", "f_emotion": "Angst, Fluchtimpuls", "raum_emotion": {"ort": "Duroys Schlafzimmer / Fenster", "emotion": "Angst, Fluchtimpuls", "richtung": "ort_loest_emotion_aus"}, "route": null}}, {"type": "Feature", "geometry": {"type": "Point", "coordinates": [2.32755, 48.8706]}, "properties": {"id": 92, "zeile": 10, "tags": ["george_duroy", "weather", "koerper_als_akteur"], "perspektive": "figur", "text": "Die kalte Nachtluft ließ seinen ganzen Körper zittern und schwer atmend wich er vom Fenster zurück.", "notiz": "Duroy spürt die kalte Nachtluft körperlich — das Wetter verstärkt seine nervliche Anspannung.", "ort": "Duroys Wohnung (unspezifisch)", "valenz": -1, "intensitaet": 2, "gewichtete_valenz": -2, "f_wert": "koerper_als_sensor", "f_emotion": "körperliches Erschaudern, Angst", "raum_emotion": {"ort": "Fenster von Duroys Wohnung", "emotion": "körperliches Erschaudern, Angst", "richtung": "koerper_als_sensor"}, "route": null}}, {"type": "Feature", "geometry": {"type": "Point", "coordinates": [2.32755, 48.8706]}, "properties": {"id": 93, "zeile": 11, "tags": ["george_duroy", "mood", "koerper_als_akteur"], "perspektive": "figur", "text": "Es fiel ihm ein, Feuer zu machen. Er schürte es langsam an, ohne sich umzudrehen. Seine Hände zitter", "notiz": "Duroy versucht sich durch praktische Handlungen abzulenken; die zitternden Hände verraten seine innere Erschütterung.", "ort": "Duroys Wohnung (unspezifisch)", "valenz": -1, "intensitaet": 2, "gewichtete_valenz": -2, "f_wert": null, "f_emotion": null, "raum_emotion": null, "route": null}}, {"type": "Feature", "geometry": {"type": "Point", "coordinates": [2.32755, 48.8706]}, "properties": {"id": 94, "zeile": 12, "tags": ["george_duroy", "mood", "koerper_als_akteur"], "perspektive": "figur", "text": "Sein Kopf brannte, seine Gedanken waren schmerzhaft und verworren. Er fühlte sich berauscht, als ob ", "notiz": "Duroy erlebt seinen psychischen Zustand körperlich als Taumel und Berauschung — Ausdruck extremer Angst.", "ort": "Duroys Wohnung (unspezifisch)", "valenz": -1, "intensitaet": 2, "gewichtete_valenz": -2, "f_wert": "koerper_als_sensor", "f_emotion": "Taumel, Kontrollverlust", "raum_emotion": {"ort": "Duroys Wohnung", "emotion": "Taumel, Kontrollverlust", "richtung": "koerper_als_sensor"}, "route": null}}, {"type": "Feature", "geometry": {"type": "Point", "coordinates": [2.32755, 48.8706]}, "properties": {"id": 95, "zeile": 13, "tags": ["george_duroy", "move", "mood"], "perspektive": "figur", "text": "Er begann wieder auf und ab zu gehen, ununterbrochen, mechanisch.", "notiz": "Duroys mechanisches Auf-und-Ab-Gehen zeigt seinen Kontrollverlust und die innere Rastlosigkeit.", "ort": "Duroys Wohnung (unspezifisch)", "valenz": null, "intensitaet": null, "gewichtete_valenz": null, "f_wert": "emotion_faerbt_raum", "f_emotion": "Rastlosigkeit, Verzweiflung", "raum_emotion": {"ort": "Duroys Zimmer", "emotion": "Rastlosigkeit, Verzweiflung", "richtung": "emotion_faerbt_raum"}, "route": null}}, {"type": "Feature", "geometry": {"type": "Point", "coordinates": [2.32755, 48.8706]}, "properties": {"id": 96, "zeile": 14, "tags": ["george_duroy", "mood"], "perspektive": "figur", "text": "Er setzte sich wieder hin, nahm einen Bogen Papier und schrieb. »Lieber Papa, liebe Mama ...« Aber d", "notiz": "Duroy versucht einen Abschiedsbrief zu verfassen, scheitert aber an der Formulierung — Ausdruck seiner Überwältigung durch die Situation.", "ort": "Duroys Wohnung (unspezifisch)", "valenz": -1, "intensitaet": 2, "gewichtete_valenz": -2, "f_wert": null, "f_emotion": null, "raum_emotion": null, "route": null}}, {"type": "Feature", "geometry": {"type": "Point", "coordinates": [2.32755, 48.8706]}, "properties": {"id": 97, "zeile": 1, "tags": ["george_duroy", "mood"], "perspektive": "figur", "text": "Hastig stand er auf und traute sich nicht weiter zu schreiben.", "notiz": "Duroy ist innerlich so erschüttert, dass er physisch aufspringt und nicht weiterschreiben kann.", "ort": "Duroys Wohnung (nicht näher spezifiziert)", "valenz": -1, "intensitaet": 2, "gewichtete_valenz": -2, "f_wert": null, "f_emotion": null, "raum_emotion": null, "route": null}}, {"type": "Feature", "geometry": {"type": "Point", "coordinates": [2.32755, 48.8706]}, "properties": {"id": 98, "zeile": 2, "tags": ["george_duroy", "mood"], "perspektive": "figur", "text": "Dieser Gedanke zerschmetterte ihn: »Ich werde ein Duell haben.« Es war unvermeidlich. Was ging nun i", "notiz": "Duroy erlebt innerlich den lähmenden Widerspruch zwischen Wille und Angst vor dem Duell.", "ort": "Duroys Wohnung (nicht näher spezifiziert)", "valenz": -1, "intensitaet": 3, "gewichtete_valenz": -3, "f_wert": "ort_loest_emotion_aus", "f_emotion": "Lähmung, Zerrissenheit", "raum_emotion": {"ort": "Duroys Wohnung", "emotion": "Lähmung, Zerrissenheit", "richtung": "ort_loest_emotion_aus"}, "route": null}}, {"type": "Feature", "geometry": {"type": "Point", "coordinates": [2.32755, 48.8706]}, "properties": {"id": 99, "zeile": 3, "tags": ["george_duroy", "koerper_als_akteur", "sound"], "perspektive": "figur", "text": "Von Zeit zu Zeit klapperten seine Zähne mit leisem, hartem Geräusch", "notiz": "Das Zähneklappern ist ein unwillkürlicher körperlicher Ausdruck von Duroys Angst.", "ort": "Duroys Wohnung (nicht näher spezifiziert)", "valenz": -1, "intensitaet": 2, "gewichtete_valenz": -2, "f_wert": "koerper_als_sensor", "f_emotion": "Angst, Zittern", "raum_emotion": {"ort": "Duroys Wohnung", "emotion": "Angst, Zittern", "richtung": "koerper_als_sensor"}, "route": null}}, {"type": "Feature", "geometry": {"type": "Point", "coordinates": [2.32755, 48.8706]}, "properties": {"id": 100, "zeile": 4, "tags": ["george_duroy", "mood", "location_erinnerung"], "perspektive": "figur", "text": "Dann malte sich Duroy ihr Zusammentreffen aus, die Haltung seines Gegners und seine eigene. Er zerma", "notiz": "Duroy imaginiert den Ablauf des Duells und sieht halluzinatorisch den Pistolenlauf vor sich — innere Vorstellung eines zukünftigen Orts.", "ort": "imaginierter Kampfplatz", "valenz": -1, "intensitaet": 2, "gewichtete_valenz": -2, "f_wert": "ort_loest_emotion_aus", "f_emotion": "Todesangst, Schrecken", "raum_emotion": {"ort": "imaginierter Kampfplatz", "emotion": "Todesangst, Schrecken", "richtung": "ort_loest_emotion_aus"}, "route": null}}, {"type": "Feature", "geometry": {"type": "Point", "coordinates": [2.32755, 48.8706]}, "properties": {"id": 101, "zeile": 5, "tags": ["george_duroy", "mood", "koerper_als_akteur"], "perspektive": "figur", "text": "Und plötzlich ergriff ihn eine furchtbare Angst, er bekam einen Anfall wilder Verzweiflung. Sein gan", "notiz": "Duroys Panikattacke manifestiert sich als unkontrollierbarer körperlicher Ausbruch — Zittern, Beißwunsch, Verzweiflung.", "ort": "Duroys Wohnung (nicht näher spezifiziert)", "valenz": -1, "intensitaet": 3, "gewichtete_valenz": -3, "f_wert": "koerper_als_sensor", "f_emotion": "Panik, wilde Verzweiflung", "raum_emotion": {"ort": "Duroys Wohnung", "emotion": "Panik, wilde Verzweiflung", "richtung": "koerper_als_sensor"}, "route": null}}, {"type": "Feature", "geometry": {"type": "Point", "coordinates": [2.32755, 48.8706]}, "properties": {"id": 102, "zeile": 6, "tags": ["george_duroy", "social", "location_erinnerung"], "perspektive": "figur", "text": "Er bemerkte plötzlich ein Glas auf seinem Kamin, und es fiel ihm ein, daß er in seinem Schranke eine", "notiz": "Duroys Blick auf das Glas aktiviert eine persönliche Gewohnheitserinnerung aus seiner Soldatenzeit.", "ort": "Duroys Wohnung (nicht näher spezifiziert)", "valenz": 1, "intensitaet": 1, "gewichtete_valenz": 1, "f_wert": null, "f_emotion": null, "raum_emotion": null, "route": null}}, {"type": "Feature", "geometry": {"type": "Point", "coordinates": [2.32755, 48.8706]}, "properties": {"id": 103, "zeile": 7, "tags": ["george_duroy", "koerper_als_akteur", "mood"], "perspektive": "figur", "text": "Er ergriff die Flasche, setzte sie an den Mund und trank gierig, in langen Zügen. Er stellte sie ers", "notiz": "Duroy trinkt Schnaps gierig und unkontrolliert als körperliche Reaktion auf seine existenzielle Angst.", "ort": "Duroys Wohnung (nicht näher spezifiziert)", "valenz": -1, "intensitaet": 2, "gewichtete_valenz": -2, "f_wert": "koerper_als_sensor", "f_emotion": "Verzweiflung, Betäubungssuche", "raum_emotion": {"ort": "Duroys Wohnung", "emotion": "Verzweiflung, Betäubungssuche", "richtung": "koerper_als_sensor"}, "route": null}}, {"type": "Feature", "geometry": {"type": "Point", "coordinates": [2.32755, 48.8706]}, "properties": {"id": 104, "zeile": 8, "tags": ["george_duroy", "weather", "koerper_als_akteur", "mood"], "perspektive": "figur", "text": "Eine glühende Hitze verbrannte ihm plötzlich den Magen, ergoß sich durch seine Glieder, und durch di", "notiz": "Der Alkohol wird körperlich als brennende Hitze wahrgenommen, die Duroys Angst in Mut verwandelt.", "ort": "Duroys Wohnung (nicht näher spezifiziert)", "valenz": 1, "intensitaet": 2, "gewichtete_valenz": 2, "f_wert": "koerper_als_sensor", "f_emotion": "wiederkehrender Mut, Betäubung", "raum_emotion": {"ort": "Duroys Wohnung", "emotion": "wiederkehrender Mut, Betäubung", "richtung": "koerper_als_sensor"}, "route": null}}, {"type": "Feature", "geometry": {"type": "Point", "coordinates": [2.32755, 48.8706]}, "properties": {"id": 105, "zeile": 1, "tags": ["george_duroy", "weather", "koerper_als_sensor"], "perspektive": "figur", "text": "da ihm sehr warm wurde, öffnete er das Fenster", "notiz": "Duroy erlebt Wärme körperlich und reagiert mit einer Handlung.", "ort": "Duroys Zimmer (Innenraum, Paris)", "valenz": 0, "intensitaet": 1, "gewichtete_valenz": 0, "f_wert": "koerper_als_sensor", "f_emotion": "körperliche Wärme", "raum_emotion": {"ort": "Zimmer", "emotion": "körperliche Wärme", "richtung": "koerper_als_sensor"}, "route": null}}, {"type": "Feature", "geometry": {"type": "Point", "coordinates": [2.32755, 48.8706]}, "properties": {"id": 106, "zeile": 1, "tags": ["weather", "time", "atmosphere"], "perspektive": "erzaehler", "text": "Der Tag graute still und kalt.", "notiz": "Maupassant beschreibt das Morgengrauen als atmosphärische Kulisse.", "ort": "Paris, früher Morgen", "valenz": -1, "intensitaet": 2, "gewichtete_valenz": -2, "f_wert": null, "f_emotion": null, "raum_emotion": null, "route": null}}, {"type": "Feature", "geometry": {"type": "Point", "coordinates": [2.32755, 48.8706]}, "properties": {"id": 107, "zeile": 2, "tags": ["space", "atmosphere", "location"], "perspektive": "erzaehler", "text": "Die Sterne schienen zu sterben und in dem tiefen Eisenbahneinschnitt verblichen die grünen, roten un", "notiz": "Maupassant beschreibt den Eisenbahneinschnitt mit seinen Signallichtern als nächtlich-dämmernde Kulisse.", "ort": "Eisenbahneinschnitt bei Duroys Zimmer, Paris", "valenz": null, "intensitaet": 2, "gewichtete_valenz": null, "f_wert": null, "f_emotion": null, "raum_emotion": null, "route": null}}, {"type": "Feature", "geometry": {"type": "Point", "coordinates": [2.32755, 48.8706]}, "properties": {"id": 108, "zeile": 3, "tags": ["sound", "atmosphere"], "perspektive": "erzaehler", "text": "Die ersten Lokomotiven verließen den Schuppen und fuhren pfeifend davon, um die ersten Züge zu holen", "notiz": "Maupassant beschreibt den morgendlichen Lokomotivbetrieb als akustische Kulisse.", "ort": "Eisenbahnschuppen bei Duroys Zimmer, Paris", "valenz": 0, "intensitaet": 1, "gewichtete_valenz": 0, "f_wert": null, "f_emotion": null, "raum_emotion": null, "route": null}}, {"type": "Feature", "geometry": {"type": "Point", "coordinates": [2.32755, 48.8706]}, "properties": {"id": 109, "zeile": 3, "tags": ["sound", "atmosphere"], "perspektive": "erzaehler", "text": "Die anderen pfiffen grell in der Ferne, wiederholten ihren Morgenruf, wie die Hähne auf dem Lande.", "notiz": "Das Pfeifen der Lokomotiven in der Ferne wird mit Hahnenschrei verglichen — atmosphärische Stadtbeschreibung von aussen.", "ort": "Paris, Umgebung des Zimmers", "valenz": 0, "intensitaet": 1, "gewichtete_valenz": 0, "f_wert": null, "f_emotion": null, "raum_emotion": null, "route": null}}, {"type": "Feature", "geometry": {"type": "Point", "coordinates": [2.32755, 48.8706]}, "properties": {"id": 110, "zeile": 4, "tags": ["george_duroy", "mood", "location_erinnerung"], "perspektive": "figur", "text": "»Ich werde vielleicht das alles nicht mehr sehen«, dachte Duroy.", "notiz": "Duroy nimmt die Morgenlandschaft als möglicherweise letzten Anblick wahr — existenzielle Angst vor dem Tod im Duell.", "ort": "Blick aus dem Fenster, Paris", "valenz": -1, "intensitaet": 2, "gewichtete_valenz": -2, "f_wert": "ort_loest_emotion_aus", "f_emotion": "Todesangst, Abschied", "raum_emotion": {"ort": "Eisenbahneinschnitt / Morgenlandschaft", "emotion": "Todesangst, Abschied", "richtung": "ort_loest_emotion_aus"}, "route": null}}, {"type": "Feature", "geometry": {"type": "Point", "coordinates": [2.32755, 48.8706]}, "properties": {"id": 111, "zeile": 5, "tags": ["george_duroy", "mood", "koerper_als_akteur"], "perspektive": "figur", "text": "Nun fühlte er, daß er von neuem weich wurde. Da nahm er sich mit Gewalt zusammen.", "notiz": "Duroy bemerkt seine innere Schwäche und bezwingt sich aktiv — emotionale Selbstbeherrschung vor dem Duell.", "ort": "Duroys Zimmer, Paris", "valenz": null, "intensitaet": null, "gewichtete_valenz": null, "f_wert": null, "f_emotion": null, "raum_emotion": null, "route": null}}, {"type": "Feature", "geometry": {"type": "Point", "coordinates": [2.32755, 48.8706]}, "properties": {"id": 112, "zeile": 6, "tags": ["george_duroy", "mood", "time"], "perspektive": "figur", "text": "»Ich darf an nichts denken bis zum Moment der Begegnung. Das ist das einzige Mittel, um den Mut nich", "notiz": "Duroy versucht durch innere Selbstinstruktion die Zeit bis zum Duell zu überbrücken — emotionaler Zeitdruck.", "ort": "Duroys Zimmer, Paris", "valenz": null, "intensitaet": null, "gewichtete_valenz": null, "f_wert": "koerper_als_sensor", "f_emotion": "Angst, Selbstkontrolle", "raum_emotion": {"ort": "Zimmer", "emotion": "Angst, Selbstkontrolle", "richtung": "koerper_als_sensor"}, "route": null}}, {"type": "Feature", "geometry": {"type": "Point", "coordinates": [2.32755, 48.8706]}, "properties": {"id": 113, "zeile": 7, "tags": ["george_duroy", "mood", "koerper_als_akteur"], "perspektive": "figur", "text": "Beim Rasieren guckte er in den Spiegel, und es überkam ihn nochmals eine Schwäche, als er daran dach", "notiz": "Der Anblick des eigenen Gesichts im Spiegel löst erneut Todesangst bei Duroy aus.", "ort": "Duroys Zimmer, Paris", "valenz": null, "intensitaet": null, "gewichtete_valenz": null, "f_wert": "ort_loest_emotion_aus", "f_emotion": "Todesangst, Schwäche", "raum_emotion": {"ort": "Zimmer (Spiegel)", "emotion": "Todesangst, Schwäche", "richtung": "ort_loest_emotion_aus"}, "route": null}}, {"type": "Feature", "geometry": {"type": "Point", "coordinates": [2.32755, 48.8706]}, "properties": {"id": 114, "zeile": 8, "tags": ["george_duroy", "koerper_als_akteur"], "perspektive": "figur", "text": "Da trank er einen Schluck aus der Flasche und zog sich schnell an.", "notiz": "Duroy versucht durch Alkohol und schnelles Handeln seine Angst zu bekämpfen.", "ort": "Duroys Zimmer, Paris", "valenz": null, "intensitaet": null, "gewichtete_valenz": null, "f_wert": null, "f_emotion": null, "raum_emotion": null, "route": null}}, {"type": "Feature", "geometry": {"type": "Point", "coordinates": [2.32755, 48.8706]}, "properties": {"id": 115, "zeile": 8, "tags": ["george_duroy", "mood", "time"], "perspektive": "figur", "text": "Es fiel ihm sehr schwer, über die nächste Stunde hinwegzukommen.", "notiz": "Duroy erlebt die Wartezeit als quälend — emotionaler Zeitdruck vor dem Duell.", "ort": "Duroys Zimmer, Paris", "valenz": -1, "intensitaet": 2, "gewichtete_valenz": -2, "f_wert": "koerper_als_sensor", "f_emotion": "Qual, Ungeduld", "raum_emotion": {"ort": "Zimmer", "emotion": "Qual, Ungeduld", "richtung": "koerper_als_sensor"}, "route": null}}, {"type": "Feature", "geometry": {"type": "Point", "coordinates": [2.32755, 48.8706]}, "properties": {"id": 116, "zeile": 9, "tags": ["george_duroy", "move", "koerper_als_akteur", "mood"], "perspektive": "figur", "text": "Er ging auf und ab durch das Zimmer und zwang sich mit Gewalt zur äußeren Ruhe und Kaltblütigkeit.", "notiz": "Duroys Hin-und-her-Gehen im Zimmer ist ein körperlicher Ausdruck seiner inneren Angstbewältigung.", "ort": "Duroys Zimmer, Paris", "valenz": null, "intensitaet": null, "gewichtete_valenz": null, "f_wert": "emotion_faerbt_raum", "f_emotion": "Angst, erzwungene Kaltblütigkeit", "raum_emotion": {"ort": "Zimmer", "emotion": "Angst, erzwungene Kaltblütigkeit", "richtung": "emotion_faerbt_raum"}, "route": null}}, {"type": "Feature", "geometry": {"type": "Point", "coordinates": [2.32755, 48.8706]}, "properties": {"id": 117, "zeile": 10, "tags": ["george_duroy", "sound", "mood", "koerper_als_akteur"], "perspektive": "figur", "text": "Als er an seiner Tür klopfen hörte, wäre er fast auf den Rücken gefallen, so heftig fuhr er vor Schr", "notiz": "Das Klopfen an der Tür löst bei Duroy einen heftigen Schreckreiz aus — körperliche Manifestation der Todesangst.", "ort": "Duroys Zimmer, Paris", "valenz": null, "intensitaet": null, "gewichtete_valenz": null, "f_wert": "ort_loest_emotion_aus", "f_emotion": "Schreck, Todesangst", "raum_emotion": {"ort": "Zimmer (Tür)", "emotion": "Schreck, Todesangst", "richtung": "ort_loest_emotion_aus"}, "route": null}}, {"type": "Feature", "geometry": {"type": "Point", "coordinates": [2.32755, 48.8706]}, "properties": {"id": 118, "zeile": 11, "tags": ["social", "material"], "perspektive": "erzaehler", "text": "Sie waren in Pelze gehüllt.", "notiz": "Maupassant beschreibt die Kleidung der Zeugen als äusseres Zeichen sozialen Status und der Kälte.", "ort": "Duroys Zimmer, Paris", "valenz": null, "intensitaet": 1, "gewichtete_valenz": null, "f_wert": null, "f_emotion": null, "raum_emotion": null, "route": null}}, {"type": "Feature", "geometry": {"type": "Point", "coordinates": [2.32755, 48.8706]}, "properties": {"id": 119, "zeile": 14, "tags": ["social", "material"], "perspektive": "erzaehler", "text": "Für das Ereignis hatte sich Boisrenard ein gelb-grünes ausländisches Ordensbändchen angelegt, das Du", "notiz": "Maupassant beschreibt Boisrenards Ordensbändchen als sozialen Marker — von aussen beobachtet.", "ort": "Duroys Zimmer, Paris", "valenz": null, "intensitaet": 1, "gewichtete_valenz": null, "f_wert": null, "f_emotion": null, "raum_emotion": null, "route": null}}, {"type": "Feature", "geometry": {"type": "Point", "coordinates": [2.32755, 48.8706]}, "properties": {"id": 120, "zeile": 15, "tags": ["move", "location"], "perspektive": "erzaehler", "text": "Sie gingen hinunter. In dem Landauer saß ein Herr und wartete auf sie.", "notiz": "Maupassant beschreibt den Aufbruch der Gruppe — neutrale Erzählerperspektive.", "ort": "Vor Duroys Unterkunft, Paris", "valenz": null, "intensitaet": 1, "gewichtete_valenz": null, "f_wert": null, "f_emotion": null, "raum_emotion": null, "route": null}}, {"type": "Feature", "geometry": {"type": "Point", "coordinates": [2.32755, 48.8706]}, "properties": {"id": 121, "zeile": 17, "tags": ["george_duroy", "mood", "material", "koerper_als_sensor"], "perspektive": "figur", "text": "»Ich danke«, murmelte Duroy und drückte ihm die Hand. Dann wollte er sich auf die Vorderbank setzen,", "notiz": "Der körperliche Kontakt mit dem Pistolenkasten löst bei Duroy Entsetzen aus — Objekt wird zum emotionalen Auslöser.", "ort": "Landauer vor Duroys Unterkunft, Paris", "valenz": -1, "intensitaet": 2, "gewichtete_valenz": -2, "f_wert": "ort_loest_emotion_aus", "f_emotion": "Entsetzen, Todesangst", "raum_emotion": {"ort": "Landauer (Kutsche)", "emotion": "Entsetzen, Todesangst", "richtung": "ort_loest_emotion_aus"}, "route": null}}, {"type": "Feature", "geometry": {"type": "Point", "coordinates": [2.32755, 48.8706]}, "properties": {"id": 122, "zeile": 1, "tags": ["george_duroy", "koerper_als_akteur"], "perspektive": "figur", "text": "Duroy verstand ihn endlich und sank neben dem Doktor aufs Polster.", "notiz": "Duroy reagiert körperlich auf die Anweisung und setzt sich in die Kutsche.", "ort": "Kutsche, Abfahrt zum Duellort", "valenz": null, "intensitaet": null, "gewichtete_valenz": null, "f_wert": null, "f_emotion": null, "raum_emotion": null, "route": null}}, {"type": "Feature", "geometry": {"type": "Point", "coordinates": [2.32755, 48.8706]}, "properties": {"id": 123, "zeile": 2, "tags": ["move", "location"], "perspektive": "erzaehler", "text": "Als die beiden Sekundanten eingestiegen waren, fuhr der Kutscher los. Er wußte schon, wohin er fahre", "notiz": "Maupassant beschreibt die Abfahrt der Kutsche neutral von außen.", "ort": "Kutsche in Bewegung, Paris", "valenz": null, "intensitaet": 1, "gewichtete_valenz": null, "f_wert": null, "f_emotion": null, "raum_emotion": null, "route": null}}, {"type": "Feature", "geometry": {"type": "Point", "coordinates": [2.32755, 48.8706]}, "properties": {"id": 124, "zeile": 3, "tags": ["george_duroy", "mood", "material"], "perspektive": "figur", "text": "die Pistolenkiste belästigte alle, am meisten Duroy, der sie lieber nicht gesehen hätte.", "notiz": "Die physische Präsenz der Pistolenkiste löst bei Duroy Unbehagen und Verdrängungswunsch aus.", "ort": "Kutsche", "valenz": -1, "intensitaet": 2, "gewichtete_valenz": -2, "f_wert": "ort_loest_emotion_aus", "f_emotion": "Unbehagen, Verdrängungswunsch", "raum_emotion": {"ort": "Kutsche mit Pistolenkiste", "emotion": "Unbehagen, Verdrängungswunsch", "richtung": "ort_loest_emotion_aus"}, "route": null}}, {"type": "Feature", "geometry": {"type": "Point", "coordinates": [2.32755, 48.8706]}, "properties": {"id": 125, "zeile": 4, "tags": ["atmosphere"], "perspektive": "erzaehler", "text": "Die Fahrt verlief sehr eintönig, obgleich der Arzt Anekdoten erzählte. Rival antwortete allein darau", "notiz": "Maupassant beschreibt die Stimmung der Fahrt als eintönig und sozial distanziert von außen.", "ort": "Kutsche", "valenz": -1, "intensitaet": 1, "gewichtete_valenz": -1, "f_wert": null, "f_emotion": null, "raum_emotion": null, "route": null}}, {"type": "Feature", "geometry": {"type": "Point", "coordinates": [2.32755, 48.8706]}, "properties": {"id": 126, "zeile": 5, "tags": ["george_duroy", "mood"], "perspektive": "figur", "text": "Duroy hätte gern Geistesgegenwart gezeigt, er fürchtete aber, aus der Rolle zu fallen und seine Aufr", "notiz": "Duroy erlebt intensive innere Angst und Kontrollverlust-Furcht während der Fahrt zum Duell.", "ort": "Kutsche", "valenz": -1, "intensitaet": 3, "gewichtete_valenz": -3, "f_wert": null, "f_emotion": null, "raum_emotion": null, "route": null}}, {"type": "Feature", "geometry": {"type": "Point", "coordinates": [2.32755, 48.8706]}, "properties": {"id": 127, "zeile": 6, "tags": ["move", "location", "space"], "perspektive": "erzaehler", "text": "Der Wägen hatte bald freies Feld erreicht.", "notiz": "Maupassant beschreibt das Verlassen der Stadt und das Erreichen des freien Feldes.", "ort": "Stadtrand Paris, freies Feld", "valenz": null, "intensitaet": 1, "gewichtete_valenz": null, "f_wert": null, "f_emotion": null, "raum_emotion": null, "route": null}}, {"type": "Feature", "geometry": {"type": "Point", "coordinates": [2.32755, 48.8706]}, "properties": {"id": 128, "zeile": 7, "tags": ["time", "weather", "atmosphere"], "perspektive": "erzaehler", "text": "Es war gegen neun Uhr früh an einem jener rauhen Wintermorgen, wo die ganze Natur glänzend, hart und", "notiz": "Maupassant gibt Tageszeit und Jahreszeit neutral an und beschreibt die Winteratmosphäre als Kulisse.", "ort": "freies Feld bei Paris", "valenz": null, "intensitaet": 2, "gewichtete_valenz": null, "f_wert": null, "f_emotion": null, "raum_emotion": null, "route": null}}, {"type": "Feature", "geometry": {"type": "Point", "coordinates": [2.32755, 48.8706]}, "properties": {"id": 129, "zeile": 8, "tags": ["weather", "sound", "space", "atmosphere", "material"], "perspektive": "erzaehler", "text": "Die Bäume im Rauhreif sahen aus, als ob sie Eis geschwitzt hätten; der Boden dröhnte unter den Schri", "notiz": "Maupassant beschreibt die winterliche Naturlandschaft mit Klang- und Materialqualitäten als atmosphärische Kulisse.", "ort": "freies Feld bei Paris", "valenz": null, "intensitaet": 2, "gewichtete_valenz": null, "f_wert": null, "f_emotion": null, "raum_emotion": null, "route": null}}, {"type": "Feature", "geometry": {"type": "Point", "coordinates": [2.32755, 48.8706]}, "properties": {"id": 130, "zeile": 9, "tags": ["weather", "atmosphere"], "perspektive": "erzaehler", "text": "Die Sonne warf auf die erfrorene Erde ihre hellen Strahlen, die nicht zu wärmen vermochten.", "notiz": "Maupassant beschreibt das kalte Winterlicht als atmosphärisches Bild ohne wärmende Wirkung.", "ort": "freies Feld bei Paris", "valenz": null, "intensitaet": 1, "gewichtete_valenz": null, "f_wert": null, "f_emotion": null, "raum_emotion": null, "route": null}}, {"type": "Feature", "geometry": {"type": "Point", "coordinates": [2.32755, 48.8706]}, "properties": {"id": 131, "zeile": 10, "tags": ["george_duroy", "mood"], "perspektive": "figur", "text": "Duroy antwortete mechanisch: »Ich danke Ihnen.«", "notiz": "Duroys mechanische Antwort zeigt seinen benommenen, innerlich abwesenden Zustand vor dem Duell.", "ort": "Kutsche", "valenz": -1, "intensitaet": 2, "gewichtete_valenz": -2, "f_wert": null, "f_emotion": null, "raum_emotion": null, "route": null}}, {"type": "Feature", "geometry": {"type": "Point", "coordinates": [2.3082, 48.8736]}, "properties": {"id": 132, "zeile": 11, "tags": ["location"], "perspektive": "erzaehler", "text": "Ich habe die Pistolen bei Gastine Renette gekauft.", "notiz": "Rival nennt das bekannte Pariser Waffengeschäft Gastine Renette als konkreten Ort.", "ort": "Gastine Renette, Paris (bekannter Waffenhändler, Avenue de la Grande-Armée/Champs-Élysées-Gegend)", "valenz": null, "intensitaet": 1, "gewichtete_valenz": null, "f_wert": null, "f_emotion": null, "raum_emotion": null, "route": null}}, {"type": "Feature", "geometry": {"type": "Point", "coordinates": [2.3112, 48.876]}, "properties": {"id": 133, "zeile": 1, "tags": ["george_duroy", "mood"], "perspektive": "figur", "text": "Duroy wiederholte es in Gedanken: »Bei dem Kommando 'Feuer' hebe ich den Arm. — Bei dem Kommando 'Fe", "notiz": "Duroy wiederholt mechanisch den Befehl für das Duell — ein innerer Zustand zwischen Angst und zwanghafter Kontrolle.", "ort": "Wald bei Paris (Duellszene)", "valenz": -1, "intensitaet": 2, "gewichtete_valenz": -2, "f_wert": null, "f_emotion": null, "raum_emotion": null, "route": null}}, {"type": "Feature", "geometry": {"type": "Point", "coordinates": [2.3112, 48.876]}, "properties": {"id": 134, "zeile": 2, "tags": ["location", "move"], "perspektive": "erzaehler", "text": "Der Wagen kam in einen Wald, bog nach rechts in eine Allee ein und dann wieder nach rechts.", "notiz": "Erzähler beschreibt die Route des Wagens durch den Wald als neutrale Ortsangabe.", "ort": "Wald bei Paris (Duellort, vermutlich Bois de Vincennes oder Bois de Boulogne)", "valenz": null, "intensitaet": 1, "gewichtete_valenz": null, "f_wert": null, "f_emotion": null, "raum_emotion": null, "route": null}}, {"type": "Feature", "geometry": {"type": "Point", "coordinates": [2.3112, 48.876]}, "properties": {"id": 135, "zeile": 3, "tags": ["space", "weather", "material"], "perspektive": "erzaehler", "text": "Nun fuhr der Wagen auf einem Weg mit zwei tiefen Gleisen, der rechts und links von einem dichten Unt", "notiz": "Erzähler beschreibt den engen, eisbedeckten Waldweg als atmosphärische Kulisse für die Duellszene.", "ort": "Waldweg bei Paris (Duellort)", "valenz": null, "intensitaet": 2, "gewichtete_valenz": null, "f_wert": "ort_loest_emotion_aus", "f_emotion": "Beklemmung, Kälte", "raum_emotion": {"ort": "Waldweg mit Eis und Unterholz", "emotion": "Beklemmung, Kälte", "richtung": "ort_loest_emotion_aus"}, "route": null}}, {"type": "Feature", "geometry": {"type": "Point", "coordinates": [2.3112, 48.876]}, "properties": {"id": 136, "zeile": 4, "tags": ["george_duroy", "mood"], "perspektive": "figur", "text": "Duroy murmelte immer noch: »Bei dem Kommando 'Feuer' hebe ich den Arm.« Und er dachte, daß irgendein", "notiz": "Duroy wünscht sich einen Unfall als Flucht vor dem Duell — innerer Zustand extremer Angst und Feigheit.", "ort": "Waldweg bei Paris (Duellort)", "valenz": -1, "intensitaet": 3, "gewichtete_valenz": -3, "f_wert": "ort_loest_emotion_aus", "f_emotion": "Todesangst, Fluchwunsch", "raum_emotion": {"ort": "Waldweg im Wagen", "emotion": "Todesangst, Fluchwunsch", "richtung": "ort_loest_emotion_aus"}, "route": null}}, {"type": "Feature", "geometry": {"type": "Point", "coordinates": [2.3112, 48.876]}, "properties": {"id": 137, "zeile": 5, "tags": ["george_duroy", "location", "space"], "perspektive": "figur", "text": "Doch Duroy bemerkte bald am Ende einer Lichtung einen anderen Wagen, der dort hielt, und vier Herren", "notiz": "Duroy nimmt die Lichtung und die wartenden Gegner wahr — sein Blick registriert die Situation mit wachsender Bedrängnis.", "ort": "Lichtung im Wald (Duellort bei Paris)", "valenz": null, "intensitaet": 2, "gewichtete_valenz": null, "f_wert": "ort_loest_emotion_aus", "f_emotion": "Beklemmung, Unvermeidlichkeit", "raum_emotion": {"ort": "Lichtung im Wald", "emotion": "Beklemmung, Unvermeidlichkeit", "richtung": "ort_loest_emotion_aus"}, "route": null}}, {"type": "Feature", "geometry": {"type": "Point", "coordinates": [2.3112, 48.876]}, "properties": {"id": 138, "zeile": 6, "tags": ["george_duroy", "koerper_als_akteur", "mood"], "perspektive": "figur", "text": "Er mußte seinen Mund auf tun, so schwer wurde ihm das Atmen.", "notiz": "Duroys Körper reagiert auf die Angst mit Atemnot — physische Manifestation des inneren Zustands.", "ort": "Lichtung im Wald (Duellort bei Paris)", "valenz": -1, "intensitaet": 2, "gewichtete_valenz": -2, "f_wert": "koerper_als_sensor", "f_emotion": "Panik, Atemnot", "raum_emotion": {"ort": "Lichtung im Wald", "emotion": "Panik, Atemnot", "richtung": "koerper_als_sensor"}, "route": null}}, {"type": "Feature", "geometry": {"type": "Point", "coordinates": [2.3112, 48.876]}, "properties": {"id": 139, "zeile": 7, "tags": ["social"], "perspektive": "erzaehler", "text": "Die Sekundanten stiegen zuerst aus, dann der Arzt und zuletzt der Duellant.", "notiz": "Erzähler beschreibt das rituelle Aussteigen nach sozialem Rang — neutrale Beobachterperspektive.", "ort": "Lichtung im Wald (Duellort bei Paris)", "valenz": null, "intensitaet": 1, "gewichtete_valenz": null, "f_wert": null, "f_emotion": null, "raum_emotion": null, "route": null}}, {"type": "Feature", "geometry": {"type": "Point", "coordinates": [2.3112, 48.876]}, "properties": {"id": 140, "zeile": 8, "tags": ["george_duroy", "space", "atmosphere"], "perspektive": "figur", "text": "Duroy sah, wie sie sich etwas feierlich begrüßten, dann in der Lichtung auf und ab gingen und bald a", "notiz": "Duroy beobachtet die Sekundanten auf der Lichtung — seine Wahrnehmung ist distanziert und unwirklich.", "ort": "Lichtung im Wald (Duellort bei Paris)", "valenz": -1, "intensitaet": 2, "gewichtete_valenz": -2, "f_wert": "emotion_faerbt_raum", "f_emotion": "Unwirklichkeit, Benommenheit", "raum_emotion": {"ort": "Lichtung im Wald", "emotion": "Unwirklichkeit, Benommenheit", "richtung": "emotion_faerbt_raum"}, "route": null}}, {"type": "Feature", "geometry": {"type": "Point", "coordinates": [2.3112, 48.876]}, "properties": {"id": 141, "zeile": 9, "tags": ["weather", "material", "atmosphere"], "perspektive": "erzaehler", "text": "Dann zählten sie die Schritte ab und stießen mit großer Mühe ein paar Stöcke in die gefrorene Erde.", "notiz": "Erzähler beschreibt das Abstecken des Duellplatzes auf gefrorenem Boden — sachliche Schilderung mit atmosphärischer Wirkung.", "ort": "Lichtung im Wald (Duellort bei Paris)", "valenz": null, "intensitaet": 2, "gewichtete_valenz": null, "f_wert": null, "f_emotion": null, "raum_emotion": null, "route": null}}, {"type": "Feature", "geometry": {"type": "Point", "coordinates": [2.3112, 48.876]}, "properties": {"id": 142, "zeile": 10, "tags": ["atmosphere", "social"], "perspektive": "erzaehler", "text": "Dann traten sie zu einer Gruppe zusammen und losten »Kopf oder Schrift« wie spielende Kinder.", "notiz": "Erzähler kontrastiert den tödlichen Ernst des Duells mit der Beiläufigkeit des Losens — ironische Beobachterperspektive.", "ort": "Lichtung im Wald (Duellort bei Paris)", "valenz": null, "intensitaet": 2, "gewichtete_valenz": null, "f_wert": null, "f_emotion": null, "raum_emotion": null, "route": null}}, {"type": "Feature", "geometry": {"type": "Point", "coordinates": [2.3112, 48.876]}, "properties": {"id": 143, "zeile": 1, "tags": ["george_duroy", "mood"], "perspektive": "figur", "text": "Es war ihm, als sei er verrückt geworden, als schliefe, als träumte er, und etwas Übernatürliches se", "notiz": "Duroy erlebt einen dissoziativen, traumartigen Bewusstseinszustand unmittelbar vor dem Duell.", "ort": "Duellplatz (nicht näher lokalisiert)", "valenz": -1, "intensitaet": 3, "gewichtete_valenz": -3, "f_wert": "ort_loest_emotion_aus", "f_emotion": "Dissoziation, Unwirklichkeit", "raum_emotion": {"ort": "Duellplatz", "emotion": "Dissoziation, Unwirklichkeit", "richtung": "ort_loest_emotion_aus"}, "route": null}}, {"type": "Feature", "geometry": {"type": "Point", "coordinates": [2.3112, 48.876]}, "properties": {"id": 144, "zeile": 2, "tags": ["george_duroy", "mood"], "perspektive": "figur", "text": "Hatte er Furcht? Vielleicht! Er wußte es nicht.", "notiz": "Duroy reflektiert unsicher über seine eigene Gemütsverfassung — Furcht ist nicht klar zu benennen.", "ort": "Duellplatz (nicht näher lokalisiert)", "valenz": -1, "intensitaet": 2, "gewichtete_valenz": -2, "f_wert": null, "f_emotion": null, "raum_emotion": null, "route": null}}, {"type": "Feature", "geometry": {"type": "Point", "coordinates": [2.3112, 48.876]}, "properties": {"id": 145, "zeile": 3, "tags": ["george_duroy", "space", "mood"], "perspektive": "figur", "text": "Alles war so seltsam und eigenartig um ihn herum geworden.", "notiz": "Duroy nimmt den umgebenden Raum als fremd und verändert wahr — Raumqualität durch innere Verfassung gefärbt.", "ort": "Duellplatz (nicht näher lokalisiert)", "valenz": -1, "intensitaet": 2, "gewichtete_valenz": -2, "f_wert": "emotion_faerbt_raum", "f_emotion": "Verfremdung, Befremden", "raum_emotion": {"ort": "Duellplatz", "emotion": "Verfremdung, Befremden", "richtung": "emotion_faerbt_raum"}, "route": null}}, {"type": "Feature", "geometry": {"type": "Point", "coordinates": [2.3112, 48.876]}, "properties": {"id": 146, "zeile": 4, "tags": ["george_duroy", "mood"], "perspektive": "figur", "text": "Duroy war das völlig gleichgültig.", "notiz": "Duroy reagiert emotional apathisch auf die Nachricht über die Pistolen — affektive Abstumpfung.", "ort": "Duellplatz (nicht näher lokalisiert)", "valenz": -1, "intensitaet": 1, "gewichtete_valenz": -1, "f_wert": null, "f_emotion": null, "raum_emotion": null, "route": null}}, {"type": "Feature", "geometry": {"type": "Point", "coordinates": [2.3112, 48.876]}, "properties": {"id": 147, "zeile": 5, "tags": ["social", "material"], "perspektive": "erzaehler", "text": "Man zog ihm den Mantel aus. Er ließ es geschehen. Man befühlte ihm die Gehrocktaschen, um sich zu ve", "notiz": "Maupassant beschreibt von aussen das rituelle Vorbereiten Duroys für das Duell — soziale Praxis des Ehrenkodex.", "ort": "Duellplatz (nicht näher lokalisiert)", "valenz": null, "intensitaet": 1, "gewichtete_valenz": null, "f_wert": null, "f_emotion": null, "raum_emotion": null, "route": null}}, {"type": "Feature", "geometry": {"type": "Point", "coordinates": [2.3112, 48.876]}, "properties": {"id": 148, "zeile": 6, "tags": ["george_duroy", "mood"], "perspektive": "figur", "text": "Er wiederholte für sich wie ein Gebet: »Bei dem Kommando 'Feuer' hebe ich den Arm.«", "notiz": "Duroy hält sich durch mantraartige Wiederholung der Handlungsanweisung psychisch aufrecht.", "ort": "Duellplatz (nicht näher lokalisiert)", "valenz": -1, "intensitaet": 2, "gewichtete_valenz": -2, "f_wert": null, "f_emotion": null, "raum_emotion": null, "route": null}}, {"type": "Feature", "geometry": {"type": "Point", "coordinates": [2.3112, 48.876]}, "properties": {"id": 149, "zeile": 7, "tags": ["space", "material"], "perspektive": "erzaehler", "text": "Nun führte man ihn zu einem der Stöcke, die in den Boden gebohrt waren und gab ihm eine Pistole in d", "notiz": "Maupassant beschreibt die räumliche Aufstellung zum Duell mit konkreten Objekten aus der Aussenperspektive.", "ort": "Duellplatz (nicht näher lokalisiert)", "valenz": null, "intensitaet": 1, "gewichtete_valenz": null, "f_wert": null, "f_emotion": null, "raum_emotion": null, "route": null}}, {"type": "Feature", "geometry": {"type": "Point", "coordinates": [2.3112, 48.876]}, "properties": {"id": 150, "zeile": 8, "tags": ["george_duroy", "mood", "space"], "perspektive": "figur", "text": "Da sah er dicht vor sich einen Menschen stehen, einen kleinen, kahlköpfigen, dickbäuchigen Mann mit ", "notiz": "Duroy nimmt seinen Gegner visuell präzise wahr, ist aber gedanklich vollständig auf die Handlungsroutine fixiert.", "ort": "Duellplatz (nicht näher lokalisiert)", "valenz": -1, "intensitaet": 2, "gewichtete_valenz": -2, "f_wert": "ort_loest_emotion_aus", "f_emotion": "Fokussierung, Kontrolle durch Wiederholung", "raum_emotion": {"ort": "Duellplatz", "emotion": "Fokussierung, Kontrolle durch Wiederholung", "richtung": "ort_loest_emotion_aus"}, "route": null}}, {"type": "Feature", "geometry": {"type": "Point", "coordinates": [2.3112, 48.876]}, "properties": {"id": 151, "zeile": 9, "tags": ["george_duroy", "sound", "atmosphere"], "perspektive": "figur", "text": "Eine Stimme ertönte in der tiefen Stille, eine Stimme, die ganz aus der Ferne zu kommen schien", "notiz": "Duroy nimmt die kommandierenden Worte als fern und gedämpft wahr — akustische Verzerrung durch seinen Ausnahmezustand.", "ort": "Duellplatz (nicht näher lokalisiert)", "valenz": -1, "intensitaet": 2, "gewichtete_valenz": -2, "f_wert": "koerper_als_sensor", "f_emotion": "Entrückung, Dissoziation", "raum_emotion": {"ort": "Duellplatz", "emotion": "Entrückung, Dissoziation", "richtung": "koerper_als_sensor"}, "route": null}}, {"type": "Feature", "geometry": {"type": "Point", "coordinates": [2.3112, 48.876]}, "properties": {"id": 152, "zeile": 10, "tags": ["george_duroy", "mood", "koerper_als_akteur"], "perspektive": "figur", "text": "Er hörte nichts mehr, er sah nichts mehr, er überlegte nichts mehr. Er fühlte nur, wie er den Arm er", "notiz": "Im Moment des Schusses verliert Duroy alle bewusste Wahrnehmung — der Körper handelt autonom.", "ort": "Duellplatz (nicht näher lokalisiert)", "valenz": null, "intensitaet": null, "gewichtete_valenz": null, "f_wert": "koerper_als_sensor", "f_emotion": "totale Dissoziation, körperlicher Automatismus", "raum_emotion": {"ort": "Duellplatz", "emotion": "totale Dissoziation, körperlicher Automatismus", "richtung": "koerper_als_sensor"}, "route": null}}, {"type": "Feature", "geometry": {"type": "Point", "coordinates": [2.3112, 48.876]}, "properties": {"id": 153, "zeile": 11, "tags": ["george_duroy", "sound", "material"], "perspektive": "figur", "text": "Er hörte nichts, aber er sah sofort an der Mündung seines Pistolenlaufes eine leichte Rauchwolke.", "notiz": "Duroy nimmt den Schuss visuell, aber nicht akustisch wahr — selektive sensorische Wahrnehmung im Schockzustand.", "ort": "Duellplatz (nicht näher lokalisiert)", "valenz": null, "intensitaet": null, "gewichtete_valenz": null, "f_wert": "koerper_als_sensor", "f_emotion": "Schockstarre, sensorische Dissoziation", "raum_emotion": {"ort": "Duellplatz", "emotion": "Schockstarre, sensorische Dissoziation", "richtung": "koerper_als_sensor"}, "route": null}}, {"type": "Feature", "geometry": {"type": "Point", "coordinates": [2.3112, 48.876]}, "properties": {"id": 154, "zeile": 12, "tags": ["george_duroy", "space"], "perspektive": "figur", "text": "da der Mann ihm gegenüber noch in derselben Haltung stehenblieb, so erblickte er über dem Kopf des G", "notiz": "Duroy registriert visuell, dass der Gegner ebenfalls geschossen hat und unverletzt steht.", "ort": "Duellplatz (nicht näher lokalisiert)", "valenz": null, "intensitaet": null, "gewichtete_valenz": null, "f_wert": null, "f_emotion": null, "raum_emotion": null, "route": null}}, {"type": "Feature", "geometry": {"type": "Point", "coordinates": [2.3112, 48.876]}, "properties": {"id": 155, "zeile": 13, "tags": [], "perspektive": "erzaehler", "text": "Sie hatten alle beide geschossen. Es war aus.", "notiz": "Maupassant schließt die Duellszene lakonisch aus der Aussenperspektive ab.", "ort": "Duellplatz (nicht näher lokalisiert)", "valenz": null, "intensitaet": null, "gewichtete_valenz": null, "f_wert": null, "f_emotion": null, "raum_emotion": null, "route": null}}, {"type": "Feature", "geometry": {"type": "Point", "coordinates": [2.3112, 48.876]}, "properties": {"id": 156, "zeile": 1, "tags": ["george_duroy", "koerper_als_akteur"], "perspektive": "erzaehler", "text": "Seine Sekundanten befühlten und betasteten ihn, knöpften ihm den Rock auf und fragten ängstlich: »Si", "notiz": "Der Erzähler beschreibt die Reaktion der Sekundanten auf Duroy von außen.", "ort": "Duellplatz (außerhalb Paris, nicht näher spezifiziert)", "valenz": null, "intensitaet": null, "gewichtete_valenz": null, "f_wert": null, "f_emotion": null, "raum_emotion": null, "route": null}}, {"type": "Feature", "geometry": {"type": "Point", "coordinates": [2.3112, 48.876]}, "properties": {"id": 157, "zeile": 3, "tags": ["george_duroy", "mood"], "perspektive": "figur", "text": "Er antwortete auf gut Glück: »Nein, ich glaube nicht!«", "notiz": "Duroy antwortet instinktiv, noch nicht sicher über seinen Zustand — innere Unsicherheit und Überraschung.", "ort": "Duellplatz (außerhalb Paris, nicht näher spezifiziert)", "valenz": -1, "intensitaet": 1, "gewichtete_valenz": -1, "f_wert": null, "f_emotion": null, "raum_emotion": null, "route": null}}, {"type": "Feature", "geometry": {"type": "Point", "coordinates": [2.3112, 48.876]}, "properties": {"id": 158, "zeile": 6, "tags": ["george_duroy", "mood"], "perspektive": "figur", "text": "Duroy rührte sich nicht. Er war erstarrt vor freudiger Überraschung: Alles war vorüber.", "notiz": "Duroy erlebt körperliche Erstarrung als emotionalen Zustand — freudige Überraschung nach dem Duell.", "ort": "Duellplatz (außerhalb Paris, nicht näher spezifiziert)", "valenz": 1, "intensitaet": 2, "gewichtete_valenz": 2, "f_wert": "ort_loest_emotion_aus", "f_emotion": "freudige Überraschung, Erstarrung", "raum_emotion": {"ort": "Duellplatz", "emotion": "freudige Überraschung, Erstarrung", "richtung": "ort_loest_emotion_aus"}, "route": null}}, {"type": "Feature", "geometry": {"type": "Point", "coordinates": [2.3112, 48.876]}, "properties": {"id": 159, "zeile": 7, "tags": ["george_duroy", "koerper_als_akteur", "material"], "perspektive": "figur", "text": "Man mußte ihm die Waffe abnehmen, die er noch fest und krampfhaft in der Hand hielt.", "notiz": "Duroys Körper hält die Waffe krampfhaft — der Körper handelt noch nach dem Ende des Duells autonom.", "ort": "Duellplatz (außerhalb Paris, nicht näher spezifiziert)", "valenz": null, "intensitaet": null, "gewichtete_valenz": null, "f_wert": null, "f_emotion": null, "raum_emotion": null, "route": null}}, {"type": "Feature", "geometry": {"type": "Point", "coordinates": [2.3112, 48.876]}, "properties": {"id": 160, "zeile": 8, "tags": ["george_duroy", "mood"], "perspektive": "figur", "text": "Jetzt war ihm zumute, als hätte er mit der ganzen Welt gekämpft.", "notiz": "Duroy erlebt ein Gefühl überwältigender Stärke und Überlegenheit nach dem Duell.", "ort": "Duellplatz (außerhalb Paris, nicht näher spezifiziert)", "valenz": 1, "intensitaet": 2, "gewichtete_valenz": 2, "f_wert": null, "f_emotion": null, "raum_emotion": null, "route": null}}, {"type": "Feature", "geometry": {"type": "Point", "coordinates": [2.3112, 48.876]}, "properties": {"id": 161, "zeile": 9, "tags": ["george_duroy", "mood"], "perspektive": "figur", "text": "Es war vorüber! Welches Glück! Er fühlte sich plötzlich so tapfer, daß er am liebsten noch jemanden ", "notiz": "Duroys Erleichterung schlägt in euphorisches Überlegenheitsgefühl um — innerer emotionaler Umschwung.", "ort": "Duellplatz (außerhalb Paris, nicht näher spezifiziert)", "valenz": 1, "intensitaet": 3, "gewichtete_valenz": 3, "f_wert": null, "f_emotion": null, "raum_emotion": null, "route": null}}, {"type": "Feature", "geometry": {"type": "Point", "coordinates": [2.3112, 48.876]}, "properties": {"id": 162, "zeile": 11, "tags": ["move", "sound"], "perspektive": "erzaehler", "text": "Die Sekundanten hatten noch eine Besprechung. Sie verabredeten eine Zusammenkunft, um das Protokoll ", "notiz": "Der Erzähler beschreibt die Abreise der Gruppe nach dem Duell — Bewegung und Geräusch der Kutsche.", "ort": "Duellplatz (außerhalb Paris, nicht näher spezifiziert)", "valenz": null, "intensitaet": null, "gewichtete_valenz": null, "f_wert": null, "f_emotion": null, "raum_emotion": null, "route": null}}, {"type": "Feature", "geometry": {"type": "Point", "coordinates": [2.3112, 48.876]}, "properties": {"id": 163, "zeile": 13, "tags": ["location", "social"], "perspektive": "erzaehler", "text": "Sie frühstückten alle vier auf dem Boulevard und plauderten über das große Ereignis des Tages.", "notiz": "Der Erzähler verortet die Gruppe auf einem nicht näher genannten Boulevard in Paris zum gemeinsamen Frühstück.", "ort": "Boulevard (Paris, nicht näher spezifiziert)", "valenz": null, "intensitaet": 1, "gewichtete_valenz": null, "f_wert": null, "f_emotion": null, "raum_emotion": null, "route": null}}, {"type": "Feature", "geometry": {"type": "Point", "coordinates": [2.3112, 48.876]}, "properties": {"id": 164, "zeile": 14, "tags": ["george_duroy", "mood", "social"], "perspektive": "figur", "text": "Duroy schilderte seine Eindrücke: »Es hat mir gar nichts gemacht, ganz und gar nichts. Sie müssen da", "notiz": "Duroy präsentiert sich nach außen als unerschütterlich — soziale Selbstdarstellung als Tapferkeit.", "ort": "Boulevard (Paris, nicht näher spezifiziert)", "valenz": 1, "intensitaet": 2, "gewichtete_valenz": 2, "f_wert": null, "f_emotion": null, "raum_emotion": null, "route": null}}, {"type": "Feature", "geometry": {"type": "Point", "coordinates": [2.3112, 48.876]}, "properties": {"id": 165, "zeile": 18, "tags": ["george_duroy", "mood"], "perspektive": "figur", "text": "Er war sehr erstaunt, zu lesen, daß er zwei Kugeln mit Herrn Louis Langremont gewechselt hätte, und ", "notiz": "Duroy ist verwirrt und beunruhigt über die Formulierung im Protokoll — innere Unsicherheit über den Ablauf.", "ort": "Boulevard (Paris, nicht näher spezifiziert)", "valenz": -1, "intensitaet": 2, "gewichtete_valenz": -2, "f_wert": null, "f_emotion": null, "raum_emotion": null, "route": null}}, {"type": "Feature", "geometry": {"type": "Point", "coordinates": [2.3112, 48.876]}, "properties": {"id": 166, "zeile": 21, "tags": ["george_duroy", "mood"], "perspektive": "figur", "text": "Und Duroy, der die Erklärung einleuchtend fand, erhob weiter keinen Widerspruch.", "notiz": "Duroy akzeptiert die Erklärung unkritisch — naives Einverständnis charakterisiert seine soziale Anpassung.", "ort": "Boulevard (Paris, nicht näher spezifiziert)", "valenz": 0, "intensitaet": 1, "gewichtete_valenz": 0, "f_wert": null, "f_emotion": null, "raum_emotion": null, "route": null}}, {"type": "Feature", "geometry": {"type": "Point", "coordinates": [2.3112, 48.876]}, "properties": {"id": 167, "zeile": 24, "tags": ["move", "location", "social", "time"], "perspektive": "erzaehler", "text": "Abends besuchte Duroy alle angesehensten Zeitungen und die wichtigsten Boulevardcafes.", "notiz": "Der Erzähler beschreibt Duroys abendliche Tour durch Pariser Presseorte und Cafés als soziale Repräsentation.", "ort": "Boulevardcafés und Zeitungsredaktionen, Paris (nicht näher spezifiziert)", "valenz": null, "intensitaet": 2, "gewichtete_valenz": null, "f_wert": null, "f_emotion": null, "raum_emotion": null, "route": null}}, {"type": "Feature", "geometry": {"type": "Point", "coordinates": [2.3112, 48.876]}, "properties": {"id": 168, "zeile": 1, "tags": ["atmosphere", "social"], "perspektive": "erzaehler", "text": "Zweimal traf er dabei mit seinem Gegner zusammen, der sich gleichfalls überall zeigte. Sie grüßten s", "notiz": "Maupassant beschreibt von außen das gesellschaftliche Ritual nach dem Duell — Codex der Ehre, keine direkte Wahrnehmung Duroys.", "ort": "unbekannt / unspezifisch", "valenz": null, "intensitaet": 2, "gewichtete_valenz": null, "f_wert": null, "f_emotion": null, "raum_emotion": null, "route": null}}, {"type": "Feature", "geometry": {"type": "Point", "coordinates": [2.3112, 48.876]}, "properties": {"id": 169, "zeile": 5, "tags": ["time"], "perspektive": "erzaehler", "text": "Am nächsten Morgen erhielt Duroy gegen elf Uhr ein blaues Briefchen", "notiz": "Neutrale Zeitangabe durch den Erzähler — nächster Morgen, elf Uhr.", "ort": "unspezifisch", "valenz": null, "intensitaet": 1, "gewichtete_valenz": null, "f_wert": null, "f_emotion": null, "raum_emotion": null, "route": null}}, {"type": "Feature", "geometry": {"type": "Point", "coordinates": [2.3142, 48.8784]}, "properties": {"id": 170, "zeile": 7, "tags": ["move", "george_duroy"], "perspektive": "erzaehler", "text": "Er ging alsbald hin.", "notiz": "Duroys Ortsveränderung zur Rue Constantinople, kurz und neutral vom Erzähler beschrieben.", "ort": "Rue Constantinople, Paris", "valenz": null, "intensitaet": null, "gewichtete_valenz": null, "f_wert": null, "f_emotion": null, "raum_emotion": null, "route": [[2.3151768, 48.8784864], [2.315499, 48.8782186], [2.3156518, 48.8781061], [2.3156725, 48.8781075], [2.3157307, 48.8780486], [2.3159544, 48.8778604], [2.3163114, 48.8779907], [2.3164914, 48.8778441], [2.3166444, 48.8777255], [2.3180758, 48.8778013], [2.3180969, 48.8777911], [2.3183094, 48.8778476], [2.3183303, 48.8778549], [2.3196812, 48.8781653], [2.3197133, 48.8781651], [2.3199131, 48.8782064], [2.319942, 48.8782218], [2.3221407, 48.8786825], [2.3221698, 48.878674], [2.3223901, 48.8787111], [2.3224122, 48.8787373], [2.3230277, 48.8788642], [2.323119, 48.8788001], [2.3232714, 48.878751], [2.3236802, 48.8788692], [2.3237701, 48.8789463], [2.3237925, 48.8790379], [2.3254551, 48.8793311], [2.3268557, 48.8795568], [2.326958, 48.879571], [2.3270782, 48.8795697], [2.3270897, 48.8796], [2.3291509, 48.8796335], [2.3291728, 48.879619], [2.329298, 48.8796468], [2.3292155, 48.8798491], [2.3313392, 48.880077], [2.3313576, 48.8800387], [2.3314587, 48.8799783], [2.3315118, 48.8799849], [2.332712, 48.8797138], [2.3328897, 48.879674], [2.3336581, 48.8794923], [2.3337043, 48.8795325], [2.3337396, 48.8795633], [2.3337855, 48.8795697], [2.3344576, 48.8800704], [2.3349187, 48.8804045], [2.3348698, 48.8804357], [2.3349021, 48.8805207], [2.3349316, 48.8805396], [2.3350844, 48.8805322], [2.3351081, 48.8805296], [2.3353953, 48.8807281], [2.3360253, 48.8811817], [2.3360071, 48.88121], [2.3360647, 48.8812795], [2.3361662, 48.8812794], [2.3363024, 48.8812624], [2.3371061, 48.8818616], [2.3371783, 48.881853], [2.3372939, 48.8818829], [2.3377496, 48.8821502], [2.3377842, 48.8821451], [2.3378482, 48.8822154], [2.3379047, 48.8822683], [2.3379281, 48.8823243], [2.3379641, 48.8823199], [2.3379885, 48.8823782], [2.3380329, 48.8824581], [2.3395199, 48.8822387], [2.3395972, 48.882244], [2.3397077, 48.8822377], [2.3398281, 48.8822034], [2.3408637, 48.882403], [2.34172, 48.8825723], [2.3418299, 48.8825952], [2.3419546, 48.8826217], [2.3420048, 48.8826154], [2.3437525, 48.8829749], [2.3437835, 48.8829875], [2.3438386, 48.8829977], [2.3438837, 48.883006], [2.3439149, 48.8830015], [2.3442882, 48.8830744], [2.3443197, 48.883081], [2.3451868, 48.8832607], [2.3453108, 48.8832788], [2.3453632, 48.8832892], [2.3455817, 48.88334], [2.3456323, 48.8833448], [2.345681, 48.883357], [2.3465188, 48.8835144], [2.3468998, 48.8836142], [2.3470832, 48.8836201], [2.3471428, 48.8836156], [2.348211, 48.8837612], [2.3484175, 48.8840998], [2.3485845, 48.8843776], [2.3487281, 48.884619], [2.3488294, 48.884591], [2.3488514, 48.8845956], [2.348903, 48.8846739], [2.3491954, 48.8845985], [2.3493247, 48.8846327], [2.349662, 48.8846252]]}}, {"type": "Feature", "geometry": {"type": "Point", "coordinates": [2.3142, 48.8784]}, "properties": {"id": 171, "zeile": 6, "tags": ["location"], "perspektive": "erzaehler", "text": "Komme sofort zur Rue Constantinople", "notiz": "Konkrete Ortsnennung der Rue Constantinople als Treffpunkt — für Geo-Verknüpfung.", "ort": "Rue Constantinople, Paris", "valenz": null, "intensitaet": 1, "gewichtete_valenz": null, "f_wert": null, "f_emotion": null, "raum_emotion": null, "route": null}}, {"type": "Feature", "geometry": {"type": "Point", "coordinates": [2.3142, 48.8784]}, "properties": {"id": 172, "zeile": 8, "tags": ["social"], "perspektive": "erzaehler", "text": "Sie fiel ihm um den Hals und bedeckte ihn mit Küssen.", "notiz": "Maupassant beschreibt von außen Clotildes Reaktion auf Duroys Erscheinen — keine innere Wahrnehmung Duroys.", "ort": "Rue Constantinople, Paris", "valenz": null, "intensitaet": 2, "gewichtete_valenz": null, "f_wert": null, "f_emotion": null, "raum_emotion": null, "route": null}}, {"type": "Feature", "geometry": {"type": "Point", "coordinates": [2.3142, 48.8784]}, "properties": {"id": 173, "zeile": 13, "tags": ["george_duroy", "location_erinnerung", "mood", "koerper_als_akteur"], "perspektive": "figur", "text": "Er gab einen dramatischen Bericht: »Wir standen uns gegenüber, nur zwanzig Schritt voneinander entfe", "notiz": "Duroy erinnert sich an den Duelplatz und erzählt dramatisierend — innere Haltung des Stolzes und Selbstinszenierung sichtbar.", "ort": "Duellplatz (nicht genau benannt)", "valenz": null, "intensitaet": null, "gewichtete_valenz": null, "f_wert": "ort_loest_emotion_aus", "f_emotion": "Stolz, Selbstinszenierung", "raum_emotion": {"ort": "Duelplatz", "emotion": "Stolz, Selbstinszenierung", "richtung": "ort_loest_emotion_aus"}, "route": null}}, {"type": "Feature", "geometry": {"type": "Point", "coordinates": [2.3142, 48.8784]}, "properties": {"id": 174, "zeile": 13, "tags": ["george_duroy", "koerper_als_akteur", "sound"], "perspektive": "figur", "text": "Seine Kugel fuhr mir dicht an der Schläfe vorüber. Ich habe den Windhauch verspürt.", "notiz": "Duroy beschreibt die körperliche Wahrnehmung der vorbeifliegenden Kugel — Körper als Sensor für Gefahr.", "ort": "Duelplatz (nicht genau benannt)", "valenz": null, "intensitaet": null, "gewichtete_valenz": null, "f_wert": "koerper_als_sensor", "f_emotion": "Körpergefühl von Gefahr", "raum_emotion": {"ort": "Duelplatz", "emotion": "Körpergefühl von Gefahr", "richtung": "koerper_als_sensor"}, "route": null}}, {"type": "Feature", "geometry": {"type": "Point", "coordinates": [2.3142, 48.8784]}, "properties": {"id": 175, "zeile": 16, "tags": ["atmosphere", "space"], "perspektive": "erzaehler", "text": "Sie saß auf seinen Knien und hielt ihn mit ihren Armen umschlungen, als wollte sie an der Gefahr tei", "notiz": "Maupassant beschreibt die Szene im Zimmer von außen — körperliche Nähe und Atmosphäre der Intimität.", "ort": "Rue Constantinople, Paris — Zimmer", "valenz": 1, "intensitaet": 2, "gewichtete_valenz": 2, "f_wert": "ort_loest_emotion_aus", "f_emotion": "Intimität, Nachklingen von Gefahr", "raum_emotion": {"ort": "Zimmer, Rue Constantinople", "emotion": "Intimität, Nachklingen von Gefahr", "richtung": "ort_loest_emotion_aus"}, "route": null}}, {"type": "Feature", "geometry": {"type": "Point", "coordinates": [2.3291, 48.88245]}, "properties": {"id": 176, "zeile": 1, "tags": ["george_duroy", "mood"], "perspektive": "figur", "text": "Er hatte plötzlich einen Einfall und fragte: »Was zahlst du hier Miete?«", "notiz": "Duroy hat spontan eine Idee, die seinen inneren Aktivitätszustand zeigt.", "ort": "Wohnung der Gesprächspartnerin (Paris, nicht näher bestimmt)", "valenz": 1, "intensitaet": 1, "gewichtete_valenz": 1, "f_wert": null, "f_emotion": null, "raum_emotion": null, "route": null}}, {"type": "Feature", "geometry": {"type": "Point", "coordinates": [2.3291, 48.88245]}, "properties": {"id": 177, "zeile": 2, "tags": ["george_duroy", "social", "location_erinnerung"], "perspektive": "figur", "text": "»Gut; ich übernehme die Wohnung auf meine Rechnung und ziehe hierher um. Meine alte paßt nicht mehr ", "notiz": "Duroy denkt über seine soziale Stellung nach und plant den Umzug, wobei seine alte Wohnung als nicht mehr standesgemäß empfunden wird.", "ort": "Duroys alte Wohnung (Paris, nicht näher bestimmt)", "valenz": null, "intensitaet": null, "gewichtete_valenz": null, "f_wert": "ort_loest_emotion_aus", "f_emotion": "sozialer Aufstieg, Unzufriedenheit mit bisheriger Lage", "raum_emotion": {"ort": "alte Wohnung", "emotion": "sozialer Aufstieg, Unzufriedenheit mit bisheriger Lage", "richtung": "ort_loest_emotion_aus"}, "route": null}}, {"type": "Feature", "geometry": {"type": "Point", "coordinates": [2.3291, 48.88245]}, "properties": {"id": 178, "zeile": 3, "tags": ["george_duroy", "mood"], "perspektive": "figur", "text": "Er war entrüstet: »So was täte ich nie im Leben, ich verspreche es dir.«", "notiz": "Duroy empfindet Entrüstung über den Verdacht der Frau.", "ort": "Wohnung der Gesprächspartnerin (Paris, nicht näher bestimmt)", "valenz": -1, "intensitaet": 2, "gewichtete_valenz": -2, "f_wert": null, "f_emotion": null, "raum_emotion": null, "route": null}}, {"type": "Feature", "geometry": {"type": "Point", "coordinates": [2.3291, 48.88245]}, "properties": {"id": 179, "zeile": 4, "tags": ["george_duroy", "mood", "social"], "perspektive": "figur", "text": "Er fühlte sich geschmeichelt: »Ah, wirklich?«", "notiz": "Duroy fühlt sich durch das Lob von Madame de Marcys Mann geschmeichelt — inneres Erleben des sozialen Aufstiegs.", "ort": "Wohnung der Gesprächspartnerin (Paris, nicht näher bestimmt)", "valenz": 1, "intensitaet": 1, "gewichtete_valenz": 1, "f_wert": null, "f_emotion": null, "raum_emotion": null, "route": null}}, {"type": "Feature", "geometry": {"type": "Point", "coordinates": [2.3291, 48.88245]}, "properties": {"id": 180, "zeile": 1, "tags": ["atmosphere", "social"], "perspektive": "erzaehler", "text": "Dann verließ sie ihn, nachdem sie ihn endlos geküßt hatte. Das Duell hatte ihre Liebe nur noch mehr ", "notiz": "Der Erzähler beschreibt von außen die Verabschiedung und die emotionale Wirkung des Duells auf Clotildes Liebe.", "ort": "unbestimmt — Wohnung oder Treffpunkt Duroy/Clotilde", "valenz": null, "intensitaet": 2, "gewichtete_valenz": null, "f_wert": null, "f_emotion": null, "raum_emotion": null, "route": null}}, {"type": "Feature", "geometry": {"type": "Point", "coordinates": [2.3291, 48.88245]}, "properties": {"id": 181, "zeile": 2, "tags": ["george_duroy", "move", "mood"], "perspektive": "figur", "text": "Duroy aber dachte auf dem Wege zur Redaktion: »Was ist sie doch für ein wunderliches Ding. Wie ein V", "notiz": "Duroy bewegt sich zur Redaktion und reflektiert innerlich über Clotildes rätselhaften Charakter.", "ort": "Weg zur Redaktion der Vie Française (Paris, Näherung)", "valenz": null, "intensitaet": null, "gewichtete_valenz": null, "f_wert": "emotion_faerbt_raum", "f_emotion": "Verwirrung, Amüsiertheit über Clotilde", "raum_emotion": {"ort": "Weg zur Redaktion", "emotion": "Verwirrung, Amüsiertheit über Clotilde", "richtung": "emotion_faerbt_raum"}, "route": null}}, {"type": "Feature", "geometry": {"type": "Point", "coordinates": [2.3291, 48.88245]}, "properties": {"id": 182, "zeile": 3, "tags": ["george_duroy", "mood", "social"], "perspektive": "figur", "text": "»Und diese merkwürdige Ehe! Welcher Tollkopf hat diesen Alten mit diesem leichtsinnigen Wesen zusamm", "notiz": "Duroy grübelt über die unpassende Ehe Clotildes und reflektiert damit soziale Normen und Standesunterschiede.", "ort": "Weg zur Redaktion der Vie Française (Paris, Näherung)", "valenz": -1, "intensitaet": 2, "gewichtete_valenz": -2, "f_wert": null, "f_emotion": null, "raum_emotion": null, "route": null}}, {"type": "Feature", "geometry": {"type": "Point", "coordinates": [2.3291, 48.88245]}, "properties": {"id": 183, "zeile": 4, "tags": ["george_duroy", "mood"], "perspektive": "figur", "text": "»Jedenfalls ist sie eine reizende Geliebte. Und ich werde mich hüten, mit ihr zu brechen.«", "notiz": "Duroy kommt zu einem pragmatisch-befriedeten inneren Schluss über seine Beziehung zu Clotilde.", "ort": "Weg zur Redaktion der Vie Française (Paris, Näherung)", "valenz": 1, "intensitaet": 2, "gewichtete_valenz": 2, "f_wert": null, "f_emotion": null, "raum_emotion": null, "route": null}}]}