{"type": "FeatureCollection", "features": [{"type": "Feature", "geometry": {"type": "Point", "coordinates": [2.3085, 48.8738]}, "properties": {"id": 1, "zeile": 1, "tags": ["historical", "time"], "perspektive": "erzaehler", "text": "Seit zwei Monaten war die Eroberung Marokkos vollzogen.", "notiz": "Maupassant setzt den historisch-politischen Rahmen: Die Annexion Marokkos als zeitliche Verortung der Handlung.", "ort": "Marokko", "valenz": null, "intensitaet": 1, "gewichtete_valenz": null, "f_wert": null, "f_emotion": null, "raum_emotion": null, "route": null}}, {"type": "Feature", "geometry": {"type": "Point", "coordinates": [2.3085, 48.8738]}, "properties": {"id": 3, "zeile": 2, "tags": ["historical", "social"], "perspektive": "erzaehler", "text": "Man erzählte, daß zwei Minister dabei gegen zwanzig Millionen verdient hätten und man nannte ganz la", "notiz": "Erzähler schildert die öffentliche Korruptionsrede als gesellschaftlich-politischen Kontext.", "ort": "Paris (allgemein)", "valenz": null, "intensitaet": 2, "gewichtete_valenz": null, "f_wert": null, "f_emotion": null, "raum_emotion": null, "route": null}}, {"type": "Feature", "geometry": {"type": "Point", "coordinates": [2.3085, 48.8738]}, "properties": {"id": 4, "zeile": 3, "tags": ["historical", "social"], "perspektive": "erzaehler", "text": "Was Vater Walter anging, so wußte ganz Paris, daß er ein doppelt vorteilhaftes Geschäft gemacht hatt", "notiz": "Erzähler beschreibt Walters kolonialen Profitmechanismus als gesellschaftliche Tatsache, die ganz Paris bekannt ist.", "ort": "Paris (allgemein)", "valenz": null, "intensitaet": 2, "gewichtete_valenz": null, "f_wert": null, "f_emotion": null, "raum_emotion": null, "route": null}}, {"type": "Feature", "geometry": {"type": "Point", "coordinates": [2.3085, 48.8738]}, "properties": {"id": 5, "zeile": 5, "tags": ["social", "atmosphere"], "perspektive": "erzaehler", "text": "Er war binnen weniger Tage zu einem der Herrscher der Welt geworden, einer jener allmächtigen Finanz", "notiz": "Erzähler kommentiert Walters sozialen Aufstieg mit moralisierender Beobachterperspektive.", "ort": "Paris (allgemein)", "valenz": null, "intensitaet": 2, "gewichtete_valenz": null, "f_wert": null, "f_emotion": null, "raum_emotion": null, "route": null}}, {"type": "Feature", "geometry": {"type": "Point", "coordinates": [2.3085, 48.8738]}, "properties": {"id": 6, "zeile": 6, "tags": ["social", "historical"], "perspektive": "erzaehler", "text": "Er war nicht mehr der Jude Walter, Direktor einer zweifelhaften kleinen Bank, der Herausgeber einer ", "notiz": "Erzähler markiert Walters sozialen Wandel durch Benennung und antisemitische Kategorisierung als zeitgeschichtliches Dokument.", "ort": "Paris (allgemein)", "valenz": null, "intensitaet": 2, "gewichtete_valenz": null, "f_wert": null, "f_emotion": null, "raum_emotion": null, "route": null}}, {"type": "Feature", "geometry": {"type": "Point", "coordinates": [2.3085, 48.8738]}, "properties": {"id": 7, "zeile": 7, "tags": ["location", "social"], "perspektive": "erzaehler", "text": "Er erfuhr, daß der Prinz von Carlsbourg, der Besitzer des schönsten Schlosses im Faubourg-Saint-Hono", "notiz": "Erzähler benennt konkret das Schloss im Faubourg-Saint-Honoré als Objekt von Walters sozialem Aufstieg.", "ort": "Faubourg-Saint-Honoré / Champs-Élysées, Paris", "valenz": null, "intensitaet": 2, "gewichtete_valenz": null, "f_wert": null, "f_emotion": null, "raum_emotion": null, "route": null}}, {"type": "Feature", "geometry": {"type": "Point", "coordinates": [2.3085, 48.8738]}, "properties": {"id": 8, "zeile": 8, "tags": ["social", "material"], "perspektive": "erzaehler", "text": "Er schlug ihm vor, in vierundzwanzig Stunden dieses Grundstück nebst Gebäude abzukaufen, wobei er au", "notiz": "Erzähler beschreibt Walters Kauf des Schlosses inklusive Mobiliar als demonstrative Geste sozialen Aufstiegs.", "ort": "Schloss im Faubourg-Saint-Honoré, Paris", "valenz": null, "intensitaet": 2, "gewichtete_valenz": null, "f_wert": null, "f_emotion": null, "raum_emotion": null, "route": null}}, {"type": "Feature", "geometry": {"type": "Point", "coordinates": [2.33035, 48.8652]}, "properties": {"id": 9, "zeile": 1, "tags": ["time", "location", "social"], "perspektive": "erzaehler", "text": "Am nächsten Tage zog Herr Walter in sein neues Palais ein.", "notiz": "Maupassant markiert den Einzug Walters in sein neues Palais als zeitlichen und sozialen Wendepunkt.", "ort": "Neues Palais von Herrn Walter, Paris", "valenz": null, "intensitaet": 1, "gewichtete_valenz": null, "f_wert": null, "f_emotion": null, "raum_emotion": null, "route": null}}, {"type": "Feature", "geometry": {"type": "Point", "coordinates": [2.3522, 48.8566]}, "properties": {"id": 10, "zeile": 2, "tags": ["historical", "social", "atmosphere"], "perspektive": "erzaehler", "text": "der Einfall eines Eroberers, der Paris einnehmen will nach der Art eines Bonapartes", "notiz": "Maupassant vergleicht Walters Aufstiegsstrategie mit napoleonischer Conquista — historisch-politische Referenz auf den Ersten bzw. Dritten Napoleon.", "ort": "Paris (allgemein)", "valenz": null, "intensitaet": 2, "gewichtete_valenz": null, "f_wert": null, "f_emotion": null, "raum_emotion": null, "route": null}}, {"type": "Feature", "geometry": {"type": "Point", "coordinates": [2.3522, 48.8566]}, "properties": {"id": 11, "zeile": 3, "tags": ["location", "social", "atmosphere"], "perspektive": "erzaehler", "text": "Die ganze Stadt ging damals zum Kunstgelehrten Jacques Lenoble, um ein Gemälde des ungarischen Maler", "notiz": "Maupassant beschreibt den kollektiven Kunstkonsum der Pariser Gesellschaft als sozialen Rahmen für Walters Coup.", "ort": "Galerie des Kunstgelehrten Jacques Lenoble, Paris", "valenz": null, "intensitaet": 2, "gewichtete_valenz": null, "f_wert": null, "f_emotion": null, "raum_emotion": null, "route": null}}, {"type": "Feature", "geometry": {"type": "Point", "coordinates": [2.3522, 48.8566]}, "properties": {"id": 12, "zeile": 5, "tags": ["social", "atmosphere"], "perspektive": "erzaehler", "text": "Walter kaufte es für 500000 Francs und ließ es abholen; so schnitt er von heute auf morgen den Strom", "notiz": "Maupassant schildert von aussen Walters sozialen Machtzug und seine Wirkung auf die Pariser Öffentlichkeit.", "ort": "Paris (allgemein)", "valenz": null, "intensitaet": 2, "gewichtete_valenz": null, "f_wert": null, "f_emotion": null, "raum_emotion": null, "route": null}}, {"type": "Feature", "geometry": {"type": "Point", "coordinates": [2.3522, 48.8566]}, "properties": {"id": 13, "zeile": 7, "tags": ["social", "atmosphere"], "perspektive": "erzaehler", "text": "Dann ließ er durch die Zeitungen verkünden, er würde bekannte Mitglieder der Pariser Gesellschaft ei", "notiz": "Maupassant beschreibt Walters mediale Inszenierungsstrategie gegenüber der Pariser Gesellschaft.", "ort": "Paris (allgemein)", "valenz": null, "intensitaet": 2, "gewichtete_valenz": null, "f_wert": null, "f_emotion": null, "raum_emotion": null, "route": null}}, {"type": "Feature", "geometry": {"type": "Point", "coordinates": [2.3522, 48.8566]}, "properties": {"id": 14, "zeile": 9, "tags": ["time", "social", "material"], "perspektive": "erzaehler", "text": "»Herr und Frau Walter beehren sich, Sie zum 30. Dezember, zwischen neun Uhr und Mitternacht, zur Bes", "notiz": "Maupassant zitiert die Einladungskarte als soziales Dokument und gibt ein konkretes Datum und eine Uhrzeit als Erzählerangabe an.", "ort": "Palais Walter, Paris", "valenz": null, "intensitaet": 1, "gewichtete_valenz": null, "f_wert": null, "f_emotion": null, "raum_emotion": null, "route": null}}, {"type": "Feature", "geometry": {"type": "Point", "coordinates": [2.3522, 48.8566]}, "properties": {"id": 15, "zeile": 11, "tags": ["time", "social", "material"], "perspektive": "erzaehler", "text": "Als Postskriptum stand dahinter in ganz kleinen Buchstaben: »Nach Mitternacht wird getanzt.«", "notiz": "Maupassant beschreibt das gesellschaftliche Kalkül in der Einladungsgestaltung — das Tanzen als sozialer Anreiz zum Bleiben.", "ort": "Palais Walter, Paris", "valenz": null, "intensitaet": 1, "gewichtete_valenz": null, "f_wert": null, "f_emotion": null, "raum_emotion": null, "route": null}}, {"type": "Feature", "geometry": {"type": "Point", "coordinates": [2.3522, 48.8566]}, "properties": {"id": 16, "zeile": 12, "tags": ["social", "atmosphere"], "perspektive": "erzaehler", "text": "Diejenigen, die bleiben wollten, konnten also bleiben, und aus diesen Gästen wollten sich Walters ih", "notiz": "Maupassant erklärt die soziale Selektionsstrategie der Walters — wer bleibt, gehört zum auserwählten Kreis.", "ort": "Palais Walter, Paris", "valenz": null, "intensitaet": 2, "gewichtete_valenz": null, "f_wert": null, "f_emotion": null, "raum_emotion": null, "route": null}}, {"type": "Feature", "geometry": {"type": "Point", "coordinates": [2.3522, 48.8566]}, "properties": {"id": 17, "zeile": 13, "tags": ["social", "atmosphere", "space"], "perspektive": "erzaehler", "text": "Die anderen würden das Kunstwerk, das Haus und seine Eigentümer mit hochfeiner, gleichgültiger oder ", "notiz": "Maupassant beschreibt von aussen die soziale Differenzierung der Besucher im Raum des neuen Palais.", "ort": "Palais Walter, Paris", "valenz": null, "intensitaet": 2, "gewichtete_valenz": null, "f_wert": "ort_loest_emotion_aus", "f_emotion": "Neid, Neugierde, soziale Distanz", "raum_emotion": {"ort": "Palais Walter", "emotion": "Neid, Neugierde, soziale Distanz", "richtung": "ort_loest_emotion_aus"}, "route": null}}, {"type": "Feature", "geometry": {"type": "Point", "coordinates": [2.3522, 48.8566]}, "properties": {"id": 18, "zeile": 14, "tags": ["social", "historical", "atmosphere"], "perspektive": "erzaehler", "text": "Und Papa Walter wußte ganz genau, daß sie später doch wiederkommen würden, genau so, wie sie mit sei", "notiz": "Maupassant verweist auf das antisemitisch gefärbte Sozialmilieu der Dritten Republik und die gesellschaftliche Integration jüdischer Aufsteiger als historisch-politischen Kontext.", "ort": "Paris (allgemein)", "valenz": null, "intensitaet": 2, "gewichtete_valenz": null, "f_wert": null, "f_emotion": null, "raum_emotion": null, "route": null}}, {"type": "Feature", "geometry": {"type": "Point", "coordinates": [2.3522, 48.8566]}, "properties": {"id": 19, "zeile": 1, "tags": ["social", "historical"], "perspektive": "erzaehler", "text": "Zunächst mußten alle gescheiterten Würdenträger und bekannte vornehme Namen, die in den Zeitungen ge", "notiz": "Maupassant beschreibt von aussen die soziale Dynamik rund um Walters Einladung und seinen Reichtum.", "ort": "Haus Walter (Paris, unspezifisch)", "valenz": null, "intensitaet": 1, "gewichtete_valenz": null, "f_wert": null, "f_emotion": null, "raum_emotion": null, "route": null}}, {"type": "Feature", "geometry": {"type": "Point", "coordinates": [2.3522, 48.8566]}, "properties": {"id": 20, "zeile": 2, "tags": ["social", "historical"], "perspektive": "erzaehler", "text": "weil er so viel guten Geschmack und Gewandtheit gezeigt hatte, sie zur Bewunderung eines religiös-ch", "notiz": "Erzähler beschreibt die gesellschaftliche Ironie von Walters antisemitisch konnotierten Einladung aus einer externen Perspektive.", "ort": "Haus Walter (Paris, unspezifisch)", "valenz": null, "intensitaet": 2, "gewichtete_valenz": null, "f_wert": null, "f_emotion": null, "raum_emotion": null, "route": null}}, {"type": "Feature", "geometry": {"type": "Point", "coordinates": [2.3522, 48.8566]}, "properties": {"id": 21, "zeile": 3, "tags": ["social", "material"], "perspektive": "erzaehler", "text": "»Sehen Sie, ich habe 500000 Francs für das Meisterwerk religiöser Kunst von Markowitsch, Jesus auf d", "notiz": "Erzähler zitiert Walters implizite Botschaft über Kunstbesitz und sozialen Status als äussere Beobachtung.", "ort": "Haus Walter (Paris, unspezifisch)", "valenz": null, "intensitaet": 2, "gewichtete_valenz": null, "f_wert": null, "f_emotion": null, "raum_emotion": null, "route": null}}, {"type": "Feature", "geometry": {"type": "Point", "coordinates": [2.3522, 48.8566]}, "properties": {"id": 22, "zeile": 4, "tags": ["social"], "perspektive": "erzaehler", "text": "In den vornehmen Gesellschaftskreisen, in den Kreisen der Herzoginnen und des Jockeiklubs, hatte man", "notiz": "Erzähler beschreibt das Gesellschaftsklima und die Reaktion der Pariser Oberschicht auf Walters Einladung.", "ort": "Pariser Gesellschaft (unspezifisch)", "valenz": null, "intensitaet": 2, "gewichtete_valenz": null, "f_wert": null, "f_emotion": null, "raum_emotion": null, "route": null}}, {"type": "Feature", "geometry": {"type": "Point", "coordinates": [2.3522, 48.8566]}, "properties": {"id": 23, "zeile": 5, "tags": ["social", "location"], "perspektive": "erzaehler", "text": "Man würde hingehen, wie man bei Herrn Petit die Aquarelle besichtigte.", "notiz": "Erzähler nennt als Vergleich den Ausstellungsort bei Herrn Petit als Referenzpunkt für gesellschaftliche Kunstereignisse.", "ort": "bei Herrn Petit (Paris, unspezifisch)", "valenz": null, "intensitaet": 1, "gewichtete_valenz": null, "f_wert": null, "f_emotion": null, "raum_emotion": null, "route": null}}, {"type": "Feature", "geometry": {"type": "Point", "coordinates": [2.3522, 48.8566]}, "properties": {"id": 24, "zeile": 6, "tags": ["social", "location"], "perspektive": "erzaehler", "text": "Walters besaßen ein Meisterwerk, und nun öffneten sie für einen Abend die Türen ihres Hauses, damit ", "notiz": "Erzähler beschreibt neutral das Öffnen des Hauses Walter als gesellschaftliches Ereignis.", "ort": "Haus Walter (Paris, unspezifisch)", "valenz": null, "intensitaet": 1, "gewichtete_valenz": null, "f_wert": null, "f_emotion": null, "raum_emotion": null, "route": null}}, {"type": "Feature", "geometry": {"type": "Point", "coordinates": [2.3522, 48.8566]}, "properties": {"id": 25, "zeile": 7, "tags": ["time", "historical", "location"], "perspektive": "erzaehler", "text": "Die Vie Française brachte seit vierzehn Tagen jeden Morgen eine Notiz über diese Soiree vom 30. Deze", "notiz": "Erzähler nennt das konkrete Datum und die Zeitung als neutrale Erzählerangabe zur zeitlichen Einbettung des Ereignisses.", "ort": "Redaktion Vie Française (Paris, unspezifisch)", "valenz": null, "intensitaet": 1, "gewichtete_valenz": null, "f_wert": null, "f_emotion": null, "raum_emotion": null, "route": null}}, {"type": "Feature", "geometry": {"type": "Point", "coordinates": [2.3522, 48.8566]}, "properties": {"id": 26, "zeile": 8, "tags": ["george_duroy", "mood"], "perspektive": "figur", "text": "Du Roy raste innerlich gegen den Triumph seines Herrn Direktors.", "notiz": "Duroys innere Wut über Walters Erfolg wird aus seiner Perspektive beschrieben.", "ort": "unspezifisch (Paris)", "valenz": null, "intensitaet": null, "gewichtete_valenz": null, "f_wert": "ort_loest_emotion_aus", "f_emotion": "Wut, Neid", "raum_emotion": {"ort": "Walters gesellschaftlicher Triumph", "emotion": "Wut, Neid", "richtung": "ort_loest_emotion_aus"}, "route": null}}, {"type": "Feature", "geometry": {"type": "Point", "coordinates": [2.3522, 48.8566]}, "properties": {"id": 27, "zeile": 9, "tags": ["george_duroy", "mood", "social"], "perspektive": "figur", "text": "Er hatte sich mit seinen 500000 Francs für unermeßlich reich gehalten, die er seiner Frau abgepreßt ", "notiz": "Duroy erlebt seinen eigenen Reichtum im Vergleich zu Walter als Armut — inneres soziales Schamgefühl aus seiner Perspektive.", "ort": "unspezifisch (Paris)", "valenz": null, "intensitaet": null, "gewichtete_valenz": null, "f_wert": "ort_loest_emotion_aus", "f_emotion": "Gefühl der Armut, Ausgeschlossensein", "raum_emotion": {"ort": "sozialer Raum des Pariser Reichtums", "emotion": "Gefühl der Armut, Ausgeschlossensein", "richtung": "ort_loest_emotion_aus"}, "route": null}}, {"type": "Feature", "geometry": {"type": "Point", "coordinates": [2.3522, 48.8566]}, "properties": {"id": 28, "zeile": 1, "tags": ["george_duroy", "mood", "social"], "perspektive": "figur", "text": "Seine grimmige Wut und sein Neid nahmen täglich zu: er haßte alle Welt, die Walters., zu denen er je", "notiz": "Duroys wachsende Wut und Neid auf alle Welt — innerer Zustand der Verbitterung über soziale und finanzielle Benachteiligung.", "ort": "unspezifisch", "valenz": null, "intensitaet": null, "gewichtete_valenz": null, "f_wert": null, "f_emotion": null, "raum_emotion": null, "route": null}}, {"type": "Feature", "geometry": {"type": "Point", "coordinates": [2.3522, 48.8566]}, "properties": {"id": 29, "zeile": 2, "tags": ["george_duroy", "mood"], "perspektive": "figur", "text": "wenn er nach seinem Diktat schrieb, empfand er oft eine wahnsinnige Lust, diesen triumphierenden, wi", "notiz": "Duroy erlebt beim Schreiben nach Diktat einen impulsiven Gewaltimpuls gegenüber Laroche — extremer innerer Affekt.", "ort": "unspezifisch", "valenz": null, "intensitaet": null, "gewichtete_valenz": null, "f_wert": null, "f_emotion": null, "raum_emotion": null, "route": null}}, {"type": "Feature", "geometry": {"type": "Point", "coordinates": [2.3522, 48.8566]}, "properties": {"id": 30, "zeile": 3, "tags": ["george_duroy", "social", "mood"], "perspektive": "figur", "text": "Doch Du Roy spürte dieses Gold an dem hochmütigen Tone des emporgekommenen Rechtsanwalts, an seinem ", "notiz": "Duroy nimmt Laroches neu gewonnenen Reichtum durch dessen Verhalten wahr — sensorisch-soziale Wahrnehmung von Statusunterschied.", "ort": "unspezifisch", "valenz": null, "intensitaet": null, "gewichtete_valenz": null, "f_wert": "ort_loest_emotion_aus", "f_emotion": "Neid, Verbitterung", "raum_emotion": {"ort": "unspezifisch", "emotion": "Neid, Verbitterung", "richtung": "ort_loest_emotion_aus"}, "route": null}}, {"type": "Feature", "geometry": {"type": "Point", "coordinates": [2.3522, 48.8566]}, "properties": {"id": 31, "zeile": 4, "tags": ["location", "social", "atmosphere"], "perspektive": "erzaehler", "text": "Laroche regierte jetzt im Hause Du Roys, wo er die Stelle des Grafen de Vaudrec eingenommen hatte so", "notiz": "Maupassant beschreibt von aussen, wie Laroche das Haus Duroys dominiert und symbolisch die Stelle Vaudrecs eingenommen hat.", "ort": "Haus Du Roy (Wohnung Madeleine und Georges)", "valenz": null, "intensitaet": 2, "gewichtete_valenz": null, "f_wert": null, "f_emotion": null, "raum_emotion": null, "route": null}}, {"type": "Feature", "geometry": {"type": "Point", "coordinates": [2.3522, 48.8566]}, "properties": {"id": 32, "zeile": 5, "tags": ["george_duroy", "mood", "koerper_als_akteur"], "perspektive": "figur", "text": "Georges duldete ihn zähneknirschend, wie ein Hund, der beißen will, es aber nicht wagt.", "notiz": "Duroys körperlich-emotional unterdrückter Zorn gegenüber Laroche — Körper als Ausdrucksmedium verdrängter Aggression.", "ort": "unspezifisch", "valenz": null, "intensitaet": null, "gewichtete_valenz": null, "f_wert": null, "f_emotion": null, "raum_emotion": null, "route": null}}, {"type": "Feature", "geometry": {"type": "Point", "coordinates": [2.3522, 48.8566]}, "properties": {"id": 33, "zeile": 6, "tags": ["social"], "perspektive": "erzaehler", "text": "Er war jetzt öfters hart und rücksichtslos gegen Madeleine, die mit den Achseln zuckte und ihn als e", "notiz": "Maupassant beschreibt von aussen Duroys Verhalten gegenüber Madeleine und ihre Reaktion darauf.", "ort": "unspezifisch", "valenz": null, "intensitaet": 2, "gewichtete_valenz": null, "f_wert": null, "f_emotion": null, "raum_emotion": null, "route": null}}, {"type": "Feature", "geometry": {"type": "Point", "coordinates": [2.3522, 48.8566]}, "properties": {"id": 34, "zeile": 7, "tags": ["george_duroy", "mood", "social"], "perspektive": "figur", "text": "Er hatte zunächst erklärt, er ginge nicht zum Fest beim Chef; er denke nicht daran, mit diesem schmu", "notiz": "Duroy lehnt die Einladung zum Fest bei Walter innerlich ab — Ausdruck von Neid, Hass und sozialer Ablehnung.", "ort": "unspezifisch", "valenz": null, "intensitaet": null, "gewichtete_valenz": null, "f_wert": null, "f_emotion": null, "raum_emotion": null, "route": null}}, {"type": "Feature", "geometry": {"type": "Point", "coordinates": [2.3522, 48.8566]}, "properties": {"id": 35, "zeile": 1, "tags": ["social", "time"], "perspektive": "erzaehler", "text": "Seit zwei Monaten schrieb ihm Frau Walter täglich Briefe und bat ihn, zu ihr zu kommen oder ihr ein ", "notiz": "Maupassant beschreibt von aussen die Briefe Frau Walters und den finanziellen Kontext der Beziehung.", "ort": "unspezifisch", "valenz": null, "intensitaet": 2, "gewichtete_valenz": null, "f_wert": null, "f_emotion": null, "raum_emotion": null, "route": null}}, {"type": "Feature", "geometry": {"type": "Point", "coordinates": [2.3522, 48.8566]}, "properties": {"id": 36, "zeile": 2, "tags": ["george_duroy", "mood", "social"], "perspektive": "figur", "text": "Er antwortete überhaupt nicht und warf alle diese verzweifelten Briefe ins Feuer. Nicht etwa weil er", "notiz": "Duroy handelt aus innerem Machtkalkül und Verachtung — sein innerer Zustand wird explizit dargelegt.", "ort": "unspezifisch", "valenz": null, "intensitaet": null, "gewichtete_valenz": null, "f_wert": null, "f_emotion": null, "raum_emotion": null, "route": null}}, {"type": "Feature", "geometry": {"type": "Point", "coordinates": [2.3522, 48.8566]}, "properties": {"id": 37, "zeile": 3, "tags": ["george_duroy", "mood", "social"], "perspektive": "figur", "text": "Sie war zu reich! Er wollte sich stolz zeigen!", "notiz": "Duroys inneres Erleben seiner eigenen sozialen Lage gegenüber der reichen Frau Walter treibt sein Handeln.", "ort": "unspezifisch", "valenz": null, "intensitaet": null, "gewichtete_valenz": null, "f_wert": "ort_loest_emotion_aus", "f_emotion": "Stolz, Neid, Machtstreben", "raum_emotion": {"ort": "unspezifisch", "emotion": "Stolz, Neid, Machtstreben", "richtung": "ort_loest_emotion_aus"}, "route": null}}, {"type": "Feature", "geometry": {"type": "Point", "coordinates": [2.3522, 48.8566]}, "properties": {"id": 38, "zeile": 4, "tags": ["george_duroy", "mood"], "perspektive": "figur", "text": "Dann, nach dem Abendessen, erklärte er plötzlich: »Es wird wohl trotzdem besser sein, wenn wir uns d", "notiz": "Duroys plötzlicher Sinneswandel offenbart seine innere Unentschlossenheit und Ambivalenz.", "ort": "Wohnung Duroy", "valenz": null, "intensitaet": null, "gewichtete_valenz": null, "f_wert": null, "f_emotion": null, "raum_emotion": null, "route": null}}, {"type": "Feature", "geometry": {"type": "Point", "coordinates": [2.31, 48.879]}, "properties": {"id": 39, "zeile": 5, "tags": ["george_duroy", "mood", "move"], "perspektive": "figur", "text": "Er kleidete sich brummend an, und noch in der Droschke fuhr er fort, seiner Galle freien Lauf zu las", "notiz": "Duroy bewegt sich zur Veranstaltung, dabei äussert er seinen inneren Unmut körperlich und verbal.", "ort": "Droschke auf dem Weg zum Palais Carlsbourg", "valenz": null, "intensitaet": null, "gewichtete_valenz": null, "f_wert": null, "f_emotion": null, "raum_emotion": null, "route": null}}, {"type": "Feature", "geometry": {"type": "Point", "coordinates": [2.3522, 48.8566]}, "properties": {"id": 40, "zeile": 6, "tags": ["location", "space", "atmosphere"], "perspektive": "erzaehler", "text": "Die Hofeinfahrt zum Palais Carlsbourg war durch vier Bogenlampen, die wie vier kleine bläuliche Mond", "notiz": "Maupassant beschreibt die imposante Beleuchtung des Palais Carlsbourg als äussere Kulisse.", "ort": "Palais Carlsbourg (fiktiv)", "valenz": null, "intensitaet": 2, "gewichtete_valenz": null, "f_wert": null, "f_emotion": null, "raum_emotion": null, "route": null}}, {"type": "Feature", "geometry": {"type": "Point", "coordinates": [2.3522, 48.8566]}, "properties": {"id": 41, "zeile": 7, "tags": ["social", "material", "atmosphere"], "perspektive": "erzaehler", "text": "Ein prachtvoller Teppich lag auf den Stufen der hohen Freitreppe und auf jeder Stufe stand, unbewegl", "notiz": "Maupassant schildert von aussen den prunkvollen Empfang als Zeichen sozialer Macht und Reichtum.", "ort": "Palais Carlsbourg (fiktiv)", "valenz": null, "intensitaet": 2, "gewichtete_valenz": null, "f_wert": null, "f_emotion": null, "raum_emotion": null, "route": null}}, {"type": "Feature", "geometry": {"type": "Point", "coordinates": [2.3522, 48.8566]}, "properties": {"id": 42, "zeile": 8, "tags": ["george_duroy", "mood", "social", "koerper_als_akteur"], "perspektive": "figur", "text": "Du Roy brummte: »Diese Protzerei!« Er zuckte die Achseln, verzehrt von Neid und Eifersucht.", "notiz": "Duroy reagiert körperlich und emotional auf den Prunk des Palais — Neid und Eifersucht als explizit benannte Gefühle.", "ort": "Palais Carlsbourg (fiktiv)", "valenz": null, "intensitaet": null, "gewichtete_valenz": null, "f_wert": "ort_loest_emotion_aus", "f_emotion": "Neid, Eifersucht", "raum_emotion": {"ort": "Palais Carlsbourg", "emotion": "Neid, Eifersucht", "richtung": "ort_loest_emotion_aus"}, "route": null}}, {"type": "Feature", "geometry": {"type": "Point", "coordinates": [2.3077, 48.8796]}, "properties": {"id": 43, "zeile": 9, "tags": ["move", "social"], "perspektive": "erzaehler", "text": "Sie traten ein und ließen sich ihre schweren Abendmäntel von den Dienern abnehmen, die auf sie zutra", "notiz": "Maupassant beschreibt von aussen das Betreten des Palais und den Empfang durch die Diener.", "ort": "Palais Carlsbourg (fiktiv)", "valenz": null, "intensitaet": 1, "gewichtete_valenz": null, "f_wert": null, "f_emotion": null, "raum_emotion": null, "route": null}}, {"type": "Feature", "geometry": {"type": "Point", "coordinates": [2.3522, 48.8566]}, "properties": {"id": 44, "zeile": 10, "tags": ["sound", "atmosphere"], "perspektive": "erzaehler", "text": "Man hörte ringsumher flüstern: »Wie herrlich, wie wunderschön.«", "notiz": "Maupassant gibt die bewundernden Flüsterlaute der Gäste als atmosphärische Kulisse wieder.", "ort": "Palais Carlsbourg (fiktiv)", "valenz": null, "intensitaet": 1, "gewichtete_valenz": null, "f_wert": null, "f_emotion": null, "raum_emotion": null, "route": null}}, {"type": "Feature", "geometry": {"type": "Point", "coordinates": [2.3522, 48.8566]}, "properties": {"id": 45, "zeile": 11, "tags": ["space", "material", "atmosphere"], "perspektive": "erzaehler", "text": "Die gewaltige Vorhalle war mit Gobelins behängt, welche den Liebesmythus des Mars und der Venus dars", "notiz": "Maupassant beschreibt von aussen die prächtige Ausstattung der Eingangshalle als Zeichen von Reichtum und Kunstsinn.", "ort": "Palais Carlsbourg (fiktiv)", "valenz": null, "intensitaet": 2, "gewichtete_valenz": null, "f_wert": null, "f_emotion": null, "raum_emotion": null, "route": null}}, {"type": "Feature", "geometry": {"type": "Point", "coordinates": [2.3522, 48.8566]}, "properties": {"id": 46, "zeile": 1, "tags": ["space", "material"], "perspektive": "erzaehler", "text": "Rechts und links stiegen die beiden Teile der prunkhaften, monumentalen Treppe empor, die im ersten ", "notiz": "Maupassant beschreibt die imposante Treppenanlage des Hauses Walter von aussen als räumliche Struktur.", "ort": "Palais Walter (privates Stadtpalais)", "valenz": null, "intensitaet": 2, "gewichtete_valenz": null, "f_wert": null, "f_emotion": null, "raum_emotion": null, "route": null}}, {"type": "Feature", "geometry": {"type": "Point", "coordinates": [2.3522, 48.8566]}, "properties": {"id": 47, "zeile": 1, "tags": ["material", "social"], "perspektive": "erzaehler", "text": "Das eiserne Geländer war ein Meisterwerk der Schmiedekunst; seine alte verblaßte Vergoldung warf ein", "notiz": "Maupassant beschreibt die materielle Pracht des Geländers und der Treppenstufen als Zeichen sozialen Reichtums.", "ort": "Palais Walter (Treppenhaus)", "valenz": null, "intensitaet": 2, "gewichtete_valenz": null, "f_wert": null, "f_emotion": null, "raum_emotion": null, "route": null}}, {"type": "Feature", "geometry": {"type": "Point", "coordinates": [2.3522, 48.8566]}, "properties": {"id": 48, "zeile": 2, "tags": ["social", "atmosphere"], "perspektive": "erzaehler", "text": "Am Eingange zu den Salons standen zwei kleine Mädchen, die eine in Rosa, die andere in Blau gekleide", "notiz": "Maupassant schildert die aufwendige gesellschaftliche Inszenierung des Empfangs bei Walter von aussen.", "ort": "Palais Walter (Eingang zu den Salons)", "valenz": null, "intensitaet": 2, "gewichtete_valenz": null, "f_wert": null, "f_emotion": null, "raum_emotion": null, "route": null}}, {"type": "Feature", "geometry": {"type": "Point", "coordinates": [2.3522, 48.8566]}, "properties": {"id": 49, "zeile": 3, "tags": ["social", "atmosphere"], "perspektive": "erzaehler", "text": "In den Sälen befanden sich schon eine ganze Menge Besucher. Die meisten Frauen waren in Straßentoile", "notiz": "Maupassant beobachtet das gesellschaftliche Verhalten der Gäste als aussenstehender Erzähler.", "ort": "Palais Walter (Salons)", "valenz": null, "intensitaet": 2, "gewichtete_valenz": null, "f_wert": null, "f_emotion": null, "raum_emotion": null, "route": null}}, {"type": "Feature", "geometry": {"type": "Point", "coordinates": [2.3522, 48.8566]}, "properties": {"id": 50, "zeile": 4, "tags": ["location", "social"], "perspektive": "erzaehler", "text": "Frau Walter hielt sich, umgeben von Freundinnen, im zweiten Säle auf und begrüßte die Gäste.", "notiz": "Maupassant nennt einen konkreten Raum im Haus Walter und beschreibt Frau Walters Rolle als Gastgeberin.", "ort": "Palais Walter (zweiter Salon)", "valenz": null, "intensitaet": 1, "gewichtete_valenz": null, "f_wert": null, "f_emotion": null, "raum_emotion": null, "route": null}}, {"type": "Feature", "geometry": {"type": "Point", "coordinates": [2.3077, 48.8796]}, "properties": {"id": 51, "zeile": 5, "tags": ["george_duroy", "move", "mood"], "perspektive": "figur", "text": "Georges ließ seine Frau neben der Frau Direktor stehen und mischte sich unter die Menge, um sich bos", "notiz": "Duroy handelt aus einem inneren Kalkül heraus — er sucht bewusst die Menge auf, um gesellschaftliche Schadenfreude zu erlauschen.", "ort": "Palais Walter (Salons)", "valenz": null, "intensitaet": null, "gewichtete_valenz": null, "f_wert": "ort_loest_emotion_aus", "f_emotion": "boshafte Neugier, soziale Berechnung", "raum_emotion": {"ort": "Palais Walter, Salons", "emotion": "boshafte Neugier, soziale Berechnung", "richtung": "ort_loest_emotion_aus"}, "route": null}}, {"type": "Feature", "geometry": {"type": "Point", "coordinates": [2.3522, 48.8566]}, "properties": {"id": 52, "zeile": 6, "tags": ["space", "material", "social"], "perspektive": "erzaehler", "text": "Fünf Salons folgten einer auf den anderen, sie waren mit kostbaren Stoffen tapeziert, mit alten ital", "notiz": "Maupassant beschreibt die Raumfolge des Palais Walter als Ausdruck grossbürgerlichen Reichtums und Repräsentationswillens.", "ort": "Palais Walter (Raumfolge der fünf Salons)", "valenz": null, "intensitaet": 2, "gewichtete_valenz": null, "f_wert": null, "f_emotion": null, "raum_emotion": null, "route": null}}, {"type": "Feature", "geometry": {"type": "Point", "coordinates": [2.3522, 48.8566]}, "properties": {"id": 53, "zeile": 7, "tags": ["space", "material", "social", "atmosphere"], "perspektive": "erzaehler", "text": "Vor allem bewunderte man einen kleinen Salon im Stil Louis XVI., eine Art von Boudoir, das ganz mit ", "notiz": "Maupassant hebt das Louis-XVI.-Boudoir als besonders erlesenen Raum hervor — eine Kulissenbeschreibung des sozialen Glanzes.", "ort": "Palais Walter (Louis-XVI.-Boudoir)", "valenz": null, "intensitaet": 2, "gewichtete_valenz": null, "f_wert": null, "f_emotion": null, "raum_emotion": null, "route": null}}, {"type": "Feature", "geometry": {"type": "Point", "coordinates": [2.3522, 48.8566]}, "properties": {"id": 54, "zeile": 1, "tags": ["george_duroy", "social"], "perspektive": "figur", "text": "Georges erkannte in der Menge die Pariser Berühmtheiten, die Herzogin de Terracine, den Grafen und d", "notiz": "Duroy nimmt die gesellschaftlichen Eliten wahr und ordnet sie in die Pariser Premierenwelt ein.", "ort": "Salon / Ausstellungsraum (Walter)", "valenz": null, "intensitaet": null, "gewichtete_valenz": null, "f_wert": null, "f_emotion": null, "raum_emotion": null, "route": null}}, {"type": "Feature", "geometry": {"type": "Point", "coordinates": [2.3522, 48.8566]}, "properties": {"id": 55, "zeile": 6, "tags": ["george_duroy", "mood"], "perspektive": "figur", "text": "Er war entzückt, sie wieder zu sehen und drückte ihr offenherzig die Hand.", "notiz": "Duroy empfindet echte Freude beim Wiedersehen mit Suzanne Walter.", "ort": "Salon / Ausstellungsraum (Walter)", "valenz": null, "intensitaet": null, "gewichtete_valenz": null, "f_wert": null, "f_emotion": null, "raum_emotion": null, "route": null}}, {"type": "Feature", "geometry": {"type": "Point", "coordinates": [2.3077, 48.8796]}, "properties": {"id": 56, "zeile": 15, "tags": ["move", "social", "atmosphere"], "perspektive": "erzaehler", "text": "Sie gingen langsam durch die Menge. Man drehte sich um und blickte diesem schönen jungen Mann und di", "notiz": "Maupassant beschreibt von aussen das Aufsehen, das Duroy und Suzanne in der Gesellschaft erregen.", "ort": "Salon / Ausstellungsraum (Walter)", "valenz": null, "intensitaet": 2, "gewichtete_valenz": null, "f_wert": null, "f_emotion": null, "raum_emotion": null, "route": null}}, {"type": "Feature", "geometry": {"type": "Point", "coordinates": [2.3522, 48.8566]}, "properties": {"id": 57, "zeile": 17, "tags": ["social"], "perspektive": "erzaehler", "text": "Ein bekannter Maler meinte: »Dieses Paar ist tatsächlich sehr hübsch und reizend.«", "notiz": "Erzähler gibt die Fremdwahrnehmung eines Malers wieder, der das Paar von aussen beurteilt.", "ort": "Salon / Ausstellungsraum (Walter)", "valenz": null, "intensitaet": 1, "gewichtete_valenz": null, "f_wert": null, "f_emotion": null, "raum_emotion": null, "route": null}}, {"type": "Feature", "geometry": {"type": "Point", "coordinates": [2.3522, 48.8566]}, "properties": {"id": 58, "zeile": 18, "tags": ["george_duroy", "mood", "social"], "perspektive": "figur", "text": "Georges dachte: »Wenn ich wirklich stark wäre, müßte ich die heiraten. Es wäre doch möglich. Warum h", "notiz": "Duroy reflektiert innerlich über eine verpasste Aufstiegsmöglichkeit durch Heirat mit Suzanne Walter und bereut seine bisherigen Entscheidungen.", "ort": "Salon / Ausstellungsraum (Walter)", "valenz": null, "intensitaet": null, "gewichtete_valenz": null, "f_wert": "ort_loest_emotion_aus", "f_emotion": "Neid, Bedauern, Ehrgeiz", "raum_emotion": {"ort": "Salon der Walters", "emotion": "Neid, Bedauern, Ehrgeiz", "richtung": "ort_loest_emotion_aus"}, "route": null}}, {"type": "Feature", "geometry": {"type": "Point", "coordinates": [2.3522, 48.8566]}, "properties": {"id": 59, "zeile": 21, "tags": ["george_duroy", "mood"], "perspektive": "figur", "text": "Und der Neid, der bittere Neid, fiel tropfenweise in sein Herz wie Galle, die ihm alle seine Freude ", "notiz": "Duroys innerer Zustand wird durch eine körperliche Metapher des Neids beschrieben, der seine gesamte Wahrnehmung vergällt.", "ort": "Salon / Ausstellungsraum (Walter)", "valenz": null, "intensitaet": null, "gewichtete_valenz": null, "f_wert": "ort_loest_emotion_aus", "f_emotion": "bitterer Neid, Lebensverdruss", "raum_emotion": {"ort": "Salon der Walters", "emotion": "bitterer Neid, Lebensverdruss", "richtung": "ort_loest_emotion_aus"}, "route": null}}, {"type": "Feature", "geometry": {"type": "Point", "coordinates": [2.3522, 48.8566]}, "properties": {"id": 60, "zeile": 1, "tags": ["george_duroy", "mood"], "perspektive": "figur", "text": "Er folgte noch immer seinem Gedankengang", "notiz": "Duroy ist innerlich abgelenkt und folgt seinen eigenen Gedanken, nicht dem Gespräch.", "ort": "Salon/Festsaal (Kontext Wanderley-Empfang)", "valenz": null, "intensitaet": null, "gewichtete_valenz": null, "f_wert": null, "f_emotion": null, "raum_emotion": null, "route": null}}, {"type": "Feature", "geometry": {"type": "Point", "coordinates": [2.3522, 48.8566]}, "properties": {"id": 61, "zeile": 2, "tags": ["george_duroy", "social", "mood"], "perspektive": "figur", "text": "Er lächelte ironisch und hochmütig und begann die Namen der Vorübergebenden zu nennen, alles sehr vo", "notiz": "Duroy beobachtet ironisch-hochmütig die soziale Klasse der Vorübergehenden und denkt über Adelstitel und Geld nach.", "ort": "Salon/Festsaal (Kontext Wanderley-Empfang)", "valenz": -1, "intensitaet": 2, "gewichtete_valenz": -2, "f_wert": "ort_loest_emotion_aus", "f_emotion": "ironische Verachtung", "raum_emotion": {"ort": "Salon mit vornehmen Gästen", "emotion": "ironische Verachtung", "richtung": "ort_loest_emotion_aus"}, "route": null}}, {"type": "Feature", "geometry": {"type": "Point", "coordinates": [2.3522, 48.8566]}, "properties": {"id": 62, "zeile": 3, "tags": ["george_duroy", "social", "mood"], "perspektive": "figur", "text": "Er fuhr fort: »Es vergehen keine sechs Monate und Sie haben auf diesen Köder angebissen. Sie werden ", "notiz": "Duroy reflektiert seinen eigenen sozialen Status im Vergleich zu Suzanne und zeigt bittere Ironie über gesellschaftliche Aufstiegswege.", "ort": "Salon/Festsaal (Kontext Wanderley-Empfang)", "valenz": -1, "intensitaet": 2, "gewichtete_valenz": -2, "f_wert": null, "f_emotion": null, "raum_emotion": null, "route": null}}, {"type": "Feature", "geometry": {"type": "Point", "coordinates": [2.3522, 48.8566]}, "properties": {"id": 63, "zeile": 4, "tags": ["george_duroy", "social", "mood"], "perspektive": "figur", "text": "Er stieß mitleidig ein »Oh« aus. »Sprechen wir nicht davon, kaum 20000 im Jahr. Das ist nicht viel h", "notiz": "Duroy empfindet sein Einkommen als unzulänglich und äußert das mit gespielter Selbstmitleidigkeit.", "ort": "Salon/Festsaal (Kontext Wanderley-Empfang)", "valenz": -1, "intensitaet": 1, "gewichtete_valenz": -1, "f_wert": null, "f_emotion": null, "raum_emotion": null, "route": null}}, {"type": "Feature", "geometry": {"type": "Point", "coordinates": [2.3522, 48.8566]}, "properties": {"id": 64, "zeile": 5, "tags": ["george_duroy", "social", "mood"], "perspektive": "figur", "text": "»Ja, es war eine Million für uns beide. 40000 Francs Einkommen. Wir können uns damit nicht mal eine ", "notiz": "Duroy beklagt das Unvermögen, mit dem gemeinsamen Erbe den gewünschten Lebensstandard zu erreichen.", "ort": "Salon/Festsaal (Kontext Wanderley-Empfang)", "valenz": -1, "intensitaet": 2, "gewichtete_valenz": -2, "f_wert": null, "f_emotion": null, "raum_emotion": null, "route": null}}, {"type": "Feature", "geometry": {"type": "Point", "coordinates": [2.3522, 48.8566]}, "properties": {"id": 65, "zeile": 6, "tags": ["location", "space"], "perspektive": "erzaehler", "text": "Sie gelangten in den letzten Saal, vor ihnen tat sich ein großer Wintergarten auf, mit hochragenden,", "notiz": "Der Erzähler beschreibt den Übergang in den Wintergarten als konkreten Ort mit exotischer Vegetation.", "ort": "Wintergarten im Salon (Kontext Wanderley-Empfang)", "valenz": null, "intensitaet": 2, "gewichtete_valenz": null, "f_wert": null, "f_emotion": null, "raum_emotion": null, "route": null}}, {"type": "Feature", "geometry": {"type": "Point", "coordinates": [2.3522, 48.8566]}, "properties": {"id": 66, "zeile": 7, "tags": ["atmosphere", "material"], "perspektive": "erzaehler", "text": "Über dieses dunkle Grün glitt das Licht in silbernen Wogen", "notiz": "Der Erzähler beschreibt die Lichtstimmung im Wintergarten als atmosphärische Kulisse.", "ort": "Wintergarten im Salon (Kontext Wanderley-Empfang)", "valenz": null, "intensitaet": 2, "gewichtete_valenz": null, "f_wert": null, "f_emotion": null, "raum_emotion": null, "route": null}}, {"type": "Feature", "geometry": {"type": "Point", "coordinates": [2.3522, 48.8566]}, "properties": {"id": 67, "zeile": 8, "tags": ["smell", "atmosphere"], "perspektive": "erzaehler", "text": "man atmete die laue Frische der feuchten Erde und die verschiedensten Wohlgerüche ein", "notiz": "Der Erzähler beschreibt die Geruchskulisse des Wintergartens aus der unpersönlichen Außenperspektive.", "ort": "Wintergarten im Salon (Kontext Wanderley-Empfang)", "valenz": null, "intensitaet": 2, "gewichtete_valenz": null, "f_wert": null, "f_emotion": null, "raum_emotion": null, "route": null}}, {"type": "Feature", "geometry": {"type": "Point", "coordinates": [2.3522, 48.8566]}, "properties": {"id": 68, "zeile": 9, "tags": ["atmosphere", "space"], "perspektive": "erzaehler", "text": "Man hatte dabei ein seltsames, gesundes, aber angenehmes und bezauberndes Empfinden der künstlichen,", "notiz": "Der Erzähler charakterisiert die ambivalente Stimmung des Wintergartens als artifizielle Natur, die gleichzeitig belebend und entnervend wirkt.", "ort": "Wintergarten im Salon (Kontext Wanderley-Empfang)", "valenz": null, "intensitaet": 2, "gewichtete_valenz": null, "f_wert": "ort_loest_emotion_aus", "f_emotion": "bezauberndes, aber entnervtes Empfinden künstlicher Natur", "raum_emotion": {"ort": "Wintergarten", "emotion": "bezauberndes, aber entnervtes Empfinden künstlicher Natur", "richtung": "ort_loest_emotion_aus"}, "route": null}}, {"type": "Feature", "geometry": {"type": "Point", "coordinates": [2.3522, 48.8566]}, "properties": {"id": 69, "zeile": 1, "tags": ["space", "material", "atmosphere"], "perspektive": "erzaehler", "text": "Man schritt auf Teppichen, die weich wie das Moos waren, zwischen dichten Beeten mit Gebüschen und B", "notiz": "Maupassant beschreibt den luxuriösen Innenraum von aussen als üppige, weiche Umgebung.", "ort": "Luxuriöses Stadtpalais / Empfangsräume (Paris, unbestimmt)", "valenz": null, "intensitaet": 2, "gewichtete_valenz": null, "f_wert": null, "f_emotion": null, "raum_emotion": null, "route": null}}, {"type": "Feature", "geometry": {"type": "Point", "coordinates": [2.3522, 48.8566]}, "properties": {"id": 70, "zeile": 2, "tags": ["george_duroy", "space"], "perspektive": "figur", "text": "Plötzlich erblickte Du Roy zur Linken unter einer weiten Wölbung von Palmen ein riesiges Marmorbassi", "notiz": "Duroy nimmt aktiv den prunkvollen Raum wahr — sein Blick fällt auf das imposante Bassin.", "ort": "Luxuriöses Stadtpalais / Empfangsräume (Paris, unbestimmt)", "valenz": null, "intensitaet": null, "gewichtete_valenz": null, "f_wert": "ort_loest_emotion_aus", "f_emotion": "Staunen, Begehren", "raum_emotion": {"ort": "Marmorbassin unter Palmen", "emotion": "Staunen, Begehren", "richtung": "ort_loest_emotion_aus"}, "route": null}}, {"type": "Feature", "geometry": {"type": "Point", "coordinates": [2.3522, 48.8566]}, "properties": {"id": 71, "zeile": 3, "tags": ["material", "social", "atmosphere"], "perspektive": "erzaehler", "text": "Am Rande standen vier weiße Delfter Porzellanschwäne, aus deren halbgeöffneten Schnäbeln das Wasser ", "notiz": "Maupassant beschreibt den dekadenten Luxus des Bassins als soziales Statussymbol von aussen.", "ort": "Luxuriöses Stadtpalais / Empfangsräume (Paris, unbestimmt)", "valenz": null, "intensitaet": 2, "gewichtete_valenz": null, "f_wert": null, "f_emotion": null, "raum_emotion": null, "route": null}}, {"type": "Feature", "geometry": {"type": "Point", "coordinates": [2.3522, 48.8566]}, "properties": {"id": 72, "zeile": 5, "tags": ["george_duroy", "koerper_als_akteur"], "perspektive": "figur", "text": "Der Journalist blieb stehen; sein Herz klopfte.", "notiz": "Duroys körperliche Reaktion auf den Luxus — das Herzklopfen zeigt emotionale Überwältigung.", "ort": "Luxuriöses Stadtpalais / Empfangsräume (Paris, unbestimmt)", "valenz": null, "intensitaet": null, "gewichtete_valenz": null, "f_wert": "ort_loest_emotion_aus", "f_emotion": "körperliche Erregung, Begehren", "raum_emotion": {"ort": "Marmorbassin, Luxusinterieur", "emotion": "körperliche Erregung, Begehren", "richtung": "ort_loest_emotion_aus"}, "route": null}}, {"type": "Feature", "geometry": {"type": "Point", "coordinates": [2.3522, 48.8566]}, "properties": {"id": 73, "zeile": 5, "tags": ["george_duroy", "mood", "social"], "perspektive": "figur", "text": "Er dachte: »Das ist ein Luxus! In solchen Häusern lohnt es zu leben. Anderen ist das gelungen, warum", "notiz": "Duroy vergleicht seinen sozialen Status mit dem der Reichen und entwickelt Aufstiegsambitionen.", "ort": "Luxuriöses Stadtpalais / Empfangsräume (Paris, unbestimmt)", "valenz": 1, "intensitaet": 3, "gewichtete_valenz": 3, "f_wert": "ort_loest_emotion_aus", "f_emotion": "Begehren, sozialer Neid, Ehrgeiz", "raum_emotion": {"ort": "Luxuriöses Stadtpalais", "emotion": "Begehren, sozialer Neid, Ehrgeiz", "richtung": "ort_loest_emotion_aus"}, "route": null}}, {"type": "Feature", "geometry": {"type": "Point", "coordinates": [2.3522, 48.8566]}, "properties": {"id": 74, "zeile": 6, "tags": ["george_duroy", "mood", "social"], "perspektive": "figur", "text": "Er sann über die Möglichkeit und über die Mittel nach, fand aber keine und ärgerte sich über seine O", "notiz": "Duroy reflektiert seinen sozialen Aufstieg und erlebt Frustration über seine eigene Machtlosigkeit.", "ort": "Luxuriöses Stadtpalais / Empfangsräume (Paris, unbestimmt)", "valenz": -1, "intensitaet": 2, "gewichtete_valenz": -2, "f_wert": "emotion_faerbt_raum", "f_emotion": "Ärger, Ohnmacht, sozialer Ehrgeiz", "raum_emotion": {"ort": "Luxuriöses Stadtpalais", "emotion": "Ärger, Ohnmacht, sozialer Ehrgeiz", "richtung": "emotion_faerbt_raum"}, "route": null}}, {"type": "Feature", "geometry": {"type": "Point", "coordinates": [2.3522, 48.8566]}, "properties": {"id": 75, "zeile": 7, "tags": ["george_duroy", "mood", "social"], "perspektive": "figur", "text": "Er betrachtete sie von der Seite und dachte noch einmal: »Es genügt doch, einfach diese lebende Pupp", "notiz": "Duroy kalkuliert kühl die Möglichkeit, Suzanne zu heiraten als Mittel zum sozialen Aufstieg.", "ort": "Luxuriöses Stadtpalais / Empfangsräume (Paris, unbestimmt)", "valenz": 0, "intensitaet": 2, "gewichtete_valenz": 0, "f_wert": "emotion_faerbt_raum", "f_emotion": "kaltes Kalkül, sozialer Ehrgeiz", "raum_emotion": {"ort": "Luxuriöses Stadtpalais", "emotion": "kaltes Kalkül, sozialer Ehrgeiz", "richtung": "emotion_faerbt_raum"}, "route": null}}, {"type": "Feature", "geometry": {"type": "Point", "coordinates": [2.3077, 48.8796]}, "properties": {"id": 76, "zeile": 9, "tags": ["george_duroy", "move", "koerper_als_akteur"], "perspektive": "figur", "text": "Sie stieß Georges durch eine Gruppe von Menschen, die ihnen im Wege standen und führte ihn plötzlich", "notiz": "Duroy wird körperlich durch den Raum geführt — Bewegung aus seiner Perspektive als passiver Akteur.", "ort": "Luxuriöses Stadtpalais / Empfangsräume (Paris, unbestimmt)", "valenz": null, "intensitaet": null, "gewichtete_valenz": null, "f_wert": null, "f_emotion": null, "raum_emotion": null, "route": null}}, {"type": "Feature", "geometry": {"type": "Point", "coordinates": [2.3522, 48.8566]}, "properties": {"id": 77, "zeile": 10, "tags": ["space", "atmosphere", "material"], "perspektive": "erzaehler", "text": "Mitten in einem Gebüsch von seltsamen Pflanzen, deren zitternde Blätter gespreizten Händen mit lange", "notiz": "Maupassant beschreibt die szenische Inszenierung des Gemäldes im Pflanzendickicht von aussen.", "ort": "Luxuriöses Stadtpalais / Empfangsräume (Paris, unbestimmt)", "valenz": null, "intensitaet": 2, "gewichtete_valenz": null, "f_wert": null, "f_emotion": null, "raum_emotion": null, "route": null}}, {"type": "Feature", "geometry": {"type": "Point", "coordinates": [2.3522, 48.8566]}, "properties": {"id": 78, "zeile": 11, "tags": ["atmosphere", "space"], "perspektive": "erzaehler", "text": "Der Eindruck war überwältigend. Die Ränder des Bildes waren durch das bewegliche Grün verdeckt und s", "notiz": "Maupassant beschreibt die atmosphärische Wirkung des Gemäldes als Erzähler von aussen.", "ort": "Luxuriöses Stadtpalais / Empfangsräume (Paris, unbestimmt)", "valenz": null, "intensitaet": 3, "gewichtete_valenz": null, "f_wert": null, "f_emotion": null, "raum_emotion": null, "route": null}}, {"type": "Feature", "geometry": {"type": "Point", "coordinates": [2.3522, 48.8566]}, "properties": {"id": 79, "zeile": 12, "tags": ["atmosphere", "material"], "perspektive": "erzaehler", "text": "Man mußte das Gemälde sehr genau betrachten, um es zu verstehen. Der Rahmen durchschnitt gerade die ", "notiz": "Maupassant erläutert das Gemälde und seine Komposition neutral als Erzähler.", "ort": "Luxuriöses Stadtpalais / Empfangsräume (Paris, unbestimmt)", "valenz": null, "intensitaet": 2, "gewichtete_valenz": null, "f_wert": null, "f_emotion": null, "raum_emotion": null, "route": null}}, {"type": "Feature", "geometry": {"type": "Point", "coordinates": [2.3522, 48.8566]}, "properties": {"id": 80, "zeile": 1, "tags": ["atmosphere", "material"], "perspektive": "erzaehler", "text": "Einer von ihnen, der am Rande des Kahnes saß, ließ das helle Licht auf Jesus fallen. Christus nähert", "notiz": "Der Erzähler beschreibt ein Gemälde (Christus auf dem Wasser) mit atmosphärischer Detailgenauigkeit — Licht, Dunkel, Figuren.", "ort": "Ausstellungsraum (Kunstausstellung, Paris)", "valenz": null, "intensitaet": 2, "gewichtete_valenz": null, "f_wert": null, "f_emotion": null, "raum_emotion": null, "route": null}}, {"type": "Feature", "geometry": {"type": "Point", "coordinates": [2.3522, 48.8566]}, "properties": {"id": 81, "zeile": 8, "tags": ["atmosphere"], "perspektive": "erzaehler", "text": "Das war wirklich das mächtige, unverhoffte Kunstwerk eines Meisters, eine jener Schöpfungen, die uns", "notiz": "Der Erzähler kommentiert die Wirkungsmacht des Gemäldes aus auktorialer Perspektive.", "ort": "Ausstellungsraum (Kunstausstellung, Paris)", "valenz": null, "intensitaet": 3, "gewichtete_valenz": null, "f_wert": "ort_loest_emotion_aus", "f_emotion": "Ergriffenheit, Staunen", "raum_emotion": {"ort": "Ausstellungsraum", "emotion": "Ergriffenheit, Staunen", "richtung": "ort_loest_emotion_aus"}, "route": null}}, {"type": "Feature", "geometry": {"type": "Point", "coordinates": [2.3522, 48.8566]}, "properties": {"id": 82, "zeile": 10, "tags": ["atmosphere", "social"], "perspektive": "erzaehler", "text": "Die Menschen, die dieses Werk betrachteten, blieben zunächst stumm und unbeweglich stehen, dann ging", "notiz": "Der Erzähler beschreibt das kollektive Verhalten des Publikums vor dem Gemälde von aussen.", "ort": "Ausstellungsraum (Kunstausstellung, Paris)", "valenz": null, "intensitaet": 2, "gewichtete_valenz": null, "f_wert": null, "f_emotion": null, "raum_emotion": null, "route": null}}, {"type": "Feature", "geometry": {"type": "Point", "coordinates": [2.3522, 48.8566]}, "properties": {"id": 83, "zeile": 12, "tags": ["george_duroy", "social", "mood"], "perspektive": "figur", "text": "Du Roy besah es sich eine Weile und erklärte: »Es muß doch hübsch sein, sich solche Kostbarkeiten le", "notiz": "Duroy betrachtet das Gemälde und reagiert nicht mit ästhetischem Staunen, sondern mit einem sozialen Reflex auf Besitz und Reichtum.", "ort": "Ausstellungsraum (Kunstausstellung, Paris)", "valenz": 0, "intensitaet": 1, "gewichtete_valenz": 0, "f_wert": "ort_loest_emotion_aus", "f_emotion": "soziales Begehren, Neid auf Reichtum", "raum_emotion": {"ort": "Ausstellungsraum", "emotion": "soziales Begehren, Neid auf Reichtum", "richtung": "ort_loest_emotion_aus"}, "route": null}}, {"type": "Feature", "geometry": {"type": "Point", "coordinates": [2.3522, 48.8566]}, "properties": {"id": 84, "zeile": 13, "tags": ["koerper_als_akteur", "space", "social"], "perspektive": "erzaehler", "text": "Aber die Menge drängte sich um ihn und stieß ihn, um sehen zu können.", "notiz": "Der Erzähler beschreibt die physische Bedrängnis der Menge um Duroy herum von aussen.", "ort": "Ausstellungsraum (Kunstausstellung, Paris)", "valenz": null, "intensitaet": 2, "gewichtete_valenz": null, "f_wert": null, "f_emotion": null, "raum_emotion": null, "route": null}}, {"type": "Feature", "geometry": {"type": "Point", "coordinates": [2.3077, 48.8796]}, "properties": {"id": 85, "zeile": 14, "tags": ["george_duroy", "move", "koerper_als_akteur"], "perspektive": "figur", "text": "Er ging weiter, ohne die Hand Suzannes, die auf seinem Arm ruhte und die er leicht an sich preßte, l", "notiz": "Duroy bewegt sich durch den Ausstellungsraum und hält Suzannes Hand — physische Nähe als bewusste Handlung.", "ort": "Ausstellungsraum (Kunstausstellung, Paris)", "valenz": null, "intensitaet": null, "gewichtete_valenz": null, "f_wert": null, "f_emotion": null, "raum_emotion": null, "route": null}}, {"type": "Feature", "geometry": {"type": "Point", "coordinates": [2.3077, 48.8796]}, "properties": {"id": 86, "zeile": 16, "tags": ["george_duroy", "move", "space"], "perspektive": "figur", "text": "sie schritten langsam durch alle Räume.", "notiz": "Duroy und Suzanne bewegen sich gemeinsam durch die Räume der Ausstellung.", "ort": "Ausstellungsraum (Kunstausstellung, Paris)", "valenz": null, "intensitaet": null, "gewichtete_valenz": null, "f_wert": null, "f_emotion": null, "raum_emotion": null, "route": null}}, {"type": "Feature", "geometry": {"type": "Point", "coordinates": [2.3522, 48.8566]}, "properties": {"id": 87, "zeile": 17, "tags": ["atmosphere", "social", "sound", "space"], "perspektive": "erzaehler", "text": "Die Menge schwoll mehr und mehr an. Diese elegante, unbekümmerte, lärmende Menge, wie sie bei allen ", "notiz": "Der Erzähler beschreibt das Anwachsen der eleganten, lärmenden Festgesellschaft als atmosphärische Kulisse.", "ort": "Ausstellungsraum (Kunstausstellung, Paris)", "valenz": null, "intensitaet": 2, "gewichtete_valenz": null, "f_wert": "ort_loest_emotion_aus", "f_emotion": "Lärm, Unbekümmertheit, gesellschaftliche Leichtigkeit", "raum_emotion": {"ort": "Ausstellungsraum", "emotion": "Lärm, Unbekümmertheit, gesellschaftliche Leichtigkeit", "richtung": "ort_loest_emotion_aus"}, "route": null}}, {"type": "Feature", "geometry": {"type": "Point", "coordinates": [2.3522, 48.8566]}, "properties": {"id": 88, "zeile": 19, "tags": ["george_duroy", "sound", "mood"], "perspektive": "figur", "text": "Plötzlich glaubte Du Roy zu hören, wie eine Stimme sagte: »Das ist Laroche und Madame Du Roy.« Diese", "notiz": "Duroy nimmt aus der Menge einen Satz wahr, der seinen Namen und den seiner Frau enthält — ein auditiver Schock im Gedränge.", "ort": "Ausstellungsraum (Kunstausstellung, Paris)", "valenz": -1, "intensitaet": 2, "gewichtete_valenz": -2, "f_wert": "ort_loest_emotion_aus", "f_emotion": "Schrecken, Desorientierung", "raum_emotion": {"ort": "Ausstellungsraum", "emotion": "Schrecken, Desorientierung", "richtung": "ort_loest_emotion_aus"}, "route": null}}, {"type": "Feature", "geometry": {"type": "Point", "coordinates": [2.3522, 48.8566]}, "properties": {"id": 89, "zeile": 21, "tags": ["george_duroy", "mood", "space"], "perspektive": "figur", "text": "Woher kamen sie? Er sah sich nach allen Seiten um und erblickte in der Tat seine Frau, die am Arm de", "notiz": "Duroy sucht desorientiert nach der Quelle der Stimme und entdeckt seine Frau mit dem Minister — räumliche Wahrnehmung als emotionaler Schock.", "ort": "Ausstellungsraum (Kunstausstellung, Paris)", "valenz": -1, "intensitaet": 2, "gewichtete_valenz": -2, "f_wert": "ort_loest_emotion_aus", "f_emotion": "Schock, Eifersucht", "raum_emotion": {"ort": "Ausstellungsraum", "emotion": "Schock, Eifersucht", "richtung": "ort_loest_emotion_aus"}, "route": null}}, {"type": "Feature", "geometry": {"type": "Point", "coordinates": [2.3522, 48.8566]}, "properties": {"id": 90, "zeile": 23, "tags": ["george_duroy", "mood", "koerper_als_akteur", "social"], "perspektive": "figur", "text": "Er glaubte zu bemerken, daß man bei ihrem Anblick sich etwas zuflüsterte, er empfand das brutale und", "notiz": "Duroy spürt die soziale Beschämung durch das Getuschel der Menge und reagiert mit einem impulsiven, körperlich-aggressiven Verlangen.", "ort": "Ausstellungsraum (Kunstausstellung, Paris)", "valenz": -1, "intensitaet": 3, "gewichtete_valenz": -3, "f_wert": "ort_loest_emotion_aus", "f_emotion": "Wut, Eifersucht, soziale Scham", "raum_emotion": {"ort": "Ausstellungsraum", "emotion": "Wut, Eifersucht, soziale Scham", "richtung": "ort_loest_emotion_aus"}, "route": null}}, {"type": "Feature", "geometry": {"type": "Point", "coordinates": [2.3522, 48.8566]}, "properties": {"id": 91, "zeile": 1, "tags": ["george_duroy", "mood", "social"], "perspektive": "figur", "text": "Sie machte ihn lächerlich; er dachte an Forestier. Vielleicht sagt man schon: »Dieser betrogene Ehem", "notiz": "Duroy fühlt sich durch seine Frau blamiert und denkt an seinen Vorgänger Forestier — inneres Erleben von Scham und sozialem Statusverlust.", "ort": "unbestimmt", "valenz": -1, "intensitaet": 2, "gewichtete_valenz": -2, "f_wert": null, "f_emotion": null, "raum_emotion": null, "route": null}}, {"type": "Feature", "geometry": {"type": "Point", "coordinates": [2.3522, 48.8566]}, "properties": {"id": 92, "zeile": 2, "tags": ["george_duroy", "mood", "social"], "perspektive": "figur", "text": "Wer war sie denn eigentlich? Eine kleine Frau dunkler Herkunft, ziemlich geschickt emporgekommen, ab", "notiz": "Duroy wertet seine Frau innerlich ab und grübelt über das gesellschaftliche Ansehen der Ehe — inneres Selbstmitleid und Statusdenken.", "ort": "unbestimmt", "valenz": -1, "intensitaet": 2, "gewichtete_valenz": -2, "f_wert": null, "f_emotion": null, "raum_emotion": null, "route": null}}, {"type": "Feature", "geometry": {"type": "Point", "coordinates": [2.3522, 48.8566]}, "properties": {"id": 93, "zeile": 3, "tags": ["george_duroy", "mood", "social", "koerper_als_akteur"], "perspektive": "figur", "text": "Mit dieser Frau könnte er es nie weit bringen, die sein Haus stets verdächtig erscheinen ließ, sie k", "notiz": "Duroy erlebt seine Frau als Last, die seinen Aufstieg hemmt — die Metapher des Gewichts am Fuß verknüpft sozialen Druck mit körperlichem Erleben.", "ort": "unbestimmt", "valenz": -1, "intensitaet": 2, "gewichtete_valenz": -2, "f_wert": null, "f_emotion": null, "raum_emotion": null, "route": null}}, {"type": "Feature", "geometry": {"type": "Point", "coordinates": [2.3522, 48.8566]}, "properties": {"id": 94, "zeile": 4, "tags": ["george_duroy", "mood", "social"], "perspektive": "figur", "text": "Ach, wenn er geahnt hätte, wenn er es im voraus gewußt: hätte! Dann würde er ein etwas kühneres und ", "notiz": "Duroy phantasiert über eine verpasste Chance mit Suzanne Walter — innere Reue und Kalkulation über eine bessere Heiratsstrategie.", "ort": "unbestimmt", "valenz": -1, "intensitaet": 2, "gewichtete_valenz": -2, "f_wert": null, "f_emotion": null, "raum_emotion": null, "route": null}}, {"type": "Feature", "geometry": {"type": "Point", "coordinates": [2.3522, 48.8566]}, "properties": {"id": 95, "zeile": 5, "tags": ["george_duroy", "mood", "social"], "perspektive": "figur", "text": "Oh, was er für eine schöne Partie gewinnen könnte, wenn er auf Suzanne gesetzt hätte!", "notiz": "Duroy stellt sich Suzanne als ideale Partie vor — persönliche Sehnsucht nach sozialem Aufstieg durch Heirat.", "ort": "unbestimmt", "valenz": 1, "intensitaet": 2, "gewichtete_valenz": 2, "f_wert": null, "f_emotion": null, "raum_emotion": null, "route": null}}, {"type": "Feature", "geometry": {"type": "Point", "coordinates": [2.3522, 48.8566]}, "properties": {"id": 96, "zeile": 6, "tags": ["location", "space", "material"], "perspektive": "erzaehler", "text": "Sie kamen jetzt in den Speisesaal. Es war eine riesige Halle mit Marmorwänden. An den Wänden hingen ", "notiz": "Erzähler beschreibt den prunkvollen Speisesaal des Hauses Walter mit Marmor und Gobelins als repräsentativen Gesellschaftsraum.", "ort": "Speisesaal im Hause Walter, Paris", "valenz": null, "intensitaet": 2, "gewichtete_valenz": null, "f_wert": null, "f_emotion": null, "raum_emotion": null, "route": null}}, {"type": "Feature", "geometry": {"type": "Point", "coordinates": [2.3522, 48.8566]}, "properties": {"id": 97, "zeile": 7, "tags": ["atmosphere"], "perspektive": "erzaehler", "text": "Walter erblickte seinen Redakteur und stürzte auf ihn zu, um ihm die Hände zu drücken. Er war beraus", "notiz": "Erzähler schildert Walters überschwängliche Begrüßung Duroys von aussen — Festfreude als gesellschaftliche Kulisse.", "ort": "Speisesaal im Hause Walter, Paris", "valenz": 1, "intensitaet": 2, "gewichtete_valenz": 2, "f_wert": null, "f_emotion": null, "raum_emotion": null, "route": null}}, {"type": "Feature", "geometry": {"type": "Point", "coordinates": [2.3522, 48.8566]}, "properties": {"id": 98, "zeile": 8, "tags": ["social", "atmosphere"], "perspektive": "erzaehler", "text": "Dann wandte er sich zum Senator Rissolin, der seine stumpfsinnig aussehende Frau mit sich schleppte;", "notiz": "Erzähler beschreibt das Paar Rissolin von aussen — sozialer Schein und gesellschaftliches Auftreten als Zeitbild der Dritten Republik.", "ort": "Speisesaal im Hause Walter, Paris", "valenz": -1, "intensitaet": 1, "gewichtete_valenz": -1, "f_wert": null, "f_emotion": null, "raum_emotion": null, "route": null}}, {"type": "Feature", "geometry": {"type": "Point", "coordinates": [2.3522, 48.8566]}, "properties": {"id": 99, "zeile": 9, "tags": ["social", "atmosphere"], "perspektive": "erzaehler", "text": "Ein Herr grüßte Suzanne, ein hochgewachsener, schlanker, junger Mann mit blondem Backenbart, etwas k", "notiz": "Erzähler stellt den Marquis de Cazolles durch äussere Beschreibung als aristokratischen Gesellschaftstyp vor.", "ort": "Speisesaal im Hause Walter, Paris", "valenz": null, "intensitaet": 1, "gewichtete_valenz": null, "f_wert": null, "f_emotion": null, "raum_emotion": null, "route": null}}, {"type": "Feature", "geometry": {"type": "Point", "coordinates": [2.3522, 48.8566]}, "properties": {"id": 100, "zeile": 10, "tags": ["george_duroy", "mood"], "perspektive": "figur", "text": "Georges hörte seinen Namen nennen: Marquis de Cazolles; und er fühlte plötzlich, wie er auf diesen M", "notiz": "Duroy nimmt den Marquis wahr und empfindet sofortige Eifersucht — emotionale Reaktion auf einen vermeintlichen Rivalen.", "ort": "Speisesaal im Hause Walter, Paris", "valenz": -1, "intensitaet": 2, "gewichtete_valenz": -2, "f_wert": "ort_loest_emotion_aus", "f_emotion": "Eifersucht", "raum_emotion": {"ort": "Speisesaal im Hause Walter", "emotion": "Eifersucht", "richtung": "ort_loest_emotion_aus"}, "route": null}}, {"type": "Feature", "geometry": {"type": "Point", "coordinates": [2.3522, 48.8566]}, "properties": {"id": 101, "zeile": 11, "tags": ["george_duroy", "mood", "social"], "perspektive": "figur", "text": "Seit wann kannte sie ihn? Wahrscheinlich, seitdem sie so reich war? Er vermutete einen Nebenbuhler.", "notiz": "Duroy denkt über die Verbindung zwischen Suzannes Reichtum und dem Marquis nach — Eifersucht vermischt mit sozialem Kalkül.", "ort": "Speisesaal im Hause Walter, Paris", "valenz": -1, "intensitaet": 2, "gewichtete_valenz": -2, "f_wert": null, "f_emotion": null, "raum_emotion": null, "route": null}}, {"type": "Feature", "geometry": {"type": "Point", "coordinates": [2.3522, 48.8566]}, "properties": {"id": 102, "zeile": 1, "tags": ["space", "social"], "perspektive": "erzaehler", "text": "Der alte Dichter wanderte mit seinem fettigen Haar in seinem alten Frack durch die großen Räume umhe", "notiz": "Maupassant beschreibt den alten Dichter und die großen Räume des Festes von außen — sozialer Kontrast zwischen schäbiger Erscheinung und prächtigem Raum.", "ort": "Festsaal (großes Empfangszimmer, Ort nicht spezifiziert)", "valenz": null, "intensitaet": 1, "gewichtete_valenz": null, "f_wert": null, "f_emotion": null, "raum_emotion": null, "route": null}}, {"type": "Feature", "geometry": {"type": "Point", "coordinates": [2.3077, 48.8796]}, "properties": {"id": 103, "zeile": 5, "tags": ["george_duroy", "move", "mood"], "perspektive": "erzaehler", "text": "Georges hörte ihm nicht mehr zu. Er suchte Suzanne, die eben mit dem Marquis de Cazolles verschwunde", "notiz": "Duroy bricht das Gespräch ab und beginnt Suzanne zu verfolgen — seine innere Unruhe und Zielgerichtetheit werden sichtbar.", "ort": "Festsaal (Empfangsräume, Ort nicht spezifiziert)", "valenz": null, "intensitaet": null, "gewichtete_valenz": null, "f_wert": "ort_loest_emotion_aus", "f_emotion": "Ungeduld, Begehren", "raum_emotion": {"ort": "Festsaal", "emotion": "Ungeduld, Begehren", "richtung": "ort_loest_emotion_aus"}, "route": null}}, {"type": "Feature", "geometry": {"type": "Point", "coordinates": [2.3522, 48.8566]}, "properties": {"id": 104, "zeile": 7, "tags": ["space", "koerper_als_akteur"], "perspektive": "erzaehler", "text": "Eine dichte Menge, die das Büfett umlagerte, hielt ihn auf.", "notiz": "Die dichte Menge blockiert Duroys Weg — der Raum wird zur physischen Barriere.", "ort": "Büfett im Festsaal", "valenz": -1, "intensitaet": 1, "gewichtete_valenz": -1, "f_wert": "ort_loest_emotion_aus", "f_emotion": "Behinderung, Drängen", "raum_emotion": {"ort": "Büfett", "emotion": "Behinderung, Drängen", "richtung": "ort_loest_emotion_aus"}, "route": null}}, {"type": "Feature", "geometry": {"type": "Point", "coordinates": [2.3077, 48.8796]}, "properties": {"id": 105, "zeile": 7, "tags": ["george_duroy", "move", "koerper_als_akteur"], "perspektive": "figur", "text": "Als er sich durchgedrängt hatte, stieß er auf das Ehepaar de Marelle.", "notiz": "Duroy kämpft sich durch die Menge und trifft das Ehepaar de Marelle — körperliche Handlung im überfüllten Raum.", "ort": "Festsaal (Nähe Büfett)", "valenz": null, "intensitaet": null, "gewichtete_valenz": null, "f_wert": "ort_loest_emotion_aus", "f_emotion": "Überraschung, Begegnung", "raum_emotion": {"ort": "Festsaal", "emotion": "Überraschung, Begegnung", "richtung": "ort_loest_emotion_aus"}, "route": null}}, {"type": "Feature", "geometry": {"type": "Point", "coordinates": [2.3522, 48.8566]}, "properties": {"id": 106, "zeile": 9, "tags": ["george_duroy", "social", "time"], "perspektive": "figur", "text": "Er traf sich regelmäßig mit der Frau, aber den Mann hatte er seit längerer Zeit nicht gesehen.", "notiz": "Duroy reflektiert innerlich seine verdeckte Beziehung zu Clotilde und das Ausbleiben des Ehemannes — sozialer Subtext.", "ort": "Festsaal", "valenz": null, "intensitaet": null, "gewichtete_valenz": null, "f_wert": null, "f_emotion": null, "raum_emotion": null, "route": null}}, {"type": "Feature", "geometry": {"type": "Point", "coordinates": [2.3522, 48.8566]}, "properties": {"id": 107, "zeile": 14, "tags": ["social", "space"], "perspektive": "erzaehler", "text": "Die Männer, die herumstanden, drehten sich um und blickten der hübschen, eleganten Brünette nach.", "notiz": "Maupassant beschreibt von außen die soziale Aufmerksamkeit der umstehenden Männer für Clotilde de Marelle.", "ort": "Festsaal", "valenz": null, "intensitaet": 2, "gewichtete_valenz": null, "f_wert": null, "f_emotion": null, "raum_emotion": null, "route": null}}, {"type": "Feature", "geometry": {"type": "Point", "coordinates": [2.3077, 48.8796]}, "properties": {"id": 108, "zeile": 19, "tags": ["move", "space", "social"], "perspektive": "erzaehler", "text": "Die beiden jungen Leute mischten sich unter die Menge, und der Ehemann folgte ihnen.", "notiz": "Maupassant beschreibt von außen das Untertauchen Duroys und Clotildes in der Menge — der Ehemann als beobachtende Figur im Hintergrund.", "ort": "Festsaal (Empfangsräume)", "valenz": null, "intensitaet": 1, "gewichtete_valenz": null, "f_wert": "emotion_faerbt_raum", "f_emotion": "soziale Verstellung, Heimlichkeit", "raum_emotion": {"ort": "Festsaal", "emotion": "soziale Verstellung, Heimlichkeit", "richtung": "emotion_faerbt_raum"}, "route": null}}, {"type": "Feature", "geometry": {"type": "Point", "coordinates": [2.3522, 48.8566]}, "properties": {"id": 109, "zeile": 1, "tags": ["george_duroy", "mood"], "perspektive": "figur", "text": "Er sagte nichts. Es ärgerte ihn, seine eigenen Gedanken von einem anderen aussprechen zu hören.", "notiz": "Duroy empfindet Ärger darüber, dass Clotilde seine eigenen Überlegungen zu Suzannes Mitgift laut ausspricht.", "ort": "Empfang bei den Walters (Innenraum)", "valenz": null, "intensitaet": null, "gewichtete_valenz": null, "f_wert": null, "f_emotion": null, "raum_emotion": null, "route": null}}, {"type": "Feature", "geometry": {"type": "Point", "coordinates": [2.3077, 48.8796]}, "properties": {"id": 110, "zeile": 2, "tags": ["george_duroy", "move"], "perspektive": "figur", "text": "Sie hatte das Gemälde noch nicht gesehen. Er schlug ihr vor, sie dort hinzuführen.", "notiz": "Duroy bewegt sich mit Clotilde durch den Raum, um ihr das Gemälde zu zeigen.", "ort": "Empfang bei den Walters (Innenraum)", "valenz": null, "intensitaet": null, "gewichtete_valenz": null, "f_wert": null, "f_emotion": null, "raum_emotion": null, "route": null}}, {"type": "Feature", "geometry": {"type": "Point", "coordinates": [2.3522, 48.8566]}, "properties": {"id": 111, "zeile": 3, "tags": ["george_duroy", "mood"], "perspektive": "figur", "text": "Sie fanden Vergnügen daran, Bosheiten über die Leute zu sagen und sich über unbekannte Gesichter lus", "notiz": "Duroy und Clotilde erleben gemeinsam boshafte Freude auf dem Empfang.", "ort": "Empfang bei den Walters (Innenraum)", "valenz": null, "intensitaet": null, "gewichtete_valenz": null, "f_wert": null, "f_emotion": null, "raum_emotion": null, "route": null}}, {"type": "Feature", "geometry": {"type": "Point", "coordinates": [2.3522, 48.8566]}, "properties": {"id": 112, "zeile": 4, "tags": ["social"], "perspektive": "erzaehler", "text": "Saint-Potin kam an ihnen vorüber; sein Frack war dicht mit Orden besteckt, was sie sehr belustigte. ", "notiz": "Maupassant beschreibt von aussen die gesellschaftliche Dekoration der Gäste als sozialen Marker.", "ort": "Empfang bei den Walters (Innenraum)", "valenz": null, "intensitaet": 2, "gewichtete_valenz": null, "f_wert": null, "f_emotion": null, "raum_emotion": null, "route": null}}, {"type": "Feature", "geometry": {"type": "Point", "coordinates": [2.3522, 48.8566]}, "properties": {"id": 113, "zeile": 5, "tags": ["george_duroy", "social"], "perspektive": "figur", "text": "Du Roy erklärte: »Was für eine buntgemischte Gesellschaft.«", "notiz": "Duroy bewertet aus seiner Perspektive die soziale Zusammensetzung der Gesellschaft abfällig.", "ort": "Empfang bei den Walters (Innenraum)", "valenz": null, "intensitaet": null, "gewichtete_valenz": null, "f_wert": null, "f_emotion": null, "raum_emotion": null, "route": null}}, {"type": "Feature", "geometry": {"type": "Point", "coordinates": [2.3522, 48.8566]}, "properties": {"id": 114, "zeile": 6, "tags": ["social", "material"], "perspektive": "erzaehler", "text": "Boisrenard, der ihm die Hand schüttelte, hatte auch sein Knopfloch mit dem grüngelben Bändchen gesch", "notiz": "Maupassant beschreibt von aussen Boisrenards Ordensband als sozialen Marker und Verweis auf einen früheren Anlass.", "ort": "Empfang bei den Walters (Innenraum)", "valenz": null, "intensitaet": 1, "gewichtete_valenz": null, "f_wert": null, "f_emotion": null, "raum_emotion": null, "route": null}}, {"type": "Feature", "geometry": {"type": "Point", "coordinates": [2.3522, 48.8566]}, "properties": {"id": 115, "zeile": 7, "tags": ["location", "social", "space"], "perspektive": "erzaehler", "text": "Die Vicomtesse de Percemur, ungeheuer auffallend gekleidet, unterhielt sich mit einem Herzog in dem ", "notiz": "Maupassant beschreibt von aussen einen konkreten Raum (Louis-XVI-Boudoir) und die soziale Szenerie darin.", "ort": "Louis-XVI-Boudoir im Hause Walter", "valenz": null, "intensitaet": 2, "gewichtete_valenz": null, "f_wert": null, "f_emotion": null, "raum_emotion": null, "route": null}}, {"type": "Feature", "geometry": {"type": "Point", "coordinates": [2.3077, 48.8796]}, "properties": {"id": 116, "zeile": 8, "tags": ["george_duroy", "move", "space", "mood"], "perspektive": "figur", "text": "»Ein galantes tête-à-tête«, sagte Georges leise; als er durch den Wintergarten ging, sah er seine Fr", "notiz": "Duroy durchquert den Wintergarten und nimmt dabei die verdächtige Situation seiner Frau mit Laroche-Mathieu wahr.", "ort": "Wintergarten im Hause Walter", "valenz": null, "intensitaet": null, "gewichtete_valenz": null, "f_wert": "ort_loest_emotion_aus", "f_emotion": "stille Feindseligkeit, Eifersucht", "raum_emotion": {"ort": "Wintergarten", "emotion": "stille Feindseligkeit, Eifersucht", "richtung": "ort_loest_emotion_aus"}, "route": null}}, {"type": "Feature", "geometry": {"type": "Point", "coordinates": [2.3522, 48.8566]}, "properties": {"id": 117, "zeile": 9, "tags": ["social", "atmosphere"], "perspektive": "erzaehler", "text": "Sie schienen zu sagen: »Wir haben uns hier ein Rendezvous gegeben, ein öffentliches Rendezvous. Und ", "notiz": "Maupassant beschreibt von aussen die provokative soziale Haltung des Paares im öffentlichen Rahmen.", "ort": "Wintergarten im Hause Walter", "valenz": null, "intensitaet": 2, "gewichtete_valenz": null, "f_wert": null, "f_emotion": null, "raum_emotion": null, "route": null}}, {"type": "Feature", "geometry": {"type": "Point", "coordinates": [2.3077, 48.8796]}, "properties": {"id": 118, "zeile": 10, "tags": ["george_duroy", "move"], "perspektive": "figur", "text": "Madame de Marelle fand den »Jesus« von Markowitsch überraschend schön, und sie ging wieder zurück.", "notiz": "Duroy und Clotilde kehren nach der Betrachtung des Gemäldes wieder zurück — Bewegung im Raum.", "ort": "Empfang bei den Walters (Galerieraum)", "valenz": null, "intensitaet": null, "gewichtete_valenz": null, "f_wert": null, "f_emotion": null, "raum_emotion": null, "route": null}}, {"type": "Feature", "geometry": {"type": "Point", "coordinates": [2.3522, 48.8566]}, "properties": {"id": 119, "zeile": 11, "tags": ["george_duroy", "mood"], "perspektive": "figur", "text": "Er antwortete nicht. Aber diese plötzliche Feindseligkeit des kleinen Mädchens bedrückte ihn und sti", "notiz": "Duroy empfindet Bedrücktheit und Trauer über Laurines anhaltende Feindseligkeit ihm gegenüber.", "ort": "Empfang bei den Walters (Innenraum)", "valenz": null, "intensitaet": null, "gewichtete_valenz": null, "f_wert": null, "f_emotion": null, "raum_emotion": null, "route": null}}, {"type": "Feature", "geometry": {"type": "Point", "coordinates": [2.3522, 48.8566]}, "properties": {"id": 120, "zeile": 1, "tags": ["space", "social"], "perspektive": "erzaehler", "text": "Sie glitten durch das dichte Menschengewühl und verschwanden in der Menge.", "notiz": "Der Erzähler beschreibt das dichte Gedränge im Festsaal als sozialen Raum aus der Aussenperspektive.", "ort": "Festsaal im Haus Walter (Innenraum, Paris)", "valenz": null, "intensitaet": 2, "gewichtete_valenz": null, "f_wert": null, "f_emotion": null, "raum_emotion": null, "route": null}}, {"type": "Feature", "geometry": {"type": "Point", "coordinates": [2.3522, 48.8566]}, "properties": {"id": 121, "zeile": 2, "tags": ["george_duroy", "mood"], "perspektive": "figur", "text": "Er antwortete hochmütig: »Meinetwegen. Ich werde in zehn Minuten an dem verabredeten Ort sein.«", "notiz": "Duroy reagiert hochmütig und selbstbewusst auf Frau Walters Forderung — sein innerer Zustand der Überlegenheit zeigt sich in Haltung und Worten.", "ort": "Festsaal im Haus Walter (Innenraum, Paris)", "valenz": 1, "intensitaet": 2, "gewichtete_valenz": 2, "f_wert": null, "f_emotion": null, "raum_emotion": null, "route": null}}, {"type": "Feature", "geometry": {"type": "Point", "coordinates": [2.3522, 48.8566]}, "properties": {"id": 122, "zeile": 3, "tags": ["koerper_als_akteur"], "perspektive": "erzaehler", "text": "Dann trennten sie sich, doch Jacques Rival hielt ihn auf, so daß er beinahe zu spät gekommen wäre. E", "notiz": "Der Erzähler beschreibt von aussen, wie Rival Duroy körperlich festhält und aufhält.", "ort": "Festsaal im Haus Walter (Innenraum, Paris)", "valenz": 0, "intensitaet": 1, "gewichtete_valenz": 0, "f_wert": null, "f_emotion": null, "raum_emotion": null, "route": null}}, {"type": "Feature", "geometry": {"type": "Point", "coordinates": [2.3522, 48.8566]}, "properties": {"id": 123, "zeile": 4, "tags": ["george_duroy", "mood", "social"], "perspektive": "figur", "text": "Er mußte noch aufpassen, daß er nicht von seiner Frau und Laroche gesehen würde.", "notiz": "Duroy erlebt innerlich Anspannung und Vorsicht — er muss sich verstecken, um seine geheime Verabredung zu schützen.", "ort": "Festsaal im Haus Walter (Innenraum, Paris)", "valenz": -1, "intensitaet": 2, "gewichtete_valenz": -2, "f_wert": "ort_loest_emotion_aus", "f_emotion": "Anspannung, Vorsicht", "raum_emotion": {"ort": "Festsaal", "emotion": "Anspannung, Vorsicht", "richtung": "ort_loest_emotion_aus"}, "route": null}}, {"type": "Feature", "geometry": {"type": "Point", "coordinates": [2.3077, 48.8796]}, "properties": {"id": 124, "zeile": 5, "tags": ["location", "move"], "perspektive": "erzaehler", "text": "Dieses gelang ihm, denn die beiden schienen sehr animiert zu sein, und endlich war er im Garten.", "notiz": "Der Erzähler beschreibt neutral Duroys Bewegung in den Garten als Ortsveränderung.", "ort": "Garten im Haus Walter, Paris", "valenz": null, "intensitaet": 1, "gewichtete_valenz": null, "f_wert": null, "f_emotion": null, "raum_emotion": null, "route": null}}, {"type": "Feature", "geometry": {"type": "Point", "coordinates": [2.3522, 48.8566]}, "properties": {"id": 125, "zeile": 6, "tags": ["george_duroy", "weather", "mood", "koerper_als_sensor"], "perspektive": "figur", "text": "Die kalte Luft durchschauerte ihn wie ein eiskaltes Bad. »O Gott,« dachte er, »ich werde mich hier n", "notiz": "Duroy spürt die Kälte körperlich und reagiert mit einem Gedanken der Besorgnis — Wetter als sensorisches Erlebnis.", "ort": "Garten im Haus Walter, Paris", "valenz": -1, "intensitaet": 2, "gewichtete_valenz": -2, "f_wert": "koerper_als_sensor", "f_emotion": "Schauder, Besorgnis", "raum_emotion": {"ort": "Garten", "emotion": "Schauder, Besorgnis", "richtung": "koerper_als_sensor"}, "route": null}}, {"type": "Feature", "geometry": {"type": "Point", "coordinates": [2.3077, 48.8796]}, "properties": {"id": 126, "zeile": 7, "tags": ["george_duroy", "move", "koerper_als_akteur"], "perspektive": "figur", "text": "Er legte sich sein Taschentuch wie eine Krawatte um den Hals und ging langsamen Schrittes die Allee ", "notiz": "Duroy reagiert auf die Kälte mit einer körperlichen Handlung und bewegt sich langsam durch den Garten.", "ort": "Gartenallee im Haus Walter, Paris", "valenz": null, "intensitaet": null, "gewichtete_valenz": null, "f_wert": null, "f_emotion": null, "raum_emotion": null, "route": null}}, {"type": "Feature", "geometry": {"type": "Point", "coordinates": [2.3522, 48.8566]}, "properties": {"id": 127, "zeile": 8, "tags": ["george_duroy", "space", "atmosphere"], "perspektive": "figur", "text": "Er sah schlecht nach der hellen Beleuchtung der Säle und konnte in der Dunkelheit kaum den Weg finde", "notiz": "Duroy erlebt den dunklen Garten als desorientierenden Raum — der Kontrast zur Helligkeit der Festsäle beeinträchtigt seine Wahrnehmung.", "ort": "Gartenallee im Haus Walter, Paris", "valenz": -1, "intensitaet": 2, "gewichtete_valenz": -2, "f_wert": "ort_loest_emotion_aus", "f_emotion": "Desorientierung, Unsicherheit", "raum_emotion": {"ort": "Gartenallee", "emotion": "Desorientierung, Unsicherheit", "richtung": "ort_loest_emotion_aus"}, "route": null}}, {"type": "Feature", "geometry": {"type": "Point", "coordinates": [2.3522, 48.8566]}, "properties": {"id": 128, "zeile": 1, "tags": ["george_duroy", "space", "weather"], "perspektive": "figur", "text": "Rechts und links unterschied er allmählich das kahle Gebüsch, dessen Zweige von der Kälte zu zittern", "notiz": "Duroy nimmt den winterlichen Garten mit kahlem Gebüsch wahr — sensorische Raumwahrnehmung aus seiner Perspektive.", "ort": "Garten eines Schlosses (nicht Paris, vermutlich Landsitz)", "valenz": -1, "intensitaet": 1, "gewichtete_valenz": -1, "f_wert": "ort_loest_emotion_aus", "f_emotion": "Kälte, Unheimlichkeit", "raum_emotion": {"ort": "Schlossgarten bei Nacht", "emotion": "Kälte, Unheimlichkeit", "richtung": "ort_loest_emotion_aus"}, "route": null}}, {"type": "Feature", "geometry": {"type": "Point", "coordinates": [2.3522, 48.8566]}, "properties": {"id": 129, "zeile": 1, "tags": ["space", "atmosphere", "location"], "perspektive": "erzaehler", "text": "Ein grauer Lichtschimmer fiel aus den Fenstern des Schlosses auf den entlaubten Garten.", "notiz": "Maupassant beschreibt atmosphärisch das Schloss und den winterlichen Garten von aussen als Kulisse.", "ort": "Schlossgarten (Landsitz, nicht Paris)", "valenz": null, "intensitaet": 2, "gewichtete_valenz": null, "f_wert": "ort_loest_emotion_aus", "f_emotion": "Kälte, Düsterheit", "raum_emotion": {"ort": "Schlossgarten", "emotion": "Kälte, Düsterheit", "richtung": "ort_loest_emotion_aus"}, "route": null}}, {"type": "Feature", "geometry": {"type": "Point", "coordinates": [2.3522, 48.8566]}, "properties": {"id": 130, "zeile": 2, "tags": ["george_duroy", "space"], "perspektive": "figur", "text": "Er sah vor sich, mitten auf dem Wege, etwas Weißes; Frau Walter stand da mit nacktem Halse und nackt", "notiz": "Duroy nimmt Frau Walter im Garten wahr — visuelle Wahrnehmung aus seiner Perspektive.", "ort": "Schlossgarten (Landsitz)", "valenz": 0, "intensitaet": 1, "gewichtete_valenz": 0, "f_wert": null, "f_emotion": null, "raum_emotion": null, "route": null}}, {"type": "Feature", "geometry": {"type": "Point", "coordinates": [2.3522, 48.8566]}, "properties": {"id": 131, "zeile": 3, "tags": ["george_duroy", "mood"], "perspektive": "figur", "text": "Er erwiderte ruhig: »Ich bitte dich, ohne Szenen, oder ich gehe sofort weg.«", "notiz": "Duroys innere Kälte und Kontrolle zeigen sich in seiner ruhigen, distanzierten Reaktion.", "ort": "Schlossgarten (Landsitz)", "valenz": -1, "intensitaet": 2, "gewichtete_valenz": -2, "f_wert": null, "f_emotion": null, "raum_emotion": null, "route": null}}, {"type": "Feature", "geometry": {"type": "Point", "coordinates": [2.3522, 48.8566]}, "properties": {"id": 132, "zeile": 4, "tags": ["george_duroy", "social", "mood"], "perspektive": "figur", "text": "Er versuchte sie zurückzustoßen: »Das letztemal, als wir zusammen waren, hast du deine Haare an mein", "notiz": "Duroy versucht sich zu entziehen und nennt soziale Konsequenzen als Argument — inneres Kalkül und soziale Kontrolle.", "ort": "Schlossgarten (Landsitz)", "valenz": -1, "intensitaet": 2, "gewichtete_valenz": -2, "f_wert": null, "f_emotion": null, "raum_emotion": null, "route": null}}, {"type": "Feature", "geometry": {"type": "Point", "coordinates": [2.3522, 48.8566]}, "properties": {"id": 133, "zeile": 5, "tags": ["george_duroy", "mood"], "perspektive": "figur", "text": "Er sah sie erstaunt an.", "notiz": "Duroy reagiert mit Erstaunen auf Frau Walters leidenschaftliche Liebeserklärung — sein Gefühlszustand wird kurz sichtbar.", "ort": "Schlossgarten (Landsitz)", "valenz": 0, "intensitaet": 1, "gewichtete_valenz": 0, "f_wert": null, "f_emotion": null, "raum_emotion": null, "route": null}}, {"type": "Feature", "geometry": {"type": "Point", "coordinates": [2.3522, 48.8566]}, "properties": {"id": 134, "zeile": 1, "tags": ["atmosphere", "social"], "perspektive": "erzaehler", "text": "Es war nicht das dicke, halbverrückte Schulmädchen von vorhin, es war eine Frau, die kopflos und ver", "notiz": "Maupassant charakterisiert die Frau von aussen als emotional unkontrolliert und gefährlich.", "ort": "unbekannt", "valenz": null, "intensitaet": 2, "gewichtete_valenz": null, "f_wert": null, "f_emotion": null, "raum_emotion": null, "route": null}}, {"type": "Feature", "geometry": {"type": "Point", "coordinates": [2.3522, 48.8566]}, "properties": {"id": 135, "zeile": 2, "tags": ["george_duroy", "mood"], "perspektive": "figur", "text": "Ein unbestimmter Plan entwickelte sich inzwischen in seinem Hirn.", "notiz": "Duroy entwickelt innerlich eine strategische Absicht — sein Innenleben wird sichtbar.", "ort": "unbekannt", "valenz": 0, "intensitaet": 2, "gewichtete_valenz": 0, "f_wert": null, "f_emotion": null, "raum_emotion": null, "route": null}}, {"type": "Feature", "geometry": {"type": "Point", "coordinates": [2.3522, 48.8566]}, "properties": {"id": 136, "zeile": 8, "tags": ["material", "koerper_als_akteur"], "perspektive": "erzaehler", "text": "Sie legte ihre beiden nackten Arme auf Georges Frack und flüsterte", "notiz": "Maupassant beschreibt die körperliche Geste der Frau von aussen — nackte Arme auf dem Frack als physischer Kontrast.", "ort": "unbekannt", "valenz": null, "intensitaet": 2, "gewichtete_valenz": null, "f_wert": null, "f_emotion": null, "raum_emotion": null, "route": null}}, {"type": "Feature", "geometry": {"type": "Point", "coordinates": [2.3522, 48.8566]}, "properties": {"id": 137, "zeile": 14, "tags": ["material", "social"], "perspektive": "erzaehler", "text": "Sie wandte sich ab und trocknete ihre Tränen. Dann zog sie aus dem Ausschnitt ihres Kleides ein Päck", "notiz": "Maupassant beschreibt von aussen die Übergabe eines Geldpäckchens — Kleidung und Objekt als soziale Marker.", "ort": "unbekannt", "valenz": null, "intensitaet": 2, "gewichtete_valenz": null, "f_wert": null, "f_emotion": null, "raum_emotion": null, "route": null}}, {"type": "Feature", "geometry": {"type": "Point", "coordinates": [2.3522, 48.8566]}, "properties": {"id": 138, "zeile": 18, "tags": ["george_duroy", "social"], "perspektive": "figur", "text": "Er nahm das kleine Paket und ließ es in seine Tasche verschwinden.", "notiz": "Duroy akzeptiert das Geld — eine aktive, folgenreiche Handlung aus seiner Perspektive.", "ort": "unbekannt", "valenz": null, "intensitaet": null, "gewichtete_valenz": null, "f_wert": null, "f_emotion": null, "raum_emotion": null, "route": null}}, {"type": "Feature", "geometry": {"type": "Point", "coordinates": [2.3522, 48.8566]}, "properties": {"id": 139, "zeile": 20, "tags": ["george_duroy", "mood"], "perspektive": "figur", "text": "»Wir müssen zurück,« sagte er, »du holst dir sonst noch eine Lungenentzündung,«", "notiz": "Duroy drängt zur Rückkehr — eine kalkulierte, sachliche Reaktion, die seinen inneren Abstand zeigt.", "ort": "unbekannt", "valenz": null, "intensitaet": null, "gewichtete_valenz": null, "f_wert": null, "f_emotion": null, "raum_emotion": null, "route": null}}, {"type": "Feature", "geometry": {"type": "Point", "coordinates": [2.3077, 48.8796]}, "properties": {"id": 140, "zeile": 23, "tags": ["atmosphere", "move"], "perspektive": "erzaehler", "text": "Sie ergriff seine Hand und küßte sie leidenschaftlich, rasend und verzweifelt. Dann stürzte sie ins ", "notiz": "Maupassant beschreibt den verzweifelten Abgang der Frau von aussen — Bewegung und Emotion als szenischer Abschluss.", "ort": "unbekannt", "valenz": -1, "intensitaet": 3, "gewichtete_valenz": -3, "f_wert": null, "f_emotion": null, "raum_emotion": null, "route": null}}, {"type": "Feature", "geometry": {"type": "Point", "coordinates": [2.3077, 48.8796]}, "properties": {"id": 141, "zeile": 24, "tags": ["george_duroy", "move", "mood"], "perspektive": "figur", "text": "Er folgte ihr langsam und nachdenklich.", "notiz": "Duroys langsames, nachdenkliches Folgen zeigt sein inneres Verarbeiten der Situation.", "ort": "unbekannt", "valenz": null, "intensitaet": null, "gewichtete_valenz": null, "f_wert": "emotion_faerbt_raum", "f_emotion": "Nachdenklichkeit, Kalkül", "raum_emotion": {"ort": "Eingang zum Haus", "emotion": "Nachdenklichkeit, Kalkül", "richtung": "emotion_faerbt_raum"}, "route": null}}, {"type": "Feature", "geometry": {"type": "Point", "coordinates": [2.3077, 48.8796]}, "properties": {"id": 142, "zeile": 1, "tags": ["george_duroy", "move", "mood"], "perspektive": "figur", "text": "Dann trat er stolz und lächelnd in den Wintergarten ein.", "notiz": "Duroy betritt den Wintergarten in selbstzufriedener, stolzer Stimmung — inneres Erleben und Bewegung verbunden.", "ort": "Wintergarten im Haus Forestier/Walter (Salon)", "valenz": null, "intensitaet": null, "gewichtete_valenz": null, "f_wert": "emotion_faerbt_raum", "f_emotion": "Stolz, Selbstzufriedenheit", "raum_emotion": {"ort": "Wintergarten", "emotion": "Stolz, Selbstzufriedenheit", "richtung": "emotion_faerbt_raum"}, "route": null}}, {"type": "Feature", "geometry": {"type": "Point", "coordinates": [2.3522, 48.8566]}, "properties": {"id": 143, "zeile": 1, "tags": ["location", "space"], "perspektive": "erzaehler", "text": "in den Wintergarten ein", "notiz": "Maupassant nennt den Wintergarten als konkreten Ort des gesellschaftlichen Geschehens.", "ort": "Wintergarten im Palais Walter (Paris, fiktiver Ort)", "valenz": null, "intensitaet": 1, "gewichtete_valenz": null, "f_wert": null, "f_emotion": null, "raum_emotion": null, "route": null}}, {"type": "Feature", "geometry": {"type": "Point", "coordinates": [2.3522, 48.8566]}, "properties": {"id": 144, "zeile": 2, "tags": ["social", "atmosphere"], "perspektive": "erzaehler", "text": "Seine Frau und Laroche waren nicht mehr da. Sehr viel Gäste waren schon fort. Offenbar wollten die m", "notiz": "Maupassant beschreibt von aussen die schwindende Gesellschaft auf dem Fest als atmosphärische Kulisse.", "ort": "Wintergarten/Festsaal im Palais Walter", "valenz": null, "intensitaet": 2, "gewichtete_valenz": null, "f_wert": null, "f_emotion": null, "raum_emotion": null, "route": null}}, {"type": "Feature", "geometry": {"type": "Point", "coordinates": [2.3522, 48.8566]}, "properties": {"id": 145, "zeile": 3, "tags": ["george_duroy"], "perspektive": "figur", "text": "Er sah Suzanne, die Arm in Arm mit ihrer Schwester ging.", "notiz": "Duroy nimmt die beiden Schwestern aktiv wahr — seine Perspektive der Beobachtung.", "ort": "Wintergarten/Festsaal im Palais Walter", "valenz": null, "intensitaet": null, "gewichtete_valenz": null, "f_wert": null, "f_emotion": null, "raum_emotion": null, "route": null}}, {"type": "Feature", "geometry": {"type": "Point", "coordinates": [2.3522, 48.8566]}, "properties": {"id": 146, "zeile": 4, "tags": ["george_duroy", "mood"], "perspektive": "figur", "text": "Er war überrascht.", "notiz": "Duroy erlebt innere Überraschung — kurzer emotionaler Zustand.", "ort": "Wintergarten/Festsaal im Palais Walter", "valenz": null, "intensitaet": null, "gewichtete_valenz": null, "f_wert": null, "f_emotion": null, "raum_emotion": null, "route": null}}, {"type": "Feature", "geometry": {"type": "Point", "coordinates": [2.3522, 48.8566]}, "properties": {"id": 147, "zeile": 19, "tags": ["george_duroy", "koerper_als_akteur"], "perspektive": "figur", "text": "Du Roy nahm vertraulich das junge Mädchen, das neben ihm stand, am Arm und sagte mit zärtlicher Stim", "notiz": "Duroy agiert körperlich und mit strategischer Zärtlichkeit gegenüber Suzanne — sein Körper als soziales Instrument.", "ort": "Wintergarten/Festsaal im Palais Walter", "valenz": null, "intensitaet": null, "gewichtete_valenz": null, "f_wert": null, "f_emotion": null, "raum_emotion": null, "route": null}}, {"type": "Feature", "geometry": {"type": "Point", "coordinates": [2.3077, 48.8796]}, "properties": {"id": 148, "zeile": 38, "tags": ["george_duroy", "mood", "move"], "perspektive": "figur", "text": "Aber er weigerte sich, fest entschlossen, sofort nach Hause zu gehen. Er wollte allein sein, um denk", "notiz": "Duroy trifft eine innere Entscheidung, sich zu entziehen — emotionaler Überwältigungszustand und Reflexionsbedürfnis.", "ort": "Festsaal im Palais Walter", "valenz": null, "intensitaet": null, "gewichtete_valenz": null, "f_wert": "ort_loest_emotion_aus", "f_emotion": "mentale Überforderung, Entschluss zur Einsamkeit", "raum_emotion": {"ort": "Festsaal", "emotion": "mentale Überforderung, Entschluss zur Einsamkeit", "richtung": "ort_loest_emotion_aus"}, "route": null}}, {"type": "Feature", "geometry": {"type": "Point", "coordinates": [2.3077, 48.8796]}, "properties": {"id": 149, "zeile": 40, "tags": ["george_duroy", "move"], "perspektive": "figur", "text": "er suchte nach seiner Frau.", "notiz": "Duroy bewegt sich durch den Raum auf der Suche nach seiner Frau.", "ort": "Festsaal/Wintergarten im Palais Walter", "valenz": null, "intensitaet": null, "gewichtete_valenz": null, "f_wert": null, "f_emotion": null, "raum_emotion": null, "route": null}}, {"type": "Feature", "geometry": {"type": "Point", "coordinates": [2.3522, 48.8566]}, "properties": {"id": 150, "zeile": 41, "tags": ["george_duroy", "location"], "perspektive": "figur", "text": "Nach kurzer Zeit erblickte er sie, sie stand am Büfett und trank Schokolade mit zwei unbekannten Her", "notiz": "Duroy nimmt seine Frau am Büfett wahr — seine aktive Wahrnehmung eines konkreten Ortes innerhalb des Festsaals.", "ort": "Büfett im Palais Walter", "valenz": null, "intensitaet": null, "gewichtete_valenz": null, "f_wert": null, "f_emotion": null, "raum_emotion": null, "route": null}}, {"type": "Feature", "geometry": {"type": "Point", "coordinates": [2.3522, 48.8566]}, "properties": {"id": 151, "zeile": 42, "tags": ["social"], "perspektive": "erzaehler", "text": "Sie stellte ihren Mann vor, ohne die Namen der beiden zu nennen.", "notiz": "Maupassant beschreibt von aussen eine soziale Geste — die fehlende gegenseitige Vorstellung signalisiert sozialen Distinktionsmechanismus.", "ort": "Büfett im Palais Walter", "valenz": null, "intensitaet": 1, "gewichtete_valenz": null, "f_wert": null, "f_emotion": null, "raum_emotion": null, "route": null}}, {"type": "Feature", "geometry": {"type": "Point", "coordinates": [2.3077, 48.8796]}, "properties": {"id": 152, "zeile": 1, "tags": ["move", "space", "social"], "perspektive": "erzaehler", "text": "Sie nahm ihn beim Arm und sie schritten durch die Säle, die schon ziemlich leer waren.", "notiz": "Maupassant beschreibt von aussen, wie das Paar die bereits leeren Festsäle durchschreitet.", "ort": "Ballsaal (Walters Fest, Paris)", "valenz": null, "intensitaet": 1, "gewichtete_valenz": null, "f_wert": null, "f_emotion": null, "raum_emotion": null, "route": null}}, {"type": "Feature", "geometry": {"type": "Point", "coordinates": [2.3522, 48.8566]}, "properties": {"id": 153, "zeile": 2, "tags": ["george_duroy", "mood"], "perspektive": "figur", "text": "Lieber nicht. Sie wird darauf bestehen, daß wir zum Ball bleiben und ich habe genug.", "notiz": "Duroy äussert Überdruss am gesellschaftlichen Anlass — innere Stimmungslage.", "ort": "Ballsaal (Walters Fest, Paris)", "valenz": -1, "intensitaet": 2, "gewichtete_valenz": -2, "f_wert": "ort_loest_emotion_aus", "f_emotion": "Überdruss, Erschöpfung", "raum_emotion": {"ort": "Ballsaal", "emotion": "Überdruss, Erschöpfung", "richtung": "ort_loest_emotion_aus"}, "route": null}}, {"type": "Feature", "geometry": {"type": "Point", "coordinates": [2.3346, 48.8796]}, "properties": {"id": 154, "zeile": 3, "tags": ["move", "atmosphere"], "perspektive": "erzaehler", "text": "Während sie nach Hause fuhren, saßen sie schweigend nebeneinander", "notiz": "Maupassant beschreibt von aussen die schweigsame Heimfahrt des Paares.", "ort": "Fahrt durch Paris (Richtung Wohnung Duroys)", "valenz": -1, "intensitaet": 2, "gewichtete_valenz": -2, "f_wert": "emotion_faerbt_raum", "f_emotion": "Schweigen, Distanz", "raum_emotion": {"ort": "Kutsche/Fahrt durch Paris", "emotion": "Schweigen, Distanz", "richtung": "emotion_faerbt_raum"}, "route": null}}, {"type": "Feature", "geometry": {"type": "Point", "coordinates": [2.3522, 48.8566]}, "properties": {"id": 155, "zeile": 4, "tags": ["location", "social"], "perspektive": "erzaehler", "text": "sobald sie in ihrem Zimmer waren, sagte Madeleine lächelnd, noch bevor sie ihren Schleier abgelegt h", "notiz": "Maupassant nennt den Ort (Zimmer/Wohnung) als neutrale Kulisse für die folgende Szene.", "ort": "Wohnung Duroy/Madeleine, Paris", "valenz": null, "intensitaet": 1, "gewichtete_valenz": null, "f_wert": null, "f_emotion": null, "raum_emotion": null, "route": null}}, {"type": "Feature", "geometry": {"type": "Point", "coordinates": [2.3522, 48.8566]}, "properties": {"id": 156, "zeile": 5, "tags": ["george_duroy", "mood", "material"], "perspektive": "figur", "text": "Er öffnete sie gleichgültig und erblickte darin das Kreuz der Ehrenlegion.", "notiz": "Duroy nimmt das Geschenk gleichgültig wahr — sein innerer Zustand kontrastiert mit der Bedeutung des Ordens.", "ort": "Wohnung Duroy/Madeleine, Paris", "valenz": null, "intensitaet": null, "gewichtete_valenz": null, "f_wert": null, "f_emotion": null, "raum_emotion": null, "route": null}}, {"type": "Feature", "geometry": {"type": "Point", "coordinates": [2.3522, 48.8566]}, "properties": {"id": 157, "zeile": 6, "tags": ["george_duroy", "mood", "koerper_als_akteur"], "perspektive": "figur", "text": "Er wurde blaß, dann lächelte er", "notiz": "Duroys körperliche Reaktion auf den Orden zeigt kurzen Schock, der sich in Kälte auflöst.", "ort": "Wohnung Duroy/Madeleine, Paris", "valenz": null, "intensitaet": null, "gewichtete_valenz": null, "f_wert": null, "f_emotion": null, "raum_emotion": null, "route": null}}, {"type": "Feature", "geometry": {"type": "Point", "coordinates": [2.3522, 48.8566]}, "properties": {"id": 158, "zeile": 7, "tags": ["george_duroy", "mood", "social"], "perspektive": "figur", "text": "Ich hätte zehn Millionen vorgezogen. Das hier wird ihn nicht viel gekostet haben.", "notiz": "Duroy denkt über den materiellen Wert des Ordens nach — inneres Erleben seiner sozialen und finanziellen Lage.", "ort": "Wohnung Duroy/Madeleine, Paris", "valenz": null, "intensitaet": null, "gewichtete_valenz": null, "f_wert": null, "f_emotion": null, "raum_emotion": null, "route": null}}, {"type": "Feature", "geometry": {"type": "Point", "coordinates": [2.3522, 48.8566]}, "properties": {"id": 159, "zeile": 8, "tags": ["george_duroy", "mood", "social"], "perspektive": "figur", "text": "Dieser Mann bezahlt nur seine Schulden. Tatsächlich schuldet er mir viel mehr.", "notiz": "Duroy reflektiert sein Verhältnis zu Laroche und seinen eigenen Anspruch auf mehr — soziales Kalkül aus seiner Innenperspektive.", "ort": "Wohnung Duroy/Madeleine, Paris", "valenz": null, "intensitaet": null, "gewichtete_valenz": null, "f_wert": null, "f_emotion": null, "raum_emotion": null, "route": null}}, {"type": "Feature", "geometry": {"type": "Point", "coordinates": [2.3522, 48.8566]}, "properties": {"id": 160, "zeile": 9, "tags": ["george_duroy", "mood", "social"], "perspektive": "figur", "text": "Ich könnte jetzt viel mehr besitzen.", "notiz": "Duroy äussert seinen Anspruch auf höheren sozialen Status — innere Überzeugung seiner Überlegenheit.", "ort": "Wohnung Duroy/Madeleine, Paris", "valenz": null, "intensitaet": null, "gewichtete_valenz": null, "f_wert": null, "f_emotion": null, "raum_emotion": null, "route": null}}, {"type": "Feature", "geometry": {"type": "Point", "coordinates": [2.3522, 48.8566]}, "properties": {"id": 161, "zeile": 10, "tags": ["george_duroy", "mood", "material", "koerper_als_akteur"], "perspektive": "figur", "text": "Er nahm das Kästchen, stellte es offen auf den Kamin hin und betrachtete einige Augenblicke das Kreu", "notiz": "Duroys achselzuckendes Verhalten zeigt demonstrative Gleichgültigkeit gegenüber dem Orden — körperliche Handlung als Ausdruck innerer Haltung.", "ort": "Wohnung Duroy/Madeleine, Paris", "valenz": null, "intensitaet": null, "gewichtete_valenz": null, "f_wert": null, "f_emotion": null, "raum_emotion": null, "route": null}}, {"type": "Feature", "geometry": {"type": "Point", "coordinates": [2.3522, 48.8566]}, "properties": {"id": 162, "zeile": 11, "tags": ["historical", "social", "time"], "perspektive": "erzaehler", "text": "Der Officiel vom 1. Januar verkündete tatsächlich die Ernennung des Schriftstellers Herrn Prosper-Ge", "notiz": "Maupassant berichtet als Erzähler von Duroys offizieller Ernennung durch das Amtsblatt — institutionelles Ereignis der Dritten Republik.", "ort": "Paris (offizielles Amtsblatt, Journal officiel)", "valenz": null, "intensitaet": 2, "gewichtete_valenz": null, "f_wert": null, "f_emotion": null, "raum_emotion": null, "route": null}}, {"type": "Feature", "geometry": {"type": "Point", "coordinates": [2.3522, 48.8566]}, "properties": {"id": 163, "zeile": 12, "tags": ["george_duroy", "mood", "social"], "perspektive": "figur", "text": "Der Name war in zwei Worten geschrieben und das machte Georges mehr Freude als der Orden selbst.", "notiz": "Duroy empfindet mehr Freude über die aristokratische Schreibweise seines Namens als über die Auszeichnung selbst — innerer sozialer Aufstiegswunsch.", "ort": "Wohnung Duroy/Madeleine, Paris", "valenz": null, "intensitaet": null, "gewichtete_valenz": null, "f_wert": "ort_loest_emotion_aus", "f_emotion": "Eitelkeit, soziale Ambition", "raum_emotion": {"ort": "Wohnung/privater Raum", "emotion": "Eitelkeit, soziale Ambition", "richtung": "ort_loest_emotion_aus"}, "route": null}}, {"type": "Feature", "geometry": {"type": "Point", "coordinates": [2.3522, 48.8566]}, "properties": {"id": 164, "zeile": 1, "tags": ["time"], "perspektive": "erzaehler", "text": "Eine Stunde später, nachdem er diese Nachricht gelesen hatte, erhielt er einen Brief von der Frau Di", "notiz": "Neutral erzählte Zeitangabe ohne emotionalen Bezug zu Duroy.", "ort": "unbekannt", "valenz": null, "intensitaet": 1, "gewichtete_valenz": null, "f_wert": null, "f_emotion": null, "raum_emotion": null, "route": null}}, {"type": "Feature", "geometry": {"type": "Point", "coordinates": [2.3522, 48.8566]}, "properties": {"id": 165, "zeile": 2, "tags": ["george_duroy", "mood"], "perspektive": "figur", "text": "Er zögerte eine Weile, dann warf er den in zweideutigen Ausdrücken geschriebenen Brief ins Feuer und", "notiz": "Duroy zögert innerlich, entscheidet sich dann aber bewusst — innerer Zustand und Handlung aus seiner Perspektive.", "ort": "Wohnung Duroys", "valenz": null, "intensitaet": null, "gewichtete_valenz": null, "f_wert": null, "f_emotion": null, "raum_emotion": null, "route": null}}, {"type": "Feature", "geometry": {"type": "Point", "coordinates": [2.3522, 48.8566]}, "properties": {"id": 166, "zeile": 5, "tags": ["george_duroy", "mood"], "perspektive": "figur", "text": "Er sagte leise: »Ich habe es mir anders überlegt.«", "notiz": "Duroys knappe Antwort deutet auf eine bewusste innere Umorientierung hin.", "ort": "Wohnung Duroys", "valenz": 0, "intensitaet": 1, "gewichtete_valenz": 0, "f_wert": null, "f_emotion": null, "raum_emotion": null, "route": null}}, {"type": "Feature", "geometry": {"type": "Point", "coordinates": [2.3522, 48.8566]}, "properties": {"id": 167, "zeile": 6, "tags": ["location", "space", "social"], "perspektive": "erzaehler", "text": "Als sie erschienen, saß Frau Walter allein in dem kleinen Louis-XVI-Boudoir, das für den intimeren V", "notiz": "Maupassant beschreibt von aussen den Empfangsraum im Hause Walter als sozialen und intimen Rückzugsort.", "ort": "Haus Walter, Boudoir", "valenz": null, "intensitaet": 2, "gewichtete_valenz": null, "f_wert": null, "f_emotion": null, "raum_emotion": null, "route": null}}, {"type": "Feature", "geometry": {"type": "Point", "coordinates": [2.3522, 48.8566]}, "properties": {"id": 168, "zeile": 7, "tags": ["social", "material"], "perspektive": "erzaehler", "text": "Sie war in Schwarz gekleidet und hatte ihr Haar gepudert, was ihr sehr gut stand. Von weitem sah sie", "notiz": "Maupassant beschreibt Frau Walter von aussen als soziale und ästhetische Erscheinung.", "ort": "Haus Walter, Boudoir", "valenz": null, "intensitaet": 2, "gewichtete_valenz": null, "f_wert": null, "f_emotion": null, "raum_emotion": null, "route": null}}, {"type": "Feature", "geometry": {"type": "Point", "coordinates": [2.3522, 48.8566]}, "properties": {"id": 169, "zeile": 12, "tags": ["george_duroy", "mood"], "perspektive": "figur", "text": "Du Roy dachte: »Wie lange wird sie wohl bei dem Entschluß bleiben?«", "notiz": "Duroy reflektiert innerlich ironisch-skeptisch über Frau Walters emotionalen Entschluss.", "ort": "Haus Walter, Boudoir", "valenz": -1, "intensitaet": 1, "gewichtete_valenz": -1, "f_wert": null, "f_emotion": null, "raum_emotion": null, "route": null}}, {"type": "Feature", "geometry": {"type": "Point", "coordinates": [2.3522, 48.8566]}, "properties": {"id": 170, "zeile": 13, "tags": ["atmosphere", "social"], "perspektive": "erzaehler", "text": "Das Diner verlief etwas langweilig. Nur Suzanne schwatzte unaufhörlich. Rose schien verstimmt zu sei", "notiz": "Maupassant schildert die Stimmung beim Abendessen von aussen — gedämpfte Atmosphäre, soziale Oberflächlichkeit.", "ort": "Haus Walter, Speisesaal", "valenz": -1, "intensitaet": 2, "gewichtete_valenz": -2, "f_wert": "ort_loest_emotion_aus", "f_emotion": "Langeweile, gedämpfte Stimmung", "raum_emotion": {"ort": "Haus Walter, Speisesaal", "emotion": "Langeweile, gedämpfte Stimmung", "richtung": "ort_loest_emotion_aus"}, "route": null}}, {"type": "Feature", "geometry": {"type": "Point", "coordinates": [2.3077, 48.8796]}, "properties": {"id": 171, "zeile": 14, "tags": ["location", "move", "space"], "perspektive": "erzaehler", "text": "Abends spazierte man durch die Säle und den Wintergarten und unterhielt sich.", "notiz": "Maupassant beschreibt die Bewegung der Gesellschaft durch die repräsentativen Räume des Hauses Walter von aussen.", "ort": "Haus Walter, Säle und Wintergarten", "valenz": null, "intensitaet": 1, "gewichtete_valenz": null, "f_wert": null, "f_emotion": null, "raum_emotion": null, "route": null}}, {"type": "Feature", "geometry": {"type": "Point", "coordinates": [2.3077, 48.8796]}, "properties": {"id": 172, "zeile": 15, "tags": ["george_duroy", "move", "koerper_als_akteur"], "perspektive": "figur", "text": "Du Roy ging mit der Frau Direktor als letzter; sie hielt ihn am Arm zurück.", "notiz": "Duroy bewegt sich mit Frau Walter und wird körperlich zurückgehalten — räumliche und körperliche Interaktion aus seiner Perspektive.", "ort": "Haus Walter, Salon/Durchgang", "valenz": null, "intensitaet": null, "gewichtete_valenz": null, "f_wert": null, "f_emotion": null, "raum_emotion": null, "route": null}}, {"type": "Feature", "geometry": {"type": "Point", "coordinates": [2.3522, 48.8566]}, "properties": {"id": 173, "zeile": 1, "tags": ["koerper_als_akteur", "material"], "perspektive": "erzaehler", "text": "Sie ergriff seine Hand, preßte sie krampfhaft und drückte ihre Nägel in sein Fleisch.", "notiz": "Maupassant beschreibt von aussen die körperliche Handlung Madame Walters gegenüber Duroy.", "ort": "Ausstellungsraum mit dem Gemälde 'Jesus über die Fluten schreitend'", "valenz": null, "intensitaet": 2, "gewichtete_valenz": null, "f_wert": null, "f_emotion": null, "raum_emotion": null, "route": null}}, {"type": "Feature", "geometry": {"type": "Point", "coordinates": [2.3522, 48.8566]}, "properties": {"id": 174, "zeile": 2, "tags": ["george_duroy", "mood"], "perspektive": "figur", "text": "Er antwortete ruhig: »Schön. Es ist unnütz, darüber wieder Worte zu verlieren. Sie sehen doch, ich b", "notiz": "Duroy reagiert ruhig und distanziert, was seinen inneren Gefühlszustand der Kälte gegenüber Madame Walter zeigt.", "ort": "Ausstellungsraum", "valenz": 0, "intensitaet": 1, "gewichtete_valenz": 0, "f_wert": null, "f_emotion": null, "raum_emotion": null, "route": null}}, {"type": "Feature", "geometry": {"type": "Point", "coordinates": [2.3077, 48.8796]}, "properties": {"id": 175, "zeile": 3, "tags": ["move", "location"], "perspektive": "erzaehler", "text": "Walter ging mit den beiden jungen Mädchen und Madeleine voran und wartete auf Du Roy vor dem Bilde »", "notiz": "Maupassant beschreibt von aussen die Bewegung der Gruppe zur Gemäldeposition.", "ort": "Vor dem Gemälde 'Jesus über die Fluten schreitend', Ausstellungsraum Paris", "valenz": null, "intensitaet": 1, "gewichtete_valenz": null, "f_wert": null, "f_emotion": null, "raum_emotion": null, "route": null}}, {"type": "Feature", "geometry": {"type": "Point", "coordinates": [2.3522, 48.8566]}, "properties": {"id": 176, "zeile": 4, "tags": ["atmosphere", "social"], "perspektive": "erzaehler", "text": "Madame Walter erwiderte mit fester Stimme, die jedoch einer gewissen zitternden Erregung nicht entbe", "notiz": "Maupassant beschreibt von aussen Madame Walters emotionale und religiöse Reaktion auf das Gemälde.", "ort": "Vor dem Gemälde 'Jesus über die Fluten schreitend'", "valenz": -1, "intensitaet": 2, "gewichtete_valenz": -2, "f_wert": "ort_loest_emotion_aus", "f_emotion": "religiöse Ergriffenheit, Halt suchend", "raum_emotion": {"ort": "Ausstellungsraum vor dem Gemälde", "emotion": "religiöse Ergriffenheit, Halt suchend", "richtung": "ort_loest_emotion_aus"}, "route": null}}, {"type": "Feature", "geometry": {"type": "Point", "coordinates": [2.3522, 48.8566]}, "properties": {"id": 177, "zeile": 5, "tags": ["atmosphere", "social"], "perspektive": "erzaehler", "text": "Sie wollte, daß er sich neben das Bild stellte, und alle erkannten tatsächlich, daß beide Gesichter ", "notiz": "Maupassant beschreibt von aussen den Moment der kollektiven Erkenntnis der Ähnlichkeit zwischen Duroy und dem Christusbild.", "ort": "Vor dem Gemälde 'Jesus über die Fluten schreitend'", "valenz": 0, "intensitaet": 2, "gewichtete_valenz": 0, "f_wert": null, "f_emotion": null, "raum_emotion": null, "route": null}}, {"type": "Feature", "geometry": {"type": "Point", "coordinates": [2.3522, 48.8566]}, "properties": {"id": 178, "zeile": 6, "tags": ["atmosphere", "mood", "social"], "perspektive": "erzaehler", "text": "Alles war überrascht. Walter fand die Sache sehr seltsam. Madeleine meinte lächelnd, daß Jesus männl", "notiz": "Maupassant beschreibt von aussen die kollektive Reaktion der Gruppe und Madame Walters Erstarrung beim Anblick der Ähnlichkeit zwischen Duroy und dem Christus.", "ort": "Vor dem Gemälde 'Jesus über die Fluten schreitend'", "valenz": -1, "intensitaet": 2, "gewichtete_valenz": -2, "f_wert": "ort_loest_emotion_aus", "f_emotion": "Erschütterung, Erstarrung, emotionale Überwältigung Madame Walters", "raum_emotion": {"ort": "Ausstellungsraum vor dem Gemälde", "emotion": "Erschütterung, Erstarrung, emotionale Überwältigung Madame Walters", "richtung": "ort_loest_emotion_aus"}, "route": null}}]}