{"type": "FeatureCollection", "features": [{"type": "Feature", "geometry": {"type": "Point", "coordinates": [2.3198, 48.8839]}, "properties": {"id": 1, "zeile": 1, "tags": ["george_duroy", "location"], "perspektive": "erzaehler", "text": "Georges Duroy befand sich wieder auf der Straße und überlegte, was er tun sollte.", "notiz": "Erzähler situiert Duroy auf der Straße und leitet seine Überlegungen ein.", "ort": "Straße (unspezifisch, Paris)", "valenz": null, "intensitaet": 1, "gewichtete_valenz": null, "f_wert": null, "f_emotion": null, "raum_emotion": null, "route": null}}, {"type": "Feature", "geometry": {"type": "Point", "coordinates": [2.3198, 48.8839]}, "properties": {"id": 2, "zeile": 1, "tags": ["george_duroy", "mood", "weather"], "perspektive": "figur", "text": "Er hatte Lust zu laufen, zu träumen, immerfort zu gehen, an seine Zukunft zu denken und die milde Na", "notiz": "Duroy erlebt einen inneren Drang zur Bewegung und Freiheit, verstärkt durch das sensorische Erleben der milden Nachtluft.", "ort": "Straße (unspezifisch, Paris)", "valenz": 1, "intensitaet": 2, "gewichtete_valenz": 2, "f_wert": "ort_loest_emotion_aus", "f_emotion": "Freiheitsdrang, Träumerei", "raum_emotion": {"ort": "Straße bei Nacht", "emotion": "Freiheitsdrang, Träumerei", "richtung": "ort_loest_emotion_aus"}, "route": null}}, {"type": "Feature", "geometry": {"type": "Point", "coordinates": [2.3198, 48.8839]}, "properties": {"id": 3, "zeile": 2, "tags": ["george_duroy", "mood", "time"], "perspektive": "figur", "text": "doch der Gedanke an die Artikelserie, die Vater Walter bestellt hatte, gab ihm keine Ruhe, und er be", "notiz": "Duroy erlebt inneren Konflikt zwischen dem Wunsch nach Freiheit und dem Druck der beruflichen Aufgabe.", "ort": "Straße (unspezifisch, Paris)", "valenz": -1, "intensitaet": 2, "gewichtete_valenz": -2, "f_wert": null, "f_emotion": null, "raum_emotion": null, "route": null}}, {"type": "Feature", "geometry": {"type": "Point", "coordinates": [2.3198, 48.8839]}, "properties": {"id": 4, "zeile": 2, "tags": ["george_duroy", "move", "location"], "perspektive": "figur", "text": "Mit eiligen Schritten ging er weiter, erreichte den äußeren Boulevard und gelangte endlich in die Ru", "notiz": "Duroy bewegt sich zielstrebig durch die Stadt — Route vom äußeren Boulevard zur Rue Boursault.", "ort": "Rue Boursault, Paris 17e", "valenz": null, "intensitaet": null, "gewichtete_valenz": null, "f_wert": null, "f_emotion": null, "raum_emotion": null, "route": [[2.3202827, 48.8836106]]}}, {"type": "Feature", "geometry": {"type": "Point", "coordinates": [2.3198, 48.8839]}, "properties": {"id": 5, "zeile": 3, "tags": ["location", "social"], "perspektive": "erzaehler", "text": "Seine Wohnung befand sich in einem sechsstöckigen Haus, das von etwa zwanzig Arbeiter- und Kleinbürg", "notiz": "Erzähler beschreibt Duroys Wohnhaus und seine soziale Zusammensetzung von aussen.", "ort": "Rue Boursault, Paris 17e", "valenz": null, "intensitaet": 1, "gewichtete_valenz": null, "f_wert": null, "f_emotion": null, "raum_emotion": null, "route": null}}, {"type": "Feature", "geometry": {"type": "Point", "coordinates": [2.3198, 48.8839]}, "properties": {"id": 6, "zeile": 3, "tags": ["george_duroy", "move", "material", "space"], "perspektive": "figur", "text": "Er stieg die Treppe hinauf und beleuchtete mit Wachsstreichhölzern die schmutzigen Stufen, auf denen", "notiz": "Duroy erlebt physisch den verwahrlosten Treppenraum seines Wohnhauses.", "ort": "Treppenhaus, Rue Boursault, Paris 17e", "valenz": null, "intensitaet": null, "gewichtete_valenz": null, "f_wert": "ort_loest_emotion_aus", "f_emotion": "Widerwille, Ekel", "raum_emotion": {"ort": "Treppenhaus des Wohnhauses", "emotion": "Widerwille, Ekel", "richtung": "ort_loest_emotion_aus"}, "route": [[2.3202827, 48.8836106], [2.320274, 48.8835877], [2.3203086, 48.8835185], [2.3203368, 48.8835062], [2.3206006, 48.8829185], [2.3208497, 48.8823913], [2.3204685, 48.8823054], [2.3205423, 48.8821623], [2.3207145, 48.8819505], [2.3207113, 48.881862], [2.3211792, 48.8809807], [2.3218851, 48.8796512], [2.3219913, 48.8795203], [2.3220657, 48.8793528], [2.3220497, 48.8793285], [2.3223037, 48.8788522], [2.3223379, 48.8788455], [2.3224122, 48.8787373], [2.3223901, 48.8787111], [2.3226284, 48.8782681], [2.3226718, 48.8782622], [2.3227863, 48.8781446], [2.322801, 48.877936], [2.3230806, 48.8774439], [2.3231166, 48.8774517], [2.3231358, 48.8774559], [2.3233921, 48.87731], [2.3234571, 48.877308], [2.3235226, 48.8771977], [2.3240811, 48.876415], [2.3241243, 48.8763183], [2.3242083, 48.8761433], [2.3242176, 48.876111], [2.3242287, 48.8760746], [2.3242741, 48.8759202], [2.3243335, 48.8759269], [2.3243447, 48.8759065], [2.3243619, 48.8758455], [2.3244137, 48.8758517], [2.3245393, 48.8754116], [2.3245957, 48.8752075], [2.3246764, 48.8750371], [2.3247235, 48.8750032], [2.3247594, 48.8749774], [2.3248339, 48.8749272], [2.3248956, 48.8748859], [2.3250041, 48.8748237], [2.3251233, 48.8747247], [2.3258293, 48.8742318], [2.3259071, 48.8742146], [2.3260854, 48.8740832], [2.3261303, 48.8739972], [2.3261002, 48.8737947], [2.3266836, 48.8737158], [2.326764, 48.8736386], [2.3271959, 48.8735266], [2.327283, 48.8735363], [2.3280409, 48.8731015], [2.3282114, 48.8730031], [2.3282496, 48.8729811], [2.3283644, 48.872929], [2.3285926, 48.8727931], [2.3295549, 48.8722582], [2.3296754, 48.8721605], [2.3302261, 48.8718771], [2.3303695, 48.8716266], [2.3306071, 48.8715661], [2.3305997, 48.8715247], [2.3307416, 48.8715908], [2.3316175, 48.8711054], [2.3318858, 48.870725], [2.3317958, 48.8706816], [2.3318809, 48.8704673], [2.3320346, 48.8703323], [2.3320234, 48.8701995], [2.3322388, 48.8700682], [2.3323826, 48.8700343], [2.3327069, 48.8692758], [2.3327437, 48.8691935], [2.3327697, 48.8691563], [2.3328421, 48.8690173], [2.3328506, 48.8689669], [2.3329953, 48.8686362], [2.3330467, 48.8685039], [2.3330789, 48.8684613], [2.3333509, 48.8678051], [2.3334278, 48.8676248], [2.333472, 48.8675225], [2.3334782, 48.8673353], [2.3336425, 48.8671492], [2.3336627, 48.8671005], [2.3338263, 48.8667062], [2.3339197, 48.8663695], [2.3339429, 48.8663248], [2.3340264, 48.8661662], [2.3340719, 48.8661025], [2.334367, 48.8654322], [2.3345295, 48.8650483], [2.3346851, 48.8647001], [2.3346906, 48.8646349], [2.3348269, 48.8643861], [2.3348471, 48.8643123], [2.3349853, 48.8640126], [2.3349976, 48.8639889], [2.335091, 48.8637353], [2.3351385, 48.8636194], [2.3352261, 48.8634797], [2.3352572, 48.8632535], [2.3353557, 48.8631138], [2.3352125, 48.862865], [2.3354523, 48.862786], [2.336125, 48.8625552], [2.336164, 48.8625427], [2.3362165, 48.862527], [2.3362142, 48.8625228], [2.3362884, 48.8625023], [2.3366415, 48.8623422], [2.3370163, 48.8622194], [2.337099, 48.8621926], [2.3389934, 48.8615767], [2.339245, 48.8614248], [2.3405556, 48.8609971], [2.3405089, 48.8609301], [2.3406014, 48.8608584], [2.3409588, 48.8607737], [2.3412089, 48.860699], [2.3419421, 48.8604491], [2.3421206, 48.8603859], [2.3422518, 48.8603472], [2.342304, 48.8603336], [2.3424081, 48.8603036], [2.3432606, 48.8600317], [2.3433018, 48.8600157], [2.3433718, 48.8599916], [2.3434942, 48.859961], [2.3440328, 48.8597653], [2.3440722, 48.859767], [2.3446414, 48.8595872], [2.3447777, 48.8595228], [2.3448562, 48.8595184], [2.3450909, 48.8594312], [2.3451777, 48.8594021], [2.3456891, 48.8592435], [2.3462561, 48.859043], [2.3462687, 48.8590415], [2.346414, 48.858998], [2.3465352, 48.8589743], [2.3471928, 48.8587623], [2.347248, 48.8587188], [2.3475297, 48.8586218], [2.3476108, 48.8586253], [2.348032, 48.8584927], [2.3480441, 48.8584735], [2.3483252, 48.858389], [2.3490405, 48.8581598], [2.3495304, 48.8579974], [2.3496925, 48.8579562], [2.349769, 48.8579345], [2.3500952, 48.8578131], [2.350199, 48.8577823], [2.3508424, 48.8575818], [2.3513156, 48.857451], [2.3512572, 48.8573458], [2.3521879, 48.8571248], [2.3521393, 48.8570375]]}}, {"type": "Feature", "geometry": {"type": "Point", "coordinates": [2.3198, 48.8839]}, "properties": {"id": 7, "zeile": 4, "tags": ["george_duroy", "mood", "social", "location_erinnerung"], "perspektive": "figur", "text": "Er empfand ein widerwärtiges Gefühl und einen Drang, so rasch als möglich von hier fortzukommen und ", "notiz": "Duroy empfindet Widerwillen gegenüber seiner sozialen Lage und sehnt sich nach dem Leben der Reichen.", "ort": "Treppenhaus, Rue Boursault, Paris 17e", "valenz": -1, "intensitaet": 3, "gewichtete_valenz": -3, "f_wert": "ort_loest_emotion_aus", "f_emotion": "Ekel, sozialer Aufstiegswunsch", "raum_emotion": {"ort": "Treppenhaus des Wohnhauses", "emotion": "Ekel, sozialer Aufstiegswunsch", "richtung": "ort_loest_emotion_aus"}, "route": null}}, {"type": "Feature", "geometry": {"type": "Point", "coordinates": [2.3198, 48.8839]}, "properties": {"id": 8, "zeile": 4, "tags": ["george_duroy", "smell", "space", "atmosphere"], "perspektive": "figur", "text": "Ein schwerer Geruch von Speiseresten, Unrat und unsauberer Menschlichkeit, ein stagnierender Duft vo", "notiz": "Duroy nimmt den allgegenwärtigen schlechten Geruch des Hauses wahr — sensorisches Erleben aus seiner Perspektive.", "ort": "Wohnhaus, Rue Boursault, Paris 17e", "valenz": -1, "intensitaet": 3, "gewichtete_valenz": -3, "f_wert": "koerper_als_sensor", "f_emotion": "Ekel, Beklemmung", "raum_emotion": {"ort": "Wohnhaus Rue Boursault", "emotion": "Ekel, Beklemmung", "richtung": "koerper_als_sensor"}, "route": null}}, {"type": "Feature", "geometry": {"type": "Point", "coordinates": [2.3182, 48.8852]}, "properties": {"id": 9, "zeile": 5, "tags": ["location", "space"], "perspektive": "erzaehler", "text": "Das Zimmer des jungen Mannes lag im fünften Stock und ging wie auf einen tiefen Abgrund, auf den wei", "notiz": "Erzähler beschreibt die Lage von Duroys Zimmer gegenüber dem Bahntunnel des Bahnhofs Batignolles.", "ort": "Bahnhof Batignolles (Tunneleinfahrt Westbahn), Paris 17e", "valenz": null, "intensitaet": 2, "gewichtete_valenz": null, "f_wert": null, "f_emotion": null, "raum_emotion": null, "route": null}}, {"type": "Feature", "geometry": {"type": "Point", "coordinates": [2.3198, 48.8839]}, "properties": {"id": 10, "zeile": 5, "tags": ["george_duroy", "material", "koerper_als_akteur"], "perspektive": "figur", "text": "Duroy öffnete das Fenster und lehnte sich auf das verrostete, eiserne Fensterbrett.", "notiz": "Duroy öffnet das Fenster und lehnt sich hinaus — körperliche Handlung mit sensorischem Bezug.", "ort": "Duroys Zimmer, Rue Boursault, Paris 17e", "valenz": null, "intensitaet": null, "gewichtete_valenz": null, "f_wert": null, "f_emotion": null, "raum_emotion": null, "route": null}}, {"type": "Feature", "geometry": {"type": "Point", "coordinates": [2.3182, 48.8852]}, "properties": {"id": 11, "zeile": 6, "tags": ["george_duroy", "space", "atmosphere", "material"], "perspektive": "figur", "text": "Unter ihm glühten in der Tiefe der finsteren Wölbung drei rote, unbewegliche Signallaternen wie groß", "notiz": "Duroy nimmt die Signallaternen in der Tiefe des Bahntunnels wahr — seine visuelle Wahrnehmung des urbanen Raums.", "ort": "Tunneleinfahrt Westbahn, Batignolles, Paris 17e", "valenz": -1, "intensitaet": 2, "gewichtete_valenz": -2, "f_wert": "ort_loest_emotion_aus", "f_emotion": "Faszination, Bedrängnis", "raum_emotion": {"ort": "Tunneleinfahrt Westbahn", "emotion": "Faszination, Bedrängnis", "richtung": "ort_loest_emotion_aus"}, "route": null}}, {"type": "Feature", "geometry": {"type": "Point", "coordinates": [2.3182, 48.8852]}, "properties": {"id": 12, "zeile": 6, "tags": ["george_duroy", "sound", "atmosphere", "location"], "perspektive": "figur", "text": "Fortwährend gellten lange und kurze Pfiffe durch die Nacht, die einen nahe, die andern kaum hörbar i", "notiz": "Duroy hört die Pfeifgeräusche der Züge in der Nacht — akustisches Erleben mit emotionaler Aufladung.", "ort": "Richtung Asnières, von Batignolles aus", "valenz": -1, "intensitaet": 2, "gewichtete_valenz": -2, "f_wert": "ort_loest_emotion_aus", "f_emotion": "Melancholie, Einsamkeit", "raum_emotion": {"ort": "Bahntunnel / Nacht über Batignolles", "emotion": "Melancholie, Einsamkeit", "richtung": "ort_loest_emotion_aus"}, "route": null}}, {"type": "Feature", "geometry": {"type": "Point", "coordinates": [2.3198, 48.8839]}, "properties": {"id": 13, "zeile": 1, "tags": ["george_duroy", "sound", "space"], "perspektive": "figur", "text": "Einer kam näher und näher, sein klagender Ton klang von Sekunde zu Sekunde lauter; plötzlich blitzte", "notiz": "Duroy nimmt akustisch und visuell einen vorbeifahrenden Zug wahr — urbane Geräuschkulisse aus seiner Perspektive.", "ort": "Duroys Zimmer, Nähe Bahntrasse (Paris)", "valenz": 0, "intensitaet": 2, "gewichtete_valenz": 0, "f_wert": "ort_loest_emotion_aus", "f_emotion": "passive Wahrnehmung urbaner Umgebung", "raum_emotion": {"ort": "Zimmer mit Zuggeräuschen", "emotion": "passive Wahrnehmung urbaner Umgebung", "richtung": "ort_loest_emotion_aus"}, "route": null}}, {"type": "Feature", "geometry": {"type": "Point", "coordinates": [2.3198, 48.8839]}, "properties": {"id": 14, "zeile": 2, "tags": ["george_duroy", "mood"], "perspektive": "figur", "text": "Dann sagte er zu sich: »Also an die Arbeit«, und stellte das Licht auf den Tisch.", "notiz": "Duroy fasst innerlich Entschlossenheit und beginnt mit der Arbeit — innere Handlungsinitiative.", "ort": "Duroys Zimmer (Paris)", "valenz": 1, "intensitaet": 1, "gewichtete_valenz": 1, "f_wert": null, "f_emotion": null, "raum_emotion": null, "route": null}}, {"type": "Feature", "geometry": {"type": "Point", "coordinates": [2.3198, 48.8839]}, "properties": {"id": 15, "zeile": 3, "tags": ["george_duroy", "social"], "perspektive": "figur", "text": "doch wie er sich hinsetzen wollte, um zu schreiben, bemerkte er erst, daß er nur eine Schachtel Brie", "notiz": "Duroy nimmt seine materielle Beschränktheit (nur Briefpapier) wahr — Zeichen seiner ärmlichen Lage.", "ort": "Duroys Zimmer (Paris)", "valenz": -1, "intensitaet": 1, "gewichtete_valenz": -1, "f_wert": null, "f_emotion": null, "raum_emotion": null, "route": null}}, {"type": "Feature", "geometry": {"type": "Point", "coordinates": [2.3198, 48.8839]}, "properties": {"id": 16, "zeile": 4, "tags": ["george_duroy", "material"], "perspektive": "figur", "text": "Er tauchte die Feder in die Tinte und schrieb mit seiner schönen Handschrift auf den Kopf des ersten", "notiz": "Duroy beginnt zu schreiben — physische Handlung mit Feder und Papier als materielle Erfahrung.", "ort": "Duroys Zimmer (Paris)", "valenz": null, "intensitaet": 1, "gewichtete_valenz": null, "f_wert": null, "f_emotion": null, "raum_emotion": null, "route": null}}, {"type": "Feature", "geometry": {"type": "Point", "coordinates": [2.3198, 48.8839]}, "properties": {"id": 17, "zeile": 5, "tags": ["george_duroy", "mood", "space"], "perspektive": "figur", "text": "Er saß, den Kopf auf die Hände gestützt, die Augen auf das weiße Papier gerichtet, das sich vor ihm ", "notiz": "Duroy erlebt innere Leere und Schreibblockade — das leere Papier spiegelt seine geistige Ratlosigkeit.", "ort": "Duroys Zimmer (Paris)", "valenz": -1, "intensitaet": 2, "gewichtete_valenz": -2, "f_wert": "ort_loest_emotion_aus", "f_emotion": "Ratlosigkeit, innere Leere", "raum_emotion": {"ort": "Duroys Schreibtisch", "emotion": "Ratlosigkeit, innere Leere", "richtung": "ort_loest_emotion_aus"}, "route": null}}, {"type": "Feature", "geometry": {"type": "Point", "coordinates": [1.67175, 49.16415]}, "properties": {"id": 18, "zeile": 6, "tags": ["george_duroy", "mood", "location_erinnerung"], "perspektive": "figur", "text": "Plötzlich fiel ihm ein: »Ich muß mit meiner Abreise aus der Heimat beginnen.« Und er schrieb: »Es wa", "notiz": "Duroy erinnert sich an seine Abreise und verortet sie im historisch-politischen Kontext der Nachkriegszeit — persönliche Erinnerung mit kollektivem Bezug.", "ort": "Heimatort Duroys (Frankreich, nicht Paris)", "valenz": 0, "intensitaet": 1, "gewichtete_valenz": 0, "f_wert": null, "f_emotion": null, "raum_emotion": null, "route": null}}, {"type": "Feature", "geometry": {"type": "Point", "coordinates": [1.67175, 49.16415]}, "properties": {"id": 19, "zeile": 7, "tags": ["historical"], "perspektive": "erzaehler", "text": "Es war ungefähr am 15. Mai des Jahres 1874, als das erschöpfte Frankreich sich von den Schicksalssch", "notiz": "Verweis auf die politisch-historische Nachkriegssituation Frankreichs nach 1870/71 — kollektiver historischer Kontext.", "ort": "Frankreich (allgemein, historisch)", "valenz": null, "intensitaet": 2, "gewichtete_valenz": null, "f_wert": null, "f_emotion": null, "raum_emotion": null, "route": null}}, {"type": "Feature", "geometry": {"type": "Point", "coordinates": [2.3198, 48.8839]}, "properties": {"id": 21, "zeile": 9, "tags": ["george_duroy", "mood", "time"], "perspektive": "figur", "text": "beschloß er, diesen einleitenden Teil auf den nächsten Morgen zu verschieben und einstweilen mit der", "notiz": "Duroy trifft eine innere Entscheidung und verschiebt die Aufgabe — Zeit wird als Ausweichstrategie erlebt.", "ort": "Duroys Zimmer (Paris)", "valenz": -1, "intensitaet": 1, "gewichtete_valenz": -1, "f_wert": null, "f_emotion": null, "raum_emotion": null, "route": null}}, {"type": "Feature", "geometry": {"type": "Point", "coordinates": [2.3198, 48.8839]}, "properties": {"id": 23, "zeile": 11, "tags": ["george_duroy", "mood"], "perspektive": "figur", "text": "Aber er fand keinen Ausdruck für das, was er gesehen und empfunden hatte.", "notiz": "Duroy erlebt die Ohnmacht des sprachlichen Ausdrucks gegenüber seinen sinnlichen Erinnerungen — innerer Zustand der Frustration.", "ort": "Duroys Zimmer (Paris)", "valenz": -1, "intensitaet": 2, "gewichtete_valenz": -2, "f_wert": "ort_loest_emotion_aus", "f_emotion": "Frustration, Hilflosigkeit", "raum_emotion": {"ort": "Duroys Zimmer", "emotion": "Frustration, Hilflosigkeit", "richtung": "ort_loest_emotion_aus"}, "route": null}}, {"type": "Feature", "geometry": {"type": "Point", "coordinates": [2.3198, 48.8839]}, "properties": {"id": 24, "zeile": 1, "tags": ["george_duroy", "mood"], "perspektive": "figur", "text": "Mit vieler Mühe und Anstrengung schrieb er weiter", "notiz": "Duroy ringt mit der Schreibarbeit, innere Anstrengung wird spürbar.", "ort": "Duroys Zimmer (möbliertes Zimmer, Paris)", "valenz": -1, "intensitaet": 1, "gewichtete_valenz": -1, "f_wert": null, "f_emotion": null, "raum_emotion": null, "route": null}}, {"type": "Feature", "geometry": {"type": "Point", "coordinates": [2.3198, 48.8839]}, "properties": {"id": 25, "zeile": 1, "tags": ["george_duroy", "move"], "perspektive": "figur", "text": "Dann warf er seine Feder auf den Tisch und stand auf.", "notiz": "Duroy unterbricht die Arbeit und steht auf — körperliche Handlung aus seiner Perspektive.", "ort": "Duroys Zimmer (möbliertes Zimmer, Paris)", "valenz": null, "intensitaet": null, "gewichtete_valenz": null, "f_wert": null, "f_emotion": null, "raum_emotion": null, "route": null}}, {"type": "Feature", "geometry": {"type": "Point", "coordinates": [2.3198, 48.8839]}, "properties": {"id": 26, "zeile": 1, "tags": ["social", "material"], "perspektive": "erzaehler", "text": "Auf seinem schmalen, eisernen Bett, in das sein Körper ein Loch eingedrückt hatte, sah er seine Werk", "notiz": "Maupassant beschreibt Duroys ärmliche Kleider und Bett als äusseres Zeichen sozialer Not.", "ort": "Duroys Zimmer (möbliertes Zimmer, Paris)", "valenz": null, "intensitaet": 2, "gewichtete_valenz": null, "f_wert": null, "f_emotion": null, "raum_emotion": null, "route": null}}, {"type": "Feature", "geometry": {"type": "Point", "coordinates": [2.3198, 48.8839]}, "properties": {"id": 27, "zeile": 1, "tags": ["social", "material"], "perspektive": "erzaehler", "text": "Auf dem Strohstuhl stand sein Seidenzylinder, der einzige Hut, den er besaß, und schien hilfsbedürft", "notiz": "Der einzelne Seidenzylinder als ironisches Symbol sozialer Prekarität — Maupassant beschreibt von aussen.", "ort": "Duroys Zimmer (möbliertes Zimmer, Paris)", "valenz": null, "intensitaet": 2, "gewichtete_valenz": null, "f_wert": null, "f_emotion": null, "raum_emotion": null, "route": null}}, {"type": "Feature", "geometry": {"type": "Point", "coordinates": [2.3198, 48.8839]}, "properties": {"id": 28, "zeile": 1, "tags": ["space", "material", "atmosphere"], "perspektive": "erzaehler", "text": "Die graue Tapete mit blauen Blumensträußen hatte ebensoviel Schmutz als Blumen, alte, verdächtig aus", "notiz": "Maupassant beschreibt den verwahrlosten Zustand des Zimmers detailliert als äussere Kulisse.", "ort": "Duroys Zimmer (möbliertes Zimmer, Paris)", "valenz": null, "intensitaet": 2, "gewichtete_valenz": null, "f_wert": "ort_loest_emotion_aus", "f_emotion": "Verwahrlosung, Elend", "raum_emotion": {"ort": "Duroys Zimmer", "emotion": "Verwahrlosung, Elend", "richtung": "ort_loest_emotion_aus"}, "route": null}}, {"type": "Feature", "geometry": {"type": "Point", "coordinates": [2.3198, 48.8839]}, "properties": {"id": 29, "zeile": 1, "tags": ["smell", "social", "atmosphere"], "perspektive": "figur", "text": "Das alles roch nach dem nacktesten Elend, nach dem Elend eines möblierten Zimmers.", "notiz": "Duroy nimmt den Geruch des Elends wahr — sensorische Erfahrung aus seiner Perspektive.", "ort": "Duroys Zimmer (möbliertes Zimmer, Paris)", "valenz": -1, "intensitaet": 2, "gewichtete_valenz": -2, "f_wert": "koerper_als_sensor", "f_emotion": "Elend, Armut", "raum_emotion": {"ort": "Duroys Zimmer", "emotion": "Elend, Armut", "richtung": "koerper_als_sensor"}, "route": null}}, {"type": "Feature", "geometry": {"type": "Point", "coordinates": [2.3198, 48.8839]}, "properties": {"id": 30, "zeile": 1, "tags": ["george_duroy", "mood", "social"], "perspektive": "figur", "text": "Und eine Erbitterung ergriff ihn gegen die Armseligkeit seines bisherigen Lebens. Er sagte sich, daß", "notiz": "Duroy empfindet Erbitterung über seine soziale Lage und fasst den inneren Entschluss, sie zu verlassen.", "ort": "Duroys Zimmer (möbliertes Zimmer, Paris)", "valenz": -1, "intensitaet": 3, "gewichtete_valenz": -3, "f_wert": "ort_loest_emotion_aus", "f_emotion": "Erbitterung, Aufbegehren", "raum_emotion": {"ort": "Duroys Zimmer", "emotion": "Erbitterung, Aufbegehren", "richtung": "ort_loest_emotion_aus"}, "route": null}}, {"type": "Feature", "geometry": {"type": "Point", "coordinates": [2.3198, 48.8839]}, "properties": {"id": 31, "zeile": 1, "tags": ["george_duroy", "mood", "move"], "perspektive": "figur", "text": "Plötzlich überkam ihn ein neuer Arbeitseifer, er setzte sich wieder an den Tisch und suchte wieder n", "notiz": "Duroy erlebt einen plötzlichen Stimmungsumschwung und kehrt zur Arbeit zurück.", "ort": "Duroys Zimmer (möbliertes Zimmer, Paris)", "valenz": null, "intensitaet": null, "gewichtete_valenz": null, "f_wert": null, "f_emotion": null, "raum_emotion": null, "route": null}}, {"type": "Feature", "geometry": {"type": "Point", "coordinates": [2.3198, 48.8839]}, "properties": {"id": 33, "zeile": 1, "tags": ["george_duroy", "mood", "koerper_als_akteur"], "perspektive": "figur", "text": "Unbestimmte Gedanken schweiften in seinem Kopf; er hätte sie vielleicht erzählen können, aber er ver", "notiz": "Duroys innere Ohnmacht entlädt sich körperlich — Schwitzen, Bluthämmern als sensorischer Ausdruck emotionaler Erregung.", "ort": "Duroys Zimmer (möbliertes Zimmer, Paris)", "valenz": -1, "intensitaet": 2, "gewichtete_valenz": -2, "f_wert": "koerper_als_sensor", "f_emotion": "Fieberhafter Erregungszustand, Ohnmacht", "raum_emotion": {"ort": "Duroys Zimmer", "emotion": "Fieberhafter Erregungszustand, Ohnmacht", "richtung": "koerper_als_sensor"}, "route": null}}, {"type": "Feature", "geometry": {"type": "Point", "coordinates": [2.3198, 48.8839]}, "properties": {"id": 34, "zeile": 1, "tags": ["george_duroy", "mood"], "perspektive": "figur", "text": "Seine Blicke fielen auf die Rechnung der Waschfrau, die der Concierge ihm heraufgebracht hatte, und ", "notiz": "Der Anblick der Wäscherechnung löst Verzweiflung in Duroy aus.", "ort": "Duroys Zimmer/Unterkunft", "valenz": -1, "intensitaet": 2, "gewichtete_valenz": -2, "f_wert": "ort_loest_emotion_aus", "f_emotion": "grenzenlose Verzweiflung", "raum_emotion": {"ort": "Duroys Zimmer", "emotion": "grenzenlose Verzweiflung", "richtung": "ort_loest_emotion_aus"}, "route": null}}, {"type": "Feature", "geometry": {"type": "Point", "coordinates": [2.3198, 48.8839]}, "properties": {"id": 35, "zeile": 2, "tags": ["george_duroy", "mood", "social"], "perspektive": "figur", "text": "Seine Freude war im Augenblick dahin und mit ihr sein Selbstvertrauen und die Hoffnung auf seine Zuk", "notiz": "Duroy erlebt einen totalen emotionalen Zusammenbruch mit Gefühl der Hoffnungslosigkeit und sozialen Versagens.", "ort": "Duroys Zimmer/Unterkunft", "valenz": -1, "intensitaet": 3, "gewichtete_valenz": -3, "f_wert": "ort_loest_emotion_aus", "f_emotion": "Leere, Unfähigkeit, Hoffnungslosigkeit", "raum_emotion": {"ort": "Duroys Zimmer", "emotion": "Leere, Unfähigkeit, Hoffnungslosigkeit", "richtung": "ort_loest_emotion_aus"}, "route": null}}, {"type": "Feature", "geometry": {"type": "Point", "coordinates": [2.3198, 48.8839]}, "properties": {"id": 36, "zeile": 3, "tags": ["george_duroy", "move"], "perspektive": "figur", "text": "Er trat an das Fenster und blickte hinunter.", "notiz": "Duroy bewegt sich zum Fenster und schaut hinaus.", "ort": "Duroys Zimmer/Unterkunft", "valenz": null, "intensitaet": null, "gewichtete_valenz": null, "f_wert": null, "f_emotion": null, "raum_emotion": null, "route": null}}, {"type": "Feature", "geometry": {"type": "Point", "coordinates": [2.3198, 48.8839]}, "properties": {"id": 37, "zeile": 4, "tags": ["sound", "space", "location"], "perspektive": "erzaehler", "text": "Ein Zug kam mit tosendem Lärm aus dem Tunnel heraus, um über Felder und Ebenen nach der Meeresküste ", "notiz": "Maupassant beschreibt von aussen den Zug, der aus einem Tunnel kommt — atmosphärische Kulisse mit Geräusch.", "ort": "Eisenbahntunnel / Gleise bei Duroys Unterkunft", "valenz": null, "intensitaet": 2, "gewichtete_valenz": null, "f_wert": null, "f_emotion": null, "raum_emotion": null, "route": null}}, {"type": "Feature", "geometry": {"type": "Point", "coordinates": [1.67175, 49.16415]}, "properties": {"id": 38, "zeile": 5, "tags": ["george_duroy", "mood", "location_erinnerung"], "perspektive": "figur", "text": "Und Erinnerung an seine Eltern erfüllte das Herz Duroys.", "notiz": "Der Anblick des Zuges löst in Duroy eine emotionale Erinnerung an seine Eltern aus.", "ort": "Duroys Zimmer/Unterkunft", "valenz": 1, "intensitaet": 2, "gewichtete_valenz": 2, "f_wert": "ort_loest_emotion_aus", "f_emotion": "Erinnerung, Sehnsucht", "raum_emotion": {"ort": "Duroys Zimmer", "emotion": "Erinnerung, Sehnsucht", "richtung": "ort_loest_emotion_aus"}, "route": null}}, {"type": "Feature", "geometry": {"type": "Point", "coordinates": [1.0253, 49.4431]}, "properties": {"id": 39, "zeile": 6, "tags": ["location_erinnerung", "space", "george_duroy"], "perspektive": "figur", "text": "Er sah es wieder, dieses kleine Häuschen am Eingange des Dorfes Canteleu, oben auf dem Abhang, der R", "notiz": "Duroy erinnert sich an das elterliche Haus in Canteleu — ein persönlich erlebter, nun imaginierter Ort.", "ort": "Canteleu, Normandie (bei Rouen)", "valenz": 1, "intensitaet": 2, "gewichtete_valenz": 2, "f_wert": "ort_loest_emotion_aus", "f_emotion": "Erinnerung, Nostalgie", "raum_emotion": {"ort": "Canteleu / elterliches Haus", "emotion": "Erinnerung, Nostalgie", "richtung": "ort_loest_emotion_aus"}, "route": null}}, {"type": "Feature", "geometry": {"type": "Point", "coordinates": [1.0253, 49.4431]}, "properties": {"id": 40, "zeile": 7, "tags": ["location", "social", "atmosphere"], "perspektive": "erzaehler", "text": "Sein Vater und seine Mutter hatten eine kleine Schenke, ein Wirtshaus, wo die Einwohner des kleinen ", "notiz": "Maupassant beschreibt von aussen das soziale Milieu der Eltern Duroys in Canteleu.", "ort": "Wirtshaus 'Zur schönen Aussicht', Canteleu", "valenz": null, "intensitaet": 1, "gewichtete_valenz": null, "f_wert": null, "f_emotion": null, "raum_emotion": null, "route": null}}, {"type": "Feature", "geometry": {"type": "Point", "coordinates": [1.68875, 49.14985]}, "properties": {"id": 41, "zeile": 8, "tags": ["social", "historical"], "perspektive": "erzaehler", "text": "Sie hatten aus ihrem Sohn einen »Herrn« machen wollen und schickten ihn aufs Gymnasium. Nach Beendig", "notiz": "Maupassant schildert von aussen Duroys sozialen Aufstiegsversuch und seinen Eintritt ins Militär.", "ort": "unspezifisch / Rückblick", "valenz": null, "intensitaet": 1, "gewichtete_valenz": null, "f_wert": null, "f_emotion": null, "raum_emotion": null, "route": null}}, {"type": "Feature", "geometry": {"type": "Point", "coordinates": [2.3522, 48.8566]}, "properties": {"id": 42, "zeile": 9, "tags": ["location", "move", "social"], "perspektive": "erzaehler", "text": "Doch das Soldatenleben hatte ihn nicht befriedigt, und so war er, ehe er seine fünf Jahre Dienstzeit", "notiz": "Maupassant beschreibt Duroys Entschluss, Paris aufzusuchen, um sein Glück zu machen — von aussen erzählt.", "ort": "Paris (allgemein)", "valenz": null, "intensitaet": 1, "gewichtete_valenz": null, "f_wert": null, "f_emotion": null, "raum_emotion": null, "route": [[2.3521393, 48.8570375], [2.3521879, 48.8571248], [2.3512572, 48.8573458], [2.3513156, 48.857451], [2.3508424, 48.8575818], [2.350199, 48.8577823], [2.3500952, 48.8578131], [2.349769, 48.8579345], [2.3496925, 48.8579562], [2.3495304, 48.8579974], [2.3490405, 48.8581598], [2.3483252, 48.858389], [2.3480441, 48.8584735], [2.348032, 48.8584927], [2.3476108, 48.8586253], [2.3475297, 48.8586218], [2.347248, 48.8587188], [2.3471928, 48.8587623], [2.3465352, 48.8589743], [2.346414, 48.858998], [2.3462687, 48.8590415], [2.3462561, 48.859043], [2.3456891, 48.8592435], [2.3451777, 48.8594021], [2.3450909, 48.8594312], [2.3448562, 48.8595184], [2.3447777, 48.8595228], [2.3446414, 48.8595872], [2.3440722, 48.859767], [2.3440328, 48.8597653], [2.3434942, 48.859961], [2.3433718, 48.8599916], [2.3433018, 48.8600157], [2.3432606, 48.8600317], [2.3424081, 48.8603036], [2.342304, 48.8603336], [2.3422518, 48.8603472], [2.3421206, 48.8603859], [2.3419421, 48.8604491], [2.3412089, 48.860699], [2.3409588, 48.8607737], [2.3406014, 48.8608584], [2.3405089, 48.8609301], [2.3405556, 48.8609971], [2.339245, 48.8614248], [2.3389934, 48.8615767], [2.337099, 48.8621926], [2.3370163, 48.8622194], [2.3366415, 48.8623422], [2.3362884, 48.8625023], [2.3362142, 48.8625228], [2.3362165, 48.862527], [2.336164, 48.8625427], [2.336125, 48.8625552], [2.3354523, 48.862786], [2.3352125, 48.862865], [2.3353557, 48.8631138], [2.3352572, 48.8632535], [2.3352261, 48.8634797], [2.3351385, 48.8636194], [2.335091, 48.8637353], [2.3349976, 48.8639889], [2.3349853, 48.8640126], [2.3348471, 48.8643123], [2.3348269, 48.8643861], [2.3346906, 48.8646349], [2.3346851, 48.8647001], [2.3345295, 48.8650483], [2.334367, 48.8654322], [2.3340719, 48.8661025], [2.3340264, 48.8661662], [2.3339429, 48.8663248], [2.3339197, 48.8663695], [2.3338263, 48.8667062], [2.3336627, 48.8671005], [2.3336425, 48.8671492], [2.3334782, 48.8673353], [2.333472, 48.8675225], [2.3334278, 48.8676248], [2.3333509, 48.8678051], [2.3330789, 48.8684613], [2.3330467, 48.8685039], [2.3329953, 48.8686362], [2.3328506, 48.8689669], [2.3328421, 48.8690173], [2.3327697, 48.8691563], [2.3327437, 48.8691935], [2.3327069, 48.8692758], [2.3323826, 48.8700343], [2.3322388, 48.8700682], [2.3320234, 48.8701995], [2.3320346, 48.8703323], [2.3318809, 48.8704673], [2.3317958, 48.8706816], [2.3318858, 48.870725], [2.3316175, 48.8711054], [2.3307416, 48.8715908], [2.3305997, 48.8715247], [2.3306071, 48.8715661], [2.3303695, 48.8716266], [2.3302261, 48.8718771], [2.3296754, 48.8721605], [2.3295549, 48.8722582], [2.3285926, 48.8727931], [2.3283644, 48.872929], [2.3282496, 48.8729811], [2.3282114, 48.8730031], [2.3280409, 48.8731015], [2.327283, 48.8735363], [2.3271959, 48.8735266], [2.326764, 48.8736386], [2.3266836, 48.8737158], [2.3261002, 48.8737947], [2.3261303, 48.8739972], [2.3260854, 48.8740832], [2.3259071, 48.8742146], [2.3258293, 48.8742318], [2.3251233, 48.8747247], [2.3250041, 48.8748237], [2.3248956, 48.8748859], [2.3248339, 48.8749272], [2.3247594, 48.8749774], [2.3247235, 48.8750032], [2.3246764, 48.8750371], [2.3245957, 48.8752075], [2.3245393, 48.8754116], [2.3244137, 48.8758517], [2.3243619, 48.8758455], [2.3243447, 48.8759065], [2.3243335, 48.8759269], [2.3242741, 48.8759202], [2.3242287, 48.8760746], [2.3242176, 48.876111], [2.3242083, 48.8761433], [2.3241243, 48.8763183], [2.3240811, 48.876415], [2.3235226, 48.8771977], [2.3234571, 48.877308], [2.3233921, 48.87731], [2.3231358, 48.8774559], [2.3231166, 48.8774517], [2.3230806, 48.8774439], [2.322801, 48.877936], [2.3227863, 48.8781446], [2.3226718, 48.8782622], [2.3226284, 48.8782681], [2.3223901, 48.8787111], [2.3224122, 48.8787373], [2.3223379, 48.8788455], [2.3223037, 48.8788522], [2.3220497, 48.8793285], [2.3220657, 48.8793528], [2.3219913, 48.8795203], [2.3218851, 48.8796512], [2.3211792, 48.8809807], [2.3207113, 48.881862], [2.3207145, 48.8819505], [2.3205423, 48.8821623], [2.3204685, 48.8823054], [2.3208497, 48.8823913], [2.3206006, 48.8829185], [2.3205142, 48.8829014]]}}, {"type": "Feature", "geometry": {"type": "Point", "coordinates": [2.3522, 48.8566]}, "properties": {"id": 43, "zeile": 10, "tags": ["george_duroy", "mood", "social"], "perspektive": "figur", "text": "So war er hierhergekommen trotz der Bitten seiner Eltern, die ihn, als sie den Fehlschlag ihrer Hoff", "notiz": "Duroys innere Überzeugung vom künftigen Erfolg und seine trotzige Hoffnung trotz familiärem Widerstand.", "ort": "Paris (allgemein)", "valenz": 1, "intensitaet": 2, "gewichtete_valenz": 2, "f_wert": "ort_loest_emotion_aus", "f_emotion": "Hoffnung, Entschlossenheit", "raum_emotion": {"ort": "Paris", "emotion": "Hoffnung, Entschlossenheit", "richtung": "ort_loest_emotion_aus"}, "route": null}}, {"type": "Feature", "geometry": {"type": "Point", "coordinates": [2.33685, 48.86805]}, "properties": {"id": 44, "zeile": 11, "tags": ["social", "historical"], "perspektive": "erzaehler", "text": "Schon im Regiment hatte er immer Glück bei Frauen gehabt und hatte in besseren Kreisen ein paar Aben", "notiz": "Maupassant beschreibt von aussen Duroys Erfolge bei Frauen im Militärmilieu als Hintergrundinformation.", "ort": "Regiment / unspezifisch", "valenz": null, "intensitaet": 1, "gewichtete_valenz": null, "f_wert": null, "f_emotion": null, "raum_emotion": null, "route": null}}, {"type": "Feature", "geometry": {"type": "Point", "coordinates": [2.33685, 48.86805]}, "properties": {"id": 45, "zeile": 1, "tags": ["social"], "perspektive": "erzaehler", "text": "Er hatte die Tochter des Steuereinnehmers verführt, die alles im Stich lassen wollte, um ihm zu folg", "notiz": "Maupassant schildert von aussen Duroys vergangene Liebesaffären und deren soziale Dimensionen.", "ort": "unbekannt / unspezifisch", "valenz": null, "intensitaet": 1, "gewichtete_valenz": null, "f_wert": null, "f_emotion": null, "raum_emotion": null, "route": null}}, {"type": "Feature", "geometry": {"type": "Point", "coordinates": [2.33685, 48.86805]}, "properties": {"id": 47, "zeile": 5, "tags": ["social"], "perspektive": "erzaehler", "text": "Doch der Drang, Karriere zu machen, beherrschte alles andere.", "notiz": "Maupassant benennt von aussen Duroys dominanten Antrieb — sozialen Aufstieg.", "ort": "unbekannt / unspezifisch", "valenz": null, "intensitaet": 2, "gewichtete_valenz": null, "f_wert": null, "f_emotion": null, "raum_emotion": null, "route": null}}, {"type": "Feature", "geometry": {"type": "Point", "coordinates": [2.33685, 48.86805]}, "properties": {"id": 48, "zeile": 6, "tags": ["george_duroy", "mood", "time"], "perspektive": "figur", "text": "Ohne dessen bewußt zu sein, war er wieder in Träumereien versunken, wie das allabendlich geschah.", "notiz": "Duroy gleitet unbewusst in sein tägliches Abendträumen — innerer Zustand als Gewohnheit.", "ort": "unbekannt / unspezifisch", "valenz": null, "intensitaet": null, "gewichtete_valenz": null, "f_wert": null, "f_emotion": null, "raum_emotion": null, "route": null}}, {"type": "Feature", "geometry": {"type": "Point", "coordinates": [2.33685, 48.86805]}, "properties": {"id": 49, "zeile": 7, "tags": ["george_duroy", "mood", "social", "location_erinnerung"], "perspektive": "figur", "text": "Er träumte von einem Liebesabenteuer, das ihm mit einem Schlage die Erfüllung aller seiner Hoffnunge", "notiz": "Duroy fantasiert von sozialem Aufstieg durch eine reiche Heiratspartei — persönliche Sehnsucht nach einem imaginierten Zukünftigen.", "ort": "die Straße (imaginiert)", "valenz": null, "intensitaet": null, "gewichtete_valenz": null, "f_wert": "emotion_faerbt_raum", "f_emotion": "Sehnsucht, Ehrgeiz", "raum_emotion": {"ort": "imaginierte Straße Paris", "emotion": "Sehnsucht, Ehrgeiz", "richtung": "emotion_faerbt_raum"}, "route": null}}, {"type": "Feature", "geometry": {"type": "Point", "coordinates": [2.3198, 48.8839]}, "properties": {"id": 50, "zeile": 9, "tags": ["sound", "location"], "perspektive": "erzaehler", "text": "Der schneidende Pfiff einer einzelnen Lokomotive, die ganz allein, wie ein großes Kaninchen aus sein", "notiz": "Maupassant beschreibt von aussen den Lokomotivenpfiff, der Duroy aus seiner Träumerei reisst — akustische Kulisse am Bahngelände.", "ort": "Bahngelände / Tunnel (unspezifisch Paris)", "valenz": null, "intensitaet": 2, "gewichtete_valenz": null, "f_wert": null, "f_emotion": null, "raum_emotion": null, "route": null}}, {"type": "Feature", "geometry": {"type": "Point", "coordinates": [2.3198, 48.8839]}, "properties": {"id": 51, "zeile": 11, "tags": ["george_duroy", "mood", "atmosphere", "koerper_als_akteur"], "perspektive": "figur", "text": "Die etwas verwirrten Gedanken an diese frohen Hoffnungen, die sein ganzes Innere erfüllten, hatten i", "notiz": "Duroy erlebt seine Tagträume als körperlich erfrischend und drückt sein Verlangen durch eine Geste in die nächtliche Umgebung aus.", "ort": "nächtliche Umgebung (unspezifisch Paris)", "valenz": null, "intensitaet": null, "gewichtete_valenz": null, "f_wert": "emotion_faerbt_raum", "f_emotion": "Verlangen, Hoffnung, Erfrischung", "raum_emotion": {"ort": "nächtliche Umgebung", "emotion": "Verlangen, Hoffnung, Erfrischung", "richtung": "emotion_faerbt_raum"}, "route": null}}, {"type": "Feature", "geometry": {"type": "Point", "coordinates": [2.3198, 48.8839]}, "properties": {"id": 52, "zeile": 1, "tags": ["george_duroy", "mood"], "perspektive": "figur", "text": "Dann schloß er das Fenster und begann sich auszukleiden, wobei er murmelte: »Ach was, morgen früh we", "notiz": "Duroy registriert seinen schlechten Zustand und schiebt die Arbeit auf — innerer Monolog mit Selbstrechtfertigung.", "ort": "Duroys Zimmer (unspezifisch)", "valenz": null, "intensitaet": null, "gewichtete_valenz": null, "f_wert": null, "f_emotion": null, "raum_emotion": null, "route": null}}, {"type": "Feature", "geometry": {"type": "Point", "coordinates": [2.3198, 48.8839]}, "properties": {"id": 53, "zeile": 4, "tags": ["george_duroy"], "perspektive": "figur", "text": "Er legte sich zu Bett, blies die Lampe aus und schlief fast unmittelbar danach ein.", "notiz": "Kurze Handlungssequenz aus Duroys Perspektive — er schläft ein.", "ort": "Duroys Zimmer (unspezifisch)", "valenz": null, "intensitaet": null, "gewichtete_valenz": null, "f_wert": null, "f_emotion": null, "raum_emotion": null, "route": null}}, {"type": "Feature", "geometry": {"type": "Point", "coordinates": [2.3198, 48.8839]}, "properties": {"id": 54, "zeile": 5, "tags": ["george_duroy", "mood", "time"], "perspektive": "figur", "text": "Er wachte frühzeitig auf, wie man an Tagen lebhafter Hoffnungen oder großer Sorgen aufwacht, sprang ", "notiz": "Duroy erwacht früh mit innerer Aufgewühltheit — die Tageszeit ist emotional aufgeladen.", "ort": "Duroys Zimmer (unspezifisch)", "valenz": null, "intensitaet": null, "gewichtete_valenz": null, "f_wert": "ort_loest_emotion_aus", "f_emotion": "lebhafte Hoffnung / Sorge", "raum_emotion": {"ort": "Duroys Zimmer", "emotion": "lebhafte Hoffnung / Sorge", "richtung": "ort_loest_emotion_aus"}, "route": null}}, {"type": "Feature", "geometry": {"type": "Point", "coordinates": [2.3198, 48.8839]}, "properties": {"id": 55, "zeile": 6, "tags": ["location", "space", "weather"], "perspektive": "erzaehler", "text": "Die Häuser in der Rue de Rome gerade gegenüber, jenseits des breiten Eisenbahndammes, leuchteten im ", "notiz": "Maupassant beschreibt die Rue de Rome im Morgenlicht als leuchtende Stadtkulisse von aussen.", "ort": "Rue de Rome, Paris", "valenz": null, "intensitaet": 2, "gewichtete_valenz": null, "f_wert": null, "f_emotion": null, "raum_emotion": null, "route": null}}, {"type": "Feature", "geometry": {"type": "Point", "coordinates": [2.3198, 48.8839]}, "properties": {"id": 56, "zeile": 7, "tags": ["location", "space", "atmosphere", "weather"], "perspektive": "erzaehler", "text": "Rechts in der Ferne sah er den Hügel von Argenteuil, die Höhen von Sannois und die Mühlen von Orgemo", "notiz": "Erzähler beschreibt die weite Pariser Stadtlandschaft mit fernen Hügeln und atmosphärischem Dunst.", "ort": "Argenteuil / Sannois / Orgemont (Stadtrand Paris)", "valenz": null, "intensitaet": 2, "gewichtete_valenz": null, "f_wert": null, "f_emotion": null, "raum_emotion": null, "route": null}}, {"type": "Feature", "geometry": {"type": "Point", "coordinates": [2.3198, 48.8839]}, "properties": {"id": 57, "zeile": 8, "tags": ["george_duroy", "mood", "space", "atmosphere"], "perspektive": "figur", "text": "Ein paar Minuten blieb Duroy in der Betrachtung der weiten Landschaft versunken und murmelte: »Es wä", "notiz": "Duroy erlebt die Weite der Landschaft als Sehnsucht — der Blick nach draussen erzeugt emotionale Resonanz.", "ort": "Blick aus Duroys Fenster (unspezifisch)", "valenz": null, "intensitaet": null, "gewichtete_valenz": null, "f_wert": "ort_loest_emotion_aus", "f_emotion": "Sehnsucht, Bewunderung", "raum_emotion": {"ort": "Weite Landschaft vor dem Fenster", "emotion": "Sehnsucht, Bewunderung", "richtung": "ort_loest_emotion_aus"}, "route": null}}, {"type": "Feature", "geometry": {"type": "Point", "coordinates": [2.3198, 48.8839]}, "properties": {"id": 58, "zeile": 9, "tags": ["george_duroy", "mood", "social"], "perspektive": "figur", "text": "Dann fiel ihm ein, daß er arbeiten müßte, und zwar sofort, und daß er für zehn Sous den Jungen des C", "notiz": "Duroy denkt an seine Arbeitspflicht und die soziale Lage — zehn Sous als Ausdruck knapper Mittel.", "ort": "Duroys Zimmer (unspezifisch)", "valenz": null, "intensitaet": null, "gewichtete_valenz": null, "f_wert": null, "f_emotion": null, "raum_emotion": null, "route": null}}, {"type": "Feature", "geometry": {"type": "Point", "coordinates": [2.3198, 48.8839]}, "properties": {"id": 59, "zeile": 10, "tags": ["george_duroy", "mood"], "perspektive": "figur", "text": "Er setzte sich an den Tisch, tauchte die Feder in das Tintenfaß, stützte den Kopf mit der Hand und s", "notiz": "Duroy scheitert beim Schreiben — innerer Zustand der Ideenlosigkeit und Frustration.", "ort": "Duroys Zimmer (unspezifisch)", "valenz": null, "intensitaet": null, "gewichtete_valenz": null, "f_wert": null, "f_emotion": null, "raum_emotion": null, "route": null}}, {"type": "Feature", "geometry": {"type": "Point", "coordinates": [2.3198, 48.8839]}, "properties": {"id": 60, "zeile": 11, "tags": ["george_duroy", "mood"], "perspektive": "figur", "text": "Trotzdem verlor er nicht den Mut. Er dachte: »Es ist nicht so schlimm, ich bin eben nicht daran gewö", "notiz": "Duroy motiviert sich innerlich und fasst den Entschluss, Forestier um Hilfe zu bitten.", "ort": "Duroys Zimmer (unspezifisch)", "valenz": null, "intensitaet": null, "gewichtete_valenz": null, "f_wert": null, "f_emotion": null, "raum_emotion": null, "route": null}}, {"type": "Feature", "geometry": {"type": "Point", "coordinates": [2.3198, 48.8839]}, "properties": {"id": 61, "zeile": 12, "tags": ["george_duroy"], "perspektive": "erzaehler", "text": "Er zog sich an.", "notiz": "Knappe Handlungsbeschreibung des Erzählers — Duroy bereitet sich auf das Verlassen der Wohnung vor.", "ort": "Duroys Zimmer (unspezifisch)", "valenz": null, "intensitaet": null, "gewichtete_valenz": null, "f_wert": null, "f_emotion": null, "raum_emotion": null, "route": null}}, {"type": "Feature", "geometry": {"type": "Point", "coordinates": [2.3198, 48.8839]}, "properties": {"id": 62, "zeile": 13, "tags": ["george_duroy", "time", "mood"], "perspektive": "figur", "text": "Als er auf der Straße war, dachte er, daß es wohl noch zu früh sei, sich schon seinem Freunde vorzus", "notiz": "Duroy erlebt die Tageszeit als Hindernis — die frühe Stunde ist emotional relevant für seinen Plan.", "ort": "Straße nahe Duroys Wohnung (unspezifisch)", "valenz": -1, "intensitaet": 1, "gewichtete_valenz": -1, "f_wert": "ort_loest_emotion_aus", "f_emotion": "Ungeduld, Zögern", "raum_emotion": {"ort": "Straße", "emotion": "Ungeduld, Zögern", "richtung": "ort_loest_emotion_aus"}, "route": null}}, {"type": "Feature", "geometry": {"type": "Point", "coordinates": [2.32, 48.883]}, "properties": {"id": 63, "zeile": 14, "tags": ["george_duroy", "move", "space"], "perspektive": "figur", "text": "Er ging langsam unter den Bäumen der äußeren Boulevards auf und ab.", "notiz": "Duroy bewegt sich wartend auf den äusseren Boulevards — die Bewegung entspricht seiner inneren Unentschlossenheit.", "ort": "Äußere Boulevards Paris (Nähe Batignolles/Clichy)", "valenz": null, "intensitaet": null, "gewichtete_valenz": null, "f_wert": "emotion_faerbt_raum", "f_emotion": "Warten, Zögern", "raum_emotion": {"ort": "Äußere Boulevards", "emotion": "Warten, Zögern", "richtung": "emotion_faerbt_raum"}, "route": [[2.3205142, 48.8829014], [2.3206006, 48.8829185], [2.3208497, 48.8823913], [2.3204685, 48.8823054], [2.3205423, 48.8821623], [2.3202717, 48.8820714], [2.3188644, 48.8817825], [2.3189424, 48.8816157], [2.3189089, 48.8816024], [2.3187756, 48.8815719], [2.3169965, 48.881186], [2.3166229, 48.881095], [2.3162491, 48.8811439], [2.3154235, 48.8810463], [2.3152682, 48.8810296], [2.3152325, 48.8810354], [2.3140638, 48.8808777], [2.3129563, 48.8807358], [2.3129515, 48.8807211], [2.3125035, 48.8806894], [2.3131397, 48.8801304], [2.3120101, 48.879692], [2.3118032, 48.879636], [2.3111881, 48.8795704], [2.310351, 48.8795204], [2.3101447, 48.8795095], [2.309688, 48.8794946], [2.309624, 48.8794924]]}}, {"type": "Feature", "geometry": {"type": "Point", "coordinates": [2.3148, 48.8813]}, "properties": {"id": 64, "zeile": 1, "tags": ["time"], "perspektive": "erzaehler", "text": "Es war noch nicht neun Uhr.", "notiz": "Neutrale Erzählerangabe der Tageszeit.", "ort": "unbekannt", "valenz": null, "intensitaet": 1, "gewichtete_valenz": null, "f_wert": null, "f_emotion": null, "raum_emotion": null, "route": null}}, {"type": "Feature", "geometry": {"type": "Point", "coordinates": [2.3096, 48.8796]}, "properties": {"id": 65, "zeile": 1, "tags": ["move", "george_duroy", "location"], "perspektive": "figur", "text": "Er erreichte den Park Monceau", "notiz": "Duroy bewegt sich aktiv zum Parc Monceau.", "ort": "Parc Monceau, Paris", "valenz": null, "intensitaet": null, "gewichtete_valenz": null, "f_wert": null, "f_emotion": null, "raum_emotion": null, "route": [[2.309624, 48.8794924]]}}, {"type": "Feature", "geometry": {"type": "Point", "coordinates": [2.3096, 48.8796]}, "properties": {"id": 66, "zeile": 1, "tags": ["weather", "atmosphere"], "perspektive": "erzaehler", "text": "der vom frischen Tau noch ganz feucht war", "notiz": "Maupassant beschreibt die atmosphärische Feuchte des Parks als Kulisse.", "ort": "Parc Monceau, Paris", "valenz": null, "intensitaet": 1, "gewichtete_valenz": null, "f_wert": null, "f_emotion": null, "raum_emotion": null, "route": null}}, {"type": "Feature", "geometry": {"type": "Point", "coordinates": [2.3096, 48.8796]}, "properties": {"id": 67, "zeile": 1, "tags": ["george_duroy", "mood"], "perspektive": "figur", "text": "Er setzte sich auf eine Bank und begann wieder zu träumen.", "notiz": "Duroy versetzt sich in einen träumerischen inneren Zustand auf einer Parkbank.", "ort": "Parc Monceau, Paris", "valenz": 1, "intensitaet": 1, "gewichtete_valenz": 1, "f_wert": "ort_loest_emotion_aus", "f_emotion": "Träumerei, Sehnsucht", "raum_emotion": {"ort": "Parc Monceau", "emotion": "Träumerei, Sehnsucht", "richtung": "ort_loest_emotion_aus"}, "route": null}}, {"type": "Feature", "geometry": {"type": "Point", "coordinates": [2.3096, 48.8796]}, "properties": {"id": 68, "zeile": 2, "tags": ["social", "atmosphere"], "perspektive": "erzaehler", "text": "Ein sehr eleganter, junger Mann ging vor ihm auf und ab, offenbar in Erwartung einer Frau. Endlich k", "notiz": "Maupassant beschreibt von aussen eine elegante, geheimnisvolle Begegnung im Park als soziale Kulisse.", "ort": "Parc Monceau, Paris", "valenz": null, "intensitaet": 2, "gewichtete_valenz": null, "f_wert": null, "f_emotion": null, "raum_emotion": null, "route": null}}, {"type": "Feature", "geometry": {"type": "Point", "coordinates": [2.3096, 48.8796]}, "properties": {"id": 69, "zeile": 3, "tags": ["george_duroy", "mood", "smell"], "perspektive": "figur", "text": "Ein stürmischer Trieb nach Liebe schoß durch Duroys Herz, ein heißes Verlangen nach einem vornehmen,", "notiz": "Die Begegnung im Park löst in Duroy ein leidenschaftliches Verlangen nach Liebe und sozialem Aufstieg aus.", "ort": "Parc Monceau, Paris", "valenz": 1, "intensitaet": 3, "gewichtete_valenz": 3, "f_wert": "ort_loest_emotion_aus", "f_emotion": "stürmisches Liebesverlangen", "raum_emotion": {"ort": "Parc Monceau", "emotion": "stürmisches Liebesverlangen", "richtung": "ort_loest_emotion_aus"}, "route": null}}, {"type": "Feature", "geometry": {"type": "Point", "coordinates": [2.3096, 48.8796]}, "properties": {"id": 70, "zeile": 3, "tags": ["george_duroy", "move", "mood", "social"], "perspektive": "figur", "text": "Er stand auf, setzte seinen Weg fort und dachte dabei an Forestier. Hatte der Glück gehabt!", "notiz": "Duroy bewegt sich weiter und denkt neidvoll an Forestiers gesellschaftliches Glück.", "ort": "Parc Monceau, Umgebung, Paris", "valenz": null, "intensitaet": null, "gewichtete_valenz": null, "f_wert": "emotion_faerbt_raum", "f_emotion": "Neid, sozialer Ehrgeiz", "raum_emotion": {"ort": "Parc Monceau / Weg zu Forestier", "emotion": "Neid, sozialer Ehrgeiz", "richtung": "emotion_faerbt_raum"}, "route": [[2.309624, 48.8794924], [2.309688, 48.8794946], [2.3101447, 48.8795095], [2.310351, 48.8795204], [2.3111881, 48.8795704], [2.3118032, 48.879636], [2.3120101, 48.879692], [2.3133746, 48.8799548], [2.3134297, 48.8799121], [2.3139977, 48.8794683], [2.3140608, 48.8794029], [2.3141586, 48.8793125], [2.3142604, 48.8792466], [2.3145604, 48.8794126], [2.3149664, 48.8790802], [2.3154164, 48.8791457], [2.3154298, 48.8791592], [2.3155602, 48.8791817], [2.3155737, 48.879171], [2.317083, 48.879397], [2.3170892, 48.8794232], [2.3172657, 48.8794373], [2.3173076, 48.879424], [2.3180752, 48.8795445], [2.3180829, 48.8795666], [2.3182121, 48.8795868], [2.3182857, 48.8795643], [2.3184204, 48.8794339], [2.3184885, 48.8793753], [2.3186129, 48.8792758], [2.3196232, 48.8793317], [2.3216905, 48.8794257], [2.3218189, 48.8793471], [2.3220497, 48.8793285], [2.3220657, 48.8793528], [2.3229867, 48.8790699], [2.3230714, 48.8791822], [2.3234781, 48.8792563], [2.3236487, 48.8791963], [2.3237456, 48.8791423], [2.3253953, 48.8794374], [2.3255554, 48.8794585], [2.3267438, 48.8796637], [2.3268261, 48.8796069], [2.3268557, 48.8795568], [2.326958, 48.879571], [2.3270782, 48.8795697], [2.3270897, 48.8796], [2.3291509, 48.8796335], [2.3291728, 48.879619], [2.329298, 48.8796468], [2.3292155, 48.8798491], [2.3313392, 48.880077], [2.3313576, 48.8800387], [2.3314587, 48.8799783], [2.3315118, 48.8799849], [2.332712, 48.8797138], [2.3328897, 48.879674], [2.3336581, 48.8794923], [2.3337043, 48.8795325], [2.333784, 48.8795143], [2.3338764, 48.8794949], [2.3339048, 48.8795189], [2.3347262, 48.8793518], [2.3347626, 48.8793634]]}}, {"type": "Feature", "geometry": {"type": "Point", "coordinates": [2.3221, 48.8796]}, "properties": {"id": 71, "zeile": 4, "tags": ["location"], "perspektive": "erzaehler", "text": "An der Haustür traf er mit Forestier zusammen, der gerade fortgehen wollte", "notiz": "Erzähler beschreibt neutral das Zusammentreffen an der Haustür von Forestiers Wohnhaus.", "ort": "Haustür von Forestiers Wohnhaus, Paris", "valenz": null, "intensitaet": 1, "gewichtete_valenz": null, "f_wert": null, "f_emotion": null, "raum_emotion": null, "route": null}}, {"type": "Feature", "geometry": {"type": "Point", "coordinates": [2.3221, 48.8796]}, "properties": {"id": 72, "zeile": 5, "tags": ["george_duroy", "mood"], "perspektive": "figur", "text": "Duroy war verlegen, daß er ihn gerade beim Aufbruch störte und stotterte", "notiz": "Duroy erlebt Verlegenheit und sozialen Druck beim unerwarteten Zusammentreffen mit Forestier.", "ort": "Haustür von Forestiers Wohnhaus, Paris", "valenz": -1, "intensitaet": 2, "gewichtete_valenz": -2, "f_wert": "ort_loest_emotion_aus", "f_emotion": "Verlegenheit", "raum_emotion": {"ort": "Haustür Forestiers Wohnhaus", "emotion": "Verlegenheit", "richtung": "ort_loest_emotion_aus"}, "route": null}}, {"type": "Feature", "geometry": {"type": "Point", "coordinates": [2.3221, 48.8796]}, "properties": {"id": 73, "zeile": 1, "tags": ["george_duroy", "mood"], "perspektive": "figur", "text": "Duroy wurde plötzlich wieder verlegen, er zögerte und getraute sich nicht.", "notiz": "Duroy erlebt Verlegenheit und Zögern vor dem Besuch bei Madame Forestier.", "ort": "Treppenhaus/Eingang des Forestier-Hauses", "valenz": -1, "intensitaet": 2, "gewichtete_valenz": -2, "f_wert": "ort_loest_emotion_aus", "f_emotion": "Verlegenheit, Zögern", "raum_emotion": {"ort": "Treppenhaus", "emotion": "Verlegenheit, Zögern", "richtung": "ort_loest_emotion_aus"}, "route": null}}, {"type": "Feature", "geometry": {"type": "Point", "coordinates": [2.3221, 48.8796]}, "properties": {"id": 74, "zeile": 5, "tags": ["koerper_als_akteur", "move"], "perspektive": "erzaehler", "text": "Forestier packte ihn bei der Schulter, drehte ihn herum und schob ihn die Treppe hinauf", "notiz": "Maupassant beschreibt von aussen, wie Forestier Duroy körperlich die Treppe hinaufschiebt.", "ort": "Treppenhaus des Forestier-Hauses", "valenz": null, "intensitaet": 1, "gewichtete_valenz": null, "f_wert": null, "f_emotion": null, "raum_emotion": null, "route": null}}, {"type": "Feature", "geometry": {"type": "Point", "coordinates": [2.3221, 48.8796]}, "properties": {"id": 75, "zeile": 8, "tags": ["george_duroy", "mood"], "perspektive": "figur", "text": "Da entschloß sich endlich Duroy.", "notiz": "Duroy fasst nach langem Zögern einen Entschluss — innerer Zustandswechsel.", "ort": "Treppenhaus des Forestier-Hauses", "valenz": 1, "intensitaet": 1, "gewichtete_valenz": 1, "f_wert": null, "f_emotion": null, "raum_emotion": null, "route": null}}, {"type": "Feature", "geometry": {"type": "Point", "coordinates": [2.3221, 48.8796]}, "properties": {"id": 76, "zeile": 12, "tags": ["move"], "perspektive": "erzaehler", "text": "Forestier ging schnell davon, während Duroy langsam Stufe für Stufe die Treppe hinaufstieg", "notiz": "Maupassant beschreibt von aussen die gegensätzliche Bewegung beider Figuren.", "ort": "Treppenhaus des Forestier-Hauses", "valenz": null, "intensitaet": null, "gewichtete_valenz": null, "f_wert": null, "f_emotion": null, "raum_emotion": null, "route": null}}, {"type": "Feature", "geometry": {"type": "Point", "coordinates": [2.3221, 48.8796]}, "properties": {"id": 77, "zeile": 12, "tags": ["george_duroy", "mood"], "perspektive": "figur", "text": "denn er wußte nicht recht, was er oben sagen sollte, und war nicht sicher, wie er empfangen würde.", "notiz": "Duroy erlebt innere Unsicherheit und Ungewissheit auf dem Weg nach oben.", "ort": "Treppenhaus des Forestier-Hauses", "valenz": -1, "intensitaet": 2, "gewichtete_valenz": -2, "f_wert": "ort_loest_emotion_aus", "f_emotion": "Unsicherheit, Ungewissheit", "raum_emotion": {"ort": "Treppenhaus", "emotion": "Unsicherheit, Ungewissheit", "richtung": "ort_loest_emotion_aus"}, "route": null}}, {"type": "Feature", "geometry": {"type": "Point", "coordinates": [2.3221, 48.8796]}, "properties": {"id": 78, "zeile": 14, "tags": ["social", "material"], "perspektive": "erzaehler", "text": "Der Diener öffnete; er trug eine blaue Schürze und hielt einen Besen in der Hand.", "notiz": "Maupassant beschreibt den Diener mit sozialen Markers (Schürze, Besen) von aussen.", "ort": "Eingang der Wohnung Forestier", "valenz": null, "intensitaet": 1, "gewichtete_valenz": null, "f_wert": null, "f_emotion": null, "raum_emotion": null, "route": null}}, {"type": "Feature", "geometry": {"type": "Point", "coordinates": [2.3221, 48.8796]}, "properties": {"id": 79, "zeile": 18, "tags": ["george_duroy", "mood"], "perspektive": "figur", "text": "Duroy ließ sich nicht abweisen.", "notiz": "Duroy zeigt Entschlossenheit und lässt sich vom Diener nicht wegschicken.", "ort": "Eingang der Wohnung Forestier", "valenz": 1, "intensitaet": 1, "gewichtete_valenz": 1, "f_wert": null, "f_emotion": null, "raum_emotion": null, "route": null}}, {"type": "Feature", "geometry": {"type": "Point", "coordinates": [2.3221, 48.8796]}, "properties": {"id": 80, "zeile": 22, "tags": ["george_duroy", "time"], "perspektive": "figur", "text": "Dann wartete er.", "notiz": "Duroy wartet — Zeit als erlebter Zustand der Ungewissheit.", "ort": "Vorzimmer der Wohnung Forestier", "valenz": -1, "intensitaet": 1, "gewichtete_valenz": -1, "f_wert": "ort_loest_emotion_aus", "f_emotion": "Erwartung, Ungewissheit", "raum_emotion": {"ort": "Vorzimmer", "emotion": "Erwartung, Ungewissheit", "richtung": "ort_loest_emotion_aus"}, "route": null}}, {"type": "Feature", "geometry": {"type": "Point", "coordinates": [2.3221, 48.8796]}, "properties": {"id": 81, "zeile": 24, "tags": ["location", "space", "social"], "perspektive": "erzaehler", "text": "Sie saß auf einem Schreibtischsessel in einem kleinen Zimmer, dessen Wände durch schwarze Bücherrega", "notiz": "Maupassant beschreibt das Arbeitszimmer von aussen — Möbel und Bücherregale als sozialer Marker.", "ort": "Arbeitszimmer der Wohnung Forestier", "valenz": null, "intensitaet": 2, "gewichtete_valenz": null, "f_wert": null, "f_emotion": null, "raum_emotion": null, "route": null}}, {"type": "Feature", "geometry": {"type": "Point", "coordinates": [2.3221, 48.8796]}, "properties": {"id": 82, "zeile": 25, "tags": ["atmosphere", "material"], "perspektive": "erzaehler", "text": "Nur die Einbände mit ihren bunten Farben, rot, blau, gelb, grün und violett, brachten Frohsinn in di", "notiz": "Maupassant beschreibt die Atmosphäre des Zimmers durch die Farben der Bucheinbände als belebende Kontrastierung.", "ort": "Arbeitszimmer der Wohnung Forestier", "valenz": null, "intensitaet": 2, "gewichtete_valenz": null, "f_wert": "ort_loest_emotion_aus", "f_emotion": "Frohsinn, Belebung", "raum_emotion": {"ort": "Arbeitszimmer", "emotion": "Frohsinn, Belebung", "richtung": "ort_loest_emotion_aus"}, "route": null}}, {"type": "Feature", "geometry": {"type": "Point", "coordinates": [2.3221, 48.8796]}, "properties": {"id": 83, "zeile": 1, "tags": ["social", "material"], "perspektive": "erzaehler", "text": "Bekleidet mit einem weißen, spitzenbedeckten Morgenkleid, wandte sie sich ihm lächelnd zu, und als s", "notiz": "Maupassant beschreibt Madame Forestiers Erscheinung und Kleidung von aussen als sozialen Marker.", "ort": "Wohnung Forestier, Paris", "valenz": null, "intensitaet": 2, "gewichtete_valenz": null, "f_wert": null, "f_emotion": null, "raum_emotion": null, "route": null}}, {"type": "Feature", "geometry": {"type": "Point", "coordinates": [2.3221, 48.8796]}, "properties": {"id": 84, "zeile": 6, "tags": ["george_duroy", "mood"], "perspektive": "figur", "text": "»Oh, Madame, ich wollte gar nicht heraufkommen. Doch ich traf unten Ihren Herrn Gemahl, er zwang mic", "notiz": "Duroy drückt seine innere Verwirrung und Schüchternheit in der sozialen Situation aus.", "ort": "Wohnung Forestier, Paris", "valenz": -1, "intensitaet": 2, "gewichtete_valenz": -2, "f_wert": "ort_loest_emotion_aus", "f_emotion": "Verwirrung, Befangenheit", "raum_emotion": {"ort": "Wohnung Forestier", "emotion": "Verwirrung, Befangenheit", "richtung": "ort_loest_emotion_aus"}, "route": null}}, {"type": "Feature", "geometry": {"type": "Point", "coordinates": [2.3221, 48.8796]}, "properties": {"id": 85, "zeile": 13, "tags": ["material", "space"], "perspektive": "erzaehler", "text": "Sie hielt zwischen den Fingern eine Gänsefeder, die sie geschickt herumdrehte, und vor ihr lag ein h", "notiz": "Maupassant beschreibt Madame Forestiers Arbeitssituation und ihr selbstsicheres Auftreten am Schreibtisch von aussen.", "ort": "Wohnung Forestier, Paris", "valenz": null, "intensitaet": 1, "gewichtete_valenz": null, "f_wert": null, "f_emotion": null, "raum_emotion": null, "route": null}}, {"type": "Feature", "geometry": {"type": "Point", "coordinates": [2.3221, 48.8796]}, "properties": {"id": 86, "zeile": 17, "tags": ["smell", "george_duroy", "mood", "material"], "perspektive": "figur", "text": "Ein leichtes Parfüm entstieg dem Morgenrock, der frische Duft der eben beendeten Toilette. Und Duroy", "notiz": "Duroy nimmt einen Duft sensorisch wahr und projiziert erotisches Begehren auf Madame Forestiers Körper.", "ort": "Wohnung Forestier, Paris", "valenz": 1, "intensitaet": 3, "gewichtete_valenz": 3, "f_wert": "koerper_als_sensor", "f_emotion": "erotisches Begehren, Neugier", "raum_emotion": {"ort": "Wohnung Forestier", "emotion": "erotisches Begehren, Neugier", "richtung": "koerper_als_sensor"}, "route": null}}, {"type": "Feature", "geometry": {"type": "Point", "coordinates": [2.3221, 48.8796]}, "properties": {"id": 87, "zeile": 22, "tags": ["george_duroy", "mood", "time"], "perspektive": "figur", "text": "Zögernd murmelte er: »Also ... aber wirklich ... ich wage es gar nicht zu sagen ... Ich habe gestern", "notiz": "Duroy schildert zögernd und schambesetzt seine Unfähigkeit, den Artikel zu schreiben, und erlebt dabei Zeitdruck und innere Not.", "ort": "Wohnung Forestier, Paris", "valenz": -1, "intensitaet": 2, "gewichtete_valenz": -2, "f_wert": "ort_loest_emotion_aus", "f_emotion": "Scham, Hilflosigkeit, Zeitdruck", "raum_emotion": {"ort": "Wohnung Forestier", "emotion": "Scham, Hilflosigkeit, Zeitdruck", "richtung": "ort_loest_emotion_aus"}, "route": null}}, {"type": "Feature", "geometry": {"type": "Point", "coordinates": [2.3221, 48.8796]}, "properties": {"id": 89, "zeile": 3, "tags": ["george_duroy", "material"], "perspektive": "erzaehler", "text": "Er setzte sich, nahm eine Feder, breitete ein Blatt Papier vor sich aus und wartete.", "notiz": "Maupassant beschreibt Duroys Vorbereitung zum Schreiben von aussen — neutrale Handlungsfolge ohne inneres Erleben.", "ort": "Wohnung Forestier (Paris, nähere Lage unbekannt)", "valenz": null, "intensitaet": null, "gewichtete_valenz": null, "f_wert": null, "f_emotion": null, "raum_emotion": null, "route": null}}, {"type": "Feature", "geometry": {"type": "Point", "coordinates": [2.3221, 48.8796]}, "properties": {"id": 90, "zeile": 5, "tags": ["george_duroy", "mood"], "perspektive": "figur", "text": "Er blickte erstaunt zu ihr auf.", "notiz": "Duroy reagiert mit Erstaunen — kurzer, expliziter emotionaler Zustand aus seiner Perspektive.", "ort": "Wohnung Forestier (Paris, nähere Lage unbekannt)", "valenz": -1, "intensitaet": 1, "gewichtete_valenz": -1, "f_wert": null, "f_emotion": null, "raum_emotion": null, "route": null}}, {"type": "Feature", "geometry": {"type": "Point", "coordinates": [2.3221, 48.8796]}, "properties": {"id": 91, "zeile": 9, "tags": ["george_duroy", "mood"], "perspektive": "figur", "text": "Er blieb verwirrt, endlich sagte er zögernd:", "notiz": "Duroys innere Verwirrung und Zögern sind emotional erlebte Zustände aus seiner Perspektive.", "ort": "Wohnung Forestier (Paris, nähere Lage unbekannt)", "valenz": -1, "intensitaet": 2, "gewichtete_valenz": -2, "f_wert": null, "f_emotion": null, "raum_emotion": null, "route": null}}, {"type": "Feature", "geometry": {"type": "Point", "coordinates": [2.3221, 48.8796]}, "properties": {"id": 93, "zeile": 16, "tags": ["george_duroy", "mood"], "perspektive": "figur", "text": "Er wußte aber nicht, wo er anfangen sollte", "notiz": "Duroys innere Ratlosigkeit und Unsicherheit beim Formulieren — expliziter emotionaler Zustand aus seiner Perspektive.", "ort": "Wohnung Forestier (Paris, nähere Lage unbekannt)", "valenz": -1, "intensitaet": 2, "gewichtete_valenz": -2, "f_wert": null, "f_emotion": null, "raum_emotion": null, "route": null}}, {"type": "Feature", "geometry": {"type": "Point", "coordinates": [2.3221, 48.8796]}, "properties": {"id": 96, "zeile": 1, "tags": ["sound", "material"], "perspektive": "erzaehler", "text": "Sie machte eine Pause, um die ausgegangene Zigarette wieder anzuzünden, und sofort hörte das kritzel", "notiz": "Maupassant beschreibt von aussen das akustische Detail des abbrechenden Schreibgeräusches und das materielle Objekt der Gänsefeder.", "ort": "Unbekannter Innenraum (Kontext: Redaktion oder Privatwohnung)", "valenz": null, "intensitaet": 2, "gewichtete_valenz": null, "f_wert": null, "f_emotion": null, "raum_emotion": null, "route": null}}, {"type": "Feature", "geometry": {"type": "Point", "coordinates": [2.3221, 48.8796]}, "properties": {"id": 98, "zeile": 4, "tags": ["location", "atmosphere", "space"], "perspektive": "erzaehler", "text": "Algier ist das Tor, das weiße, bezaubernde Eingangstor dieses seltsamen Kontinents.", "notiz": "Maupassant beschreibt Algier mit atmosphärischer Qualität als weisses, bezauberndes Tor zu einem fremden Kontinent — von aussen erzählt.", "ort": "Algier", "valenz": null, "intensitaet": 2, "gewichtete_valenz": null, "f_wert": "ort_loest_emotion_aus", "f_emotion": "Faszination, Fremdheit", "raum_emotion": {"ort": "Algier", "emotion": "Faszination, Fremdheit", "richtung": "ort_loest_emotion_aus"}, "route": null}}, {"type": "Feature", "geometry": {"type": "Point", "coordinates": [2.3221, 48.8796]}, "properties": {"id": 102, "zeile": 1, "tags": ["space", "atmosphere"], "perspektive": "erzaehler", "text": "Sie rieb sich die Hände, höchst zufrieden mit ihrem Einfall. Dann stand sie auf, ging im Zimmer auf ", "notiz": "Maupassant beschreibt Madame de Marelles Bewegungen und Stimmung im Zimmer von aussen.", "ort": "Zimmer (Wohnung Madame de Marelles, Paris)", "valenz": null, "intensitaet": 2, "gewichtete_valenz": null, "f_wert": null, "f_emotion": null, "raum_emotion": null, "route": null}}, {"type": "Feature", "geometry": {"type": "Point", "coordinates": [2.3221, 48.8796]}, "properties": {"id": 103, "zeile": 2, "tags": ["smell", "material", "atmosphere"], "perspektive": "erzaehler", "text": "Sie blies den Rauch vor sich hin, der zuerst aus dem kleinen runden Loch zwischen ihren zusammengepr", "notiz": "Maupassant beschreibt den Zigarettenrauch als atmosphärisches Stimmungselement von aussen.", "ort": "Zimmer (Wohnung Madame de Marelles, Paris)", "valenz": null, "intensitaet": 2, "gewichtete_valenz": null, "f_wert": null, "f_emotion": null, "raum_emotion": null, "route": null}}, {"type": "Feature", "geometry": {"type": "Point", "coordinates": [2.3221, 48.8796]}, "properties": {"id": 104, "zeile": 3, "tags": ["material", "atmosphere"], "perspektive": "erzaehler", "text": "Bisweilen zerstörte sie die leichten, übriggebliebenen Streifen mit einer schnellen Bewegung der fla", "notiz": "Erzähler beschreibt das spielerische Hantieren mit dem Rauch als szenisches Detail von aussen.", "ort": "Zimmer (Wohnung Madame de Marelles, Paris)", "valenz": null, "intensitaet": 1, "gewichtete_valenz": null, "f_wert": null, "f_emotion": null, "raum_emotion": null, "route": null}}, {"type": "Feature", "geometry": {"type": "Point", "coordinates": [2.3221, 48.8796]}, "properties": {"id": 105, "zeile": 4, "tags": ["george_duroy", "mood"], "perspektive": "figur", "text": "Duroy verfolgte jede ihrer Bewegungen, jede Stellung ihres Körpers, jede Veränderung in ihrem Gesich", "notiz": "Duroy beobachtet Madame de Marelle mit innerer Aufmerksamkeit und Faszination.", "ort": "Zimmer (Wohnung Madame de Marelles, Paris)", "valenz": 1, "intensitaet": 2, "gewichtete_valenz": 2, "f_wert": "ort_loest_emotion_aus", "f_emotion": "Faszination, aufmerksame Beobachtung", "raum_emotion": {"ort": "Zimmer", "emotion": "Faszination, aufmerksame Beobachtung", "richtung": "ort_loest_emotion_aus"}, "route": null}}, {"type": "Feature", "geometry": {"type": "Point", "coordinates": [2.3221, 48.8796]}, "properties": {"id": 106, "zeile": 5, "tags": ["atmosphere"], "perspektive": "erzaehler", "text": "Sie erfand jetzt Reiseerlebnisse, schilderte selbst erfundene Reisegefährten und entwarf eine Liebes", "notiz": "Maupassant beschreibt Madame de Marelles schriftstellerische Erfindungskraft von aussen.", "ort": "Zimmer (Wohnung Madame de Marelles, Paris)", "valenz": 0, "intensitaet": 2, "gewichtete_valenz": 0, "f_wert": null, "f_emotion": null, "raum_emotion": null, "route": null}}, {"type": "Feature", "geometry": {"type": "Point", "coordinates": [2.3221, 48.8796]}, "properties": {"id": 110, "zeile": 2, "tags": ["location_erinnerung", "sound", "atmosphere"], "perspektive": "erzaehler", "text": "Frau Forestier erzählte von dem nächtlichen Stelldichein in dem steinigen, kahlen Gebirge, wo inmitt", "notiz": "Maupassant beschreibt von aussen den Inhalt des Artikels — eine lebendige Klangszenerie des algerischen Gebirges.", "ort": "Algerisches Gebirge (fiktiver Artikelinhalt)", "valenz": null, "intensitaet": 2, "gewichtete_valenz": null, "f_wert": null, "f_emotion": null, "raum_emotion": null, "route": null}}, {"type": "Feature", "geometry": {"type": "Point", "coordinates": [2.3221, 48.8796]}, "properties": {"id": 111, "zeile": 6, "tags": ["george_duroy", "mood"], "perspektive": "figur", "text": "Da begann er zu lachen und schrieb unten auf den Rand der letzten Seite: »Georges Duroy.«", "notiz": "Duroy reagiert mit Lachen und unterzeichnet den Artikel — ein Moment innerer Leichtigkeit und Zustimmung.", "ort": "Wohnung Forestier, Paris", "valenz": null, "intensitaet": null, "gewichtete_valenz": null, "f_wert": null, "f_emotion": null, "raum_emotion": null, "route": null}}, {"type": "Feature", "geometry": {"type": "Point", "coordinates": [2.3221, 48.8796]}, "properties": {"id": 112, "zeile": 7, "tags": ["george_duroy", "mood"], "perspektive": "figur", "text": "Er war glücklich, in ihrer Nähe zu sein; erfüllt von Dankbarkeit, genoß er das sinnliche Glück ihrer", "notiz": "Duroy erlebt ein tiefes Glücksgefühl in der Nähe von Frau Forestier — ein explizit inneres emotionales Erleben.", "ort": "Wohnung Forestier, Paris", "valenz": null, "intensitaet": null, "gewichtete_valenz": null, "f_wert": "ort_loest_emotion_aus", "f_emotion": "Glück, Dankbarkeit, sinnliche Vertraulichkeit", "raum_emotion": {"ort": "Wohnung Forestier", "emotion": "Glück, Dankbarkeit, sinnliche Vertraulichkeit", "richtung": "ort_loest_emotion_aus"}, "route": null}}, {"type": "Feature", "geometry": {"type": "Point", "coordinates": [2.3221, 48.8796]}, "properties": {"id": 113, "zeile": 8, "tags": ["george_duroy", "space", "atmosphere", "smell", "material"], "perspektive": "figur", "text": "Ihm war, als ob alles, was sie umgab, ein Teil ihrer selbst war, alles bis zu den bücherbedeckten Wä", "notiz": "Duroy nimmt den Innenraum als Erweiterung der Person Forestiers wahr — Raum, Möbel und Geruch verschmelzen zu einem sinnlichen Gesamteindruck.", "ort": "Wohnung Forestier, Paris", "valenz": null, "intensitaet": null, "gewichtete_valenz": null, "f_wert": "emotion_faerbt_raum", "f_emotion": "Faszination, sinnliche Anziehung", "raum_emotion": {"ort": "Wohnung Forestier", "emotion": "Faszination, sinnliche Anziehung", "richtung": "emotion_faerbt_raum"}, "route": null}}, {"type": "Feature", "geometry": {"type": "Point", "coordinates": [2.3221, 48.8796]}, "properties": {"id": 114, "zeile": 9, "tags": ["smell", "atmosphere"], "perspektive": "figur", "text": "die von Tabak durchtränkte Luft", "notiz": "Duroy nimmt den Tabakgeruch der Luft in Forestiers Wohnung als Teil ihrer Aura wahr.", "ort": "Wohnung Forestier, Paris", "valenz": 0, "intensitaet": 2, "gewichtete_valenz": 0, "f_wert": "koerper_als_sensor", "f_emotion": "sinnliche Anziehung", "raum_emotion": {"ort": "Wohnung Forestier", "emotion": "sinnliche Anziehung", "richtung": "koerper_als_sensor"}, "route": null}}, {"type": "Feature", "geometry": {"type": "Point", "coordinates": [2.3221, 48.8796]}, "properties": {"id": 115, "zeile": 12, "tags": ["george_duroy", "mood", "social"], "perspektive": "figur", "text": "Er wollte hinzufügen: »Aber doch nicht so entzückend wie Sie.« Doch er wagte das nicht.", "notiz": "Duroy unterdrückt eine Äusserung gegenüber Forestier — innere Zurückhaltung aufgrund sozialer Hemmung und Begehren.", "ort": "Wohnung Forestier, Paris", "valenz": null, "intensitaet": null, "gewichtete_valenz": null, "f_wert": null, "f_emotion": null, "raum_emotion": null, "route": null}}, {"type": "Feature", "geometry": {"type": "Point", "coordinates": [2.3221, 48.8796]}, "properties": {"id": 116, "zeile": 15, "tags": ["george_duroy", "mood"], "perspektive": "figur", "text": "Duroy war erstaunt, zu hören, daß Madame de Marelle verheiratet sei, obgleich das eine ganz natürlic", "notiz": "Duroy reagiert mit innerem Erstaunen auf die Information über Madame de Marelles Ehestand — ein kurzer emotionaler Aufruhr.", "ort": "Wohnung Forestier, Paris", "valenz": null, "intensitaet": null, "gewichtete_valenz": null, "f_wert": null, "f_emotion": null, "raum_emotion": null, "route": null}}, {"type": "Feature", "geometry": {"type": "Point", "coordinates": [2.3221, 48.8796]}, "properties": {"id": 117, "zeile": 1, "tags": ["george_duroy", "mood", "atmosphere"], "perspektive": "figur", "text": "Duroy dachte überhaupt nicht mehr ans Fortgehen. Ihm war zumute, als müßte er immer hierbleiben, als", "notiz": "Duroy erlebt ein Gefühl von Zugehörigkeit und Wohlbehagen in der Wohnung der Forestiers.", "ort": "Wohnung Forestier (Nähe Rue Notre-Dame de Lorette)", "valenz": null, "intensitaet": null, "gewichtete_valenz": null, "f_wert": "ort_loest_emotion_aus", "f_emotion": "Wohlbehagen, Zugehörigkeitsgefühl", "raum_emotion": {"ort": "Wohnung Forestier", "emotion": "Wohlbehagen, Zugehörigkeitsgefühl", "richtung": "ort_loest_emotion_aus"}, "route": null}}, {"type": "Feature", "geometry": {"type": "Point", "coordinates": [2.3221, 48.8796]}, "properties": {"id": 118, "zeile": 2, "tags": ["sound", "space"], "perspektive": "erzaehler", "text": "Da ging die Tür geräuschlos auf und ein großer Herr trat unangemeldet ein.", "notiz": "Maupassant beschreibt von aussen das Eintreten des Grafen de Vaudrec in den Raum.", "ort": "Wohnung Forestier (Nähe Rue Notre-Dame de Lorette)", "valenz": 0, "intensitaet": 1, "gewichtete_valenz": 0, "f_wert": null, "f_emotion": null, "raum_emotion": null, "route": null}}, {"type": "Feature", "geometry": {"type": "Point", "coordinates": [2.3221, 48.8796]}, "properties": {"id": 119, "zeile": 3, "tags": ["george_duroy", "social"], "perspektive": "erzaehler", "text": "Die beiden Männer grüßten sich und betrachteten sich genau. Duroy verabschiedete sich gleich darauf.", "notiz": "Maupassant schildert von aussen den kurzen sozialen Austausch zwischen Duroy und dem Grafen sowie Duroys Abgang.", "ort": "Wohnung Forestier (Nähe Rue Notre-Dame de Lorette)", "valenz": null, "intensitaet": 1, "gewichtete_valenz": null, "f_wert": null, "f_emotion": null, "raum_emotion": null, "route": null}}, {"type": "Feature", "geometry": {"type": "Point", "coordinates": [2.3221, 48.8796]}, "properties": {"id": 120, "zeile": 4, "tags": ["george_duroy", "mood", "social", "koerper_als_akteur"], "perspektive": "figur", "text": "Er stotterte noch einige Dankesworte, drückte die hingestreckte Hand der jungen Frau, verbeugte sich", "notiz": "Duroy erlebt seinen Abgang als peinlich und verlegen — seine soziale Unterlegenheit wird durch innere Verwirrung spürbar.", "ort": "Wohnung Forestier (Nähe Rue Notre-Dame de Lorette)", "valenz": null, "intensitaet": null, "gewichtete_valenz": null, "f_wert": "ort_loest_emotion_aus", "f_emotion": "Verwirrung, Scham", "raum_emotion": {"ort": "Wohnung Forestier", "emotion": "Verwirrung, Scham", "richtung": "ort_loest_emotion_aus"}, "route": null}}, {"type": "Feature", "geometry": {"type": "Point", "coordinates": [2.3346, 48.8796]}, "properties": {"id": 121, "zeile": 5, "tags": ["george_duroy", "mood", "move", "space"], "perspektive": "figur", "text": "Auch auf der Straße fühlte er sich bedrückt und unbehaglich und hatte die dunkle Empfindung eines ve", "notiz": "Duroy erlebt die Strasse als emotionalen Resonanzraum seiner inneren Bedrücktheit nach dem Verlassen der Wohnung.", "ort": "Strasse vor der Wohnung Forestier, Nähe Rue Notre-Dame de Lorette", "valenz": -1, "intensitaet": 2, "gewichtete_valenz": -2, "f_wert": "emotion_faerbt_raum", "f_emotion": "Bedrücktheit, dunkler Kummer", "raum_emotion": {"ort": "Strasse", "emotion": "Bedrücktheit, dunkler Kummer", "richtung": "emotion_faerbt_raum"}, "route": [[2.3347626, 48.8793634]]}}, {"type": "Feature", "geometry": {"type": "Point", "coordinates": [2.3346, 48.8796]}, "properties": {"id": 122, "zeile": 6, "tags": ["george_duroy", "move", "mood", "social"], "perspektive": "figur", "text": "Er schritt vor sich hin und fragte sich nach dem Grund dieser plötzlichen Schwermut. Er fand keinen,", "notiz": "Während Duroy durch die Strasse geht, kreisen seine Gedanken um den Grafen — sein sozialer Vergleich erzeugt Schwermut.", "ort": "Strasse vor der Wohnung Forestier, Nähe Rue Notre-Dame de Lorette", "valenz": null, "intensitaet": null, "gewichtete_valenz": null, "f_wert": "emotion_faerbt_raum", "f_emotion": "Schwermut, sozialer Neid", "raum_emotion": {"ort": "Strasse", "emotion": "Schwermut, sozialer Neid", "richtung": "emotion_faerbt_raum"}, "route": [[2.3347626, 48.8793634], [2.3348804, 48.87934], [2.3348999, 48.879317], [2.3367942, 48.8789504], [2.3368665, 48.8788975], [2.3369249, 48.8788246], [2.3371413, 48.8786587], [2.3373969, 48.8784606], [2.3373916, 48.8783343], [2.3374619, 48.8782876], [2.3375794, 48.8782693], [2.3376105, 48.8782751], [2.3379936, 48.8778744], [2.3381156, 48.8779214], [2.339145, 48.8768993], [2.3392031, 48.8768982], [2.3393127, 48.8768695], [2.3394187, 48.876743], [2.3395736, 48.8766993], [2.3396319, 48.8766213], [2.3396172, 48.876608], [2.3401254, 48.8761392], [2.3402341, 48.8761132], [2.3403434, 48.8760321], [2.3404634, 48.8759355], [2.340564, 48.8757807], [2.3405184, 48.875763], [2.3410052, 48.8752017], [2.3410685, 48.875208], [2.3411912, 48.8750854], [2.341137, 48.8750569], [2.3413405, 48.8748612], [2.3413707, 48.8748638], [2.3414346, 48.8747917], [2.3423065, 48.8741752], [2.3423329, 48.8741791], [2.3424046, 48.8741248], [2.3424466, 48.8740819], [2.3425237, 48.8740087], [2.3425134, 48.8739885], [2.3430856, 48.8732062], [2.3431194, 48.8731575], [2.3431617, 48.8730714], [2.3431302, 48.8730459], [2.343169, 48.8729136], [2.3432294, 48.8727182], [2.3448579, 48.8724789], [2.3448951, 48.8724937], [2.3450312, 48.8724641], [2.3460209, 48.8723071], [2.3462094, 48.8722789], [2.3466305, 48.8722361]]}}, {"type": "Feature", "geometry": {"type": "Point", "coordinates": [2.34065, 48.8759]}, "properties": {"id": 123, "zeile": 1, "tags": ["george_duroy", "mood"], "perspektive": "figur", "text": "Es wurde ihm klar, daß der Eintritt dieses Fremden nicht bloß das reizende Zusammensein gestört hatt", "notiz": "Duroy erkennt innerlich, dass das Erscheinen des Fremden in ihm ein Gefühl von Kälte und Verzweiflung ausgelöst hat.", "ort": "unbekannt", "valenz": -1, "intensitaet": 2, "gewichtete_valenz": -2, "f_wert": "ort_loest_emotion_aus", "f_emotion": "Kälte und Verzweiflung", "raum_emotion": {"ort": null, "emotion": "Kälte und Verzweiflung", "richtung": "ort_loest_emotion_aus"}, "route": null}}, {"type": "Feature", "geometry": {"type": "Point", "coordinates": [2.34065, 48.8759]}, "properties": {"id": 124, "zeile": 3, "tags": ["george_duroy", "mood"], "perspektive": "figur", "text": "Außerdem schien ihm auch, ohne daß er sagen konnte, warum, als ob dieser Mann unzufrieden gewesen se", "notiz": "Duroy nimmt intuitiv wahr, dass der Fremde unzufrieden war, ihn anzutreffen — ein diffuses inneres Unbehagen.", "ort": "unbekannt", "valenz": -1, "intensitaet": 1, "gewichtete_valenz": -1, "f_wert": null, "f_emotion": null, "raum_emotion": null, "route": null}}, {"type": "Feature", "geometry": {"type": "Point", "coordinates": [2.34065, 48.8759]}, "properties": {"id": 125, "zeile": 4, "tags": ["time"], "perspektive": "erzaehler", "text": "Bis drei Uhr hatte er nichts mehr zu tun, und es war noch nicht Mittag.", "notiz": "Neutrale Erzählerangabe zur Tageszeit und zum Zeitrahmen, der Duroy bis zum Nachmittag erwartet.", "ort": "unbekannt", "valenz": null, "intensitaet": 1, "gewichtete_valenz": null, "f_wert": null, "f_emotion": null, "raum_emotion": null, "route": null}}, {"type": "Feature", "geometry": {"type": "Point", "coordinates": [2.34065, 48.8759]}, "properties": {"id": 126, "zeile": 4, "tags": ["george_duroy", "social"], "perspektive": "figur", "text": "Er hatte noch 6 Francs 50 in der Tasche.", "notiz": "Duroy registriert seinen knappen Geldvorrat — inneres Bewusstsein seiner prekären sozialen Lage.", "ort": "unbekannt", "valenz": -1, "intensitaet": 1, "gewichtete_valenz": -1, "f_wert": null, "f_emotion": null, "raum_emotion": null, "route": null}}, {"type": "Feature", "geometry": {"type": "Point", "coordinates": [2.34065, 48.8759]}, "properties": {"id": 127, "zeile": 5, "tags": ["george_duroy", "move", "location"], "perspektive": "figur", "text": "Er ging in die Bouillon Duval frühstücken.", "notiz": "Duroy bewegt sich zur Bouillon Duval, einem günstigen Volksrestaurant — Handlung aus seiner Perspektive.", "ort": "Bouillon Duval (Paris)", "valenz": null, "intensitaet": null, "gewichtete_valenz": null, "f_wert": null, "f_emotion": null, "raum_emotion": null, "route": null}}, {"type": "Feature", "geometry": {"type": "Point", "coordinates": [2.3467, 48.8722]}, "properties": {"id": 128, "zeile": 5, "tags": ["george_duroy", "move", "location"], "perspektive": "figur", "text": "Dann trieb er sich auf dem Boulevard herum", "notiz": "Duroy schlendert ziellos auf dem Boulevard — Bewegung im städtischen Raum aus seiner Perspektive.", "ort": "Boulevard (Paris, näherungsweise Boulevard Poissonnière)", "valenz": null, "intensitaet": null, "gewichtete_valenz": null, "f_wert": null, "f_emotion": null, "raum_emotion": null, "route": null}}, {"type": "Feature", "geometry": {"type": "Point", "coordinates": [2.34175, 48.87175]}, "properties": {"id": 129, "zeile": 5, "tags": ["george_duroy", "move", "location", "time"], "perspektive": "figur", "text": "Punkt drei Uhr stieg er die große prunkhafte Treppe zur Vie Française hinauf.", "notiz": "Duroy betritt pünktlich um drei Uhr die Redaktion der Vie Française — Bewegung und Zeitpunkt aus seiner Perspektive.", "ort": "Redaktion La Vie Française, Paris", "valenz": null, "intensitaet": null, "gewichtete_valenz": null, "f_wert": null, "f_emotion": null, "raum_emotion": null, "route": null}}, {"type": "Feature", "geometry": {"type": "Point", "coordinates": [2.34175, 48.87175]}, "properties": {"id": 130, "zeile": 6, "tags": ["space", "social"], "perspektive": "erzaehler", "text": "Die Laufburschen saßen mit gekreuzten Armen auf einer Bank und warteten, während hinter einem kleine", "notiz": "Maupassant beschreibt von aussen die Eingangssituation der Redaktion mit ihren Angestellten.", "ort": "Redaktion La Vie Française, Paris", "valenz": null, "intensitaet": 1, "gewichtete_valenz": null, "f_wert": null, "f_emotion": null, "raum_emotion": null, "route": null}}, {"type": "Feature", "geometry": {"type": "Point", "coordinates": [2.34175, 48.87175]}, "properties": {"id": 131, "zeile": 7, "tags": ["space", "atmosphere", "social"], "perspektive": "erzaehler", "text": "Die ganze Aufmachung war vortrefflich und mußte jedem Besucher imponieren. Alles hatte Haltung und W", "notiz": "Maupassant beschreibt von aussen die repräsentative Atmosphäre und Würde des Warteraums der Redaktion.", "ort": "Redaktion La Vie Française, Paris", "valenz": null, "intensitaet": 2, "gewichtete_valenz": null, "f_wert": "ort_loest_emotion_aus", "f_emotion": "Würde und Imponiergehabe", "raum_emotion": {"ort": "Warteraum Vie Française", "emotion": "Würde und Imponiergehabe", "richtung": "ort_loest_emotion_aus"}, "route": null}}, {"type": "Feature", "geometry": {"type": "Point", "coordinates": [2.34175, 48.87175]}, "properties": {"id": 132, "zeile": 10, "tags": ["social", "material"], "perspektive": "erzaehler", "text": "Man sah dort ernste, würdige Männer mit Ordensband, und auch etwas vernachlässigte Gestalten mit uns", "notiz": "Maupassant beschreibt von aussen das soziale Spektrum der Wartenden — von Würdenträgern bis zu verwahrlosten Gestalten.", "ort": "Wartezimmer Vie Française, Paris", "valenz": null, "intensitaet": 2, "gewichtete_valenz": null, "f_wert": null, "f_emotion": null, "raum_emotion": null, "route": null}}, {"type": "Feature", "geometry": {"type": "Point", "coordinates": [2.34175, 48.87175]}, "properties": {"id": 133, "zeile": 11, "tags": ["social", "atmosphere"], "perspektive": "erzaehler", "text": "Zwischen den Wartenden befanden sich drei Frauen; eine von ihnen war hübsch, elegant und lächelte fr", "notiz": "Maupassant beschreibt von aussen eine der wartenden Frauen und ordnet sie sozial ein.", "ort": "Wartezimmer Vie Française, Paris", "valenz": null, "intensitaet": 1, "gewichtete_valenz": null, "f_wert": null, "f_emotion": null, "raum_emotion": null, "route": null}}, {"type": "Feature", "geometry": {"type": "Point", "coordinates": [2.34175, 48.87175]}, "properties": {"id": 134, "zeile": 12, "tags": ["social", "atmosphere", "smell", "material"], "perspektive": "erzaehler", "text": "Ihre Nachbarin blickte düster, ihr Gesicht war voller Runzeln; auch sie war besser gekleidet, doch s", "notiz": "Maupassant beschreibt von aussen die zweite Frau mit ihrer verblassten, künstlichen Erscheinung und verknüpft sie mit dem Geruch ranzigen Parfüms.", "ort": "Wartezimmer Vie Française, Paris", "valenz": null, "intensitaet": 2, "gewichtete_valenz": null, "f_wert": null, "f_emotion": null, "raum_emotion": null, "route": null}}, {"type": "Feature", "geometry": {"type": "Point", "coordinates": [2.34175, 48.87175]}, "properties": {"id": 135, "zeile": 1, "tags": ["george_duroy", "social"], "perspektive": "figur", "text": "Duroy hielt sie für eine Bittstellerin.", "notiz": "Duroy interpretiert die Frau in Trauer als Bittstellerin — innere Wahrnehmung und soziale Einschätzung.", "ort": "Redaktion La Vie française (Wartezimmer)", "valenz": null, "intensitaet": 1, "gewichtete_valenz": null, "f_wert": null, "f_emotion": null, "raum_emotion": null, "route": null}}, {"type": "Feature", "geometry": {"type": "Point", "coordinates": [2.34175, 48.87175]}, "properties": {"id": 136, "zeile": 2, "tags": ["time"], "perspektive": "erzaehler", "text": "Indessen wurde niemand vorgelassen, obgleich über zwanzig Minuten verstrichen waren.", "notiz": "Neutrale Erzählerangabe über verstrichene Wartezeit ohne emotionale Färbung.", "ort": "Redaktion La Vie française (Wartezimmer)", "valenz": null, "intensitaet": 1, "gewichtete_valenz": null, "f_wert": null, "f_emotion": null, "raum_emotion": null, "route": null}}, {"type": "Feature", "geometry": {"type": "Point", "coordinates": [2.34175, 48.87175]}, "properties": {"id": 137, "zeile": 3, "tags": ["george_duroy", "move"], "perspektive": "figur", "text": "Da hatte Duroy eine gute Idee; er ging nochmals zum Diener hinaus und sagte: »Herr Walter hat mich u", "notiz": "Duroy handelt aktiv — er verlässt den Wartebereich und spricht den Diener an, um sich Zutritt zu verschaffen.", "ort": "Redaktion La Vie française (Eingangsbereich)", "valenz": null, "intensitaet": null, "gewichtete_valenz": null, "f_wert": null, "f_emotion": null, "raum_emotion": null, "route": null}}, {"type": "Feature", "geometry": {"type": "Point", "coordinates": [2.34175, 48.87175]}, "properties": {"id": 138, "zeile": 4, "tags": ["move", "location", "space", "social"], "perspektive": "erzaehler", "text": "Man führte ihn jetzt durch einen langen Flur in einen großen Saal, in dem vier Herren um einen große", "notiz": "Maupassant beschreibt von aussen, wie Duroy durch die Redaktionsräume geführt wird — Raum und soziale Atmosphäre werden neutral geschildert.", "ort": "Redaktion La Vie française (Redaktionssaal)", "valenz": null, "intensitaet": 2, "gewichtete_valenz": null, "f_wert": null, "f_emotion": null, "raum_emotion": null, "route": null}}, {"type": "Feature", "geometry": {"type": "Point", "coordinates": [2.34175, 48.87175]}, "properties": {"id": 139, "zeile": 5, "tags": ["material", "social"], "perspektive": "erzaehler", "text": "Forestier stand vor dem Kamin, rauchte eine Zigarette und spielte Bilboquet (Fangball). Er war ein v", "notiz": "Maupassant beschreibt Forestier von aussen mit physischen Details des Spielzeugs — soziale Entspanntheit als Redakteur.", "ort": "Redaktion La Vie française (Redaktionssaal)", "valenz": null, "intensitaet": 2, "gewichtete_valenz": null, "f_wert": null, "f_emotion": null, "raum_emotion": null, "route": null}}, {"type": "Feature", "geometry": {"type": "Point", "coordinates": [2.34175, 48.87175]}, "properties": {"id": 140, "zeile": 6, "tags": ["george_duroy"], "perspektive": "figur", "text": "»26!« rief Duroy.", "notiz": "Duroy greift aktiv in die Situation ein und setzt das Zählen des Freundes fort.", "ort": "Redaktion La Vie française (Redaktionssaal)", "valenz": null, "intensitaet": null, "gewichtete_valenz": null, "f_wert": null, "f_emotion": null, "raum_emotion": null, "route": null}}, {"type": "Feature", "geometry": {"type": "Point", "coordinates": [2.34175, 48.87175]}, "properties": {"id": 141, "zeile": 7, "tags": ["george_duroy"], "perspektive": "figur", "text": "Da blickte sein Freund auf, ohne seine regelmäßige Armbewegung einzustellen.", "notiz": "Duroy nimmt wahr, wie Forestier auf seinen Ruf reagiert — Wahrnehmung aus Duroys Blickwinkel.", "ort": "Redaktion La Vie française (Redaktionssaal)", "valenz": null, "intensitaet": null, "gewichtete_valenz": null, "f_wert": null, "f_emotion": null, "raum_emotion": null, "route": null}}, {"type": "Feature", "geometry": {"type": "Point", "coordinates": [2.34175, 48.87175]}, "properties": {"id": 142, "zeile": 8, "tags": ["george_duroy", "material", "social"], "perspektive": "figur", "text": "Da er seinen 37. Wurf verfehlt hatte, öffnete er den Schrank, in dem Duroy gegen zwanzig wunderbare ", "notiz": "Duroy nimmt die Sammlung von Bilboquets wahr und vergleicht sie mit Kunstkostbarkeiten — sein Staunen über den Reichtum der Redaktionswelt.", "ort": "Redaktion La Vie française (Redaktionssaal)", "valenz": null, "intensitaet": null, "gewichtete_valenz": null, "f_wert": "ort_loest_emotion_aus", "f_emotion": "Staunen über luxuriöse Ordnung", "raum_emotion": {"ort": "Redaktionsschrank mit Bilboquet-Sammlung", "emotion": "Staunen über luxuriöse Ordnung", "richtung": "ort_loest_emotion_aus"}, "route": null}}, {"type": "Feature", "geometry": {"type": "Point", "coordinates": [2.34175, 48.87175]}, "properties": {"id": 143, "zeile": 9, "tags": ["material"], "perspektive": "erzaehler", "text": "Forestier stellte das Instrument auf seinen richtigen Platz und wiederholte die Frage: »Wo steckt di", "notiz": "Maupassant beschreibt Forestiers Handlung neutral von aussen — das Instrument als physisches Objekt.", "ort": "Redaktion La Vie française (Redaktionssaal)", "valenz": null, "intensitaet": 1, "gewichtete_valenz": null, "f_wert": null, "f_emotion": null, "raum_emotion": null, "route": null}}, {"type": "Feature", "geometry": {"type": "Point", "coordinates": [2.3368, 48.8713]}, "properties": {"id": 144, "zeile": 10, "tags": ["location"], "perspektive": "erzaehler", "text": "Bei einem Billetthändler beim Vaudeville-Theater.", "notiz": "Konkrete Ortsnennung — ein Billetthändler in der Nähe des Théâtre du Vaudeville in Paris.", "ort": "Théâtre du Vaudeville, Paris", "valenz": null, "intensitaet": 1, "gewichtete_valenz": null, "f_wert": null, "f_emotion": null, "raum_emotion": null, "route": null}}, {"type": "Feature", "geometry": {"type": "Point", "coordinates": [2.3368, 48.8713]}, "properties": {"id": 145, "zeile": 1, "tags": ["move", "location", "space"], "perspektive": "erzaehler", "text": "Sie gingen wieder durch den Wartesaal, wo dieselben Personen genau in derselben Reihenfolge saßen.", "notiz": "Bewegung durch den Wartesaal der Redaktion, Raumqualität durch wiederholte Anordnung der Personen beschrieben.", "ort": "Wartesaal der Redaktion (La Vie Française)", "valenz": null, "intensitaet": 1, "gewichtete_valenz": null, "f_wert": null, "f_emotion": null, "raum_emotion": null, "route": null}}, {"type": "Feature", "geometry": {"type": "Point", "coordinates": [2.3368, 48.8713]}, "properties": {"id": 146, "zeile": 2, "tags": ["george_duroy", "sound"], "perspektive": "figur", "text": "trotzdem sie sich ganz leise unterhielten, hörte Duroy, daß er beide duzte.", "notiz": "Duroy nimmt akustisch wahr, dass Forestier die Frauen duzt — soziale Beobachtung aus seiner Perspektive.", "ort": "Wartesaal der Redaktion (La Vie Française)", "valenz": 1, "intensitaet": 1, "gewichtete_valenz": 1, "f_wert": null, "f_emotion": null, "raum_emotion": null, "route": null}}, {"type": "Feature", "geometry": {"type": "Point", "coordinates": [2.3368, 48.8713]}, "properties": {"id": 147, "zeile": 3, "tags": ["move", "location"], "perspektive": "erzaehler", "text": "Dann stießen sie zwei Polstertüren auf und kamen zum Direktor.", "notiz": "Bewegung durch die Polstertüren ins Direktionszimmer als räumlicher Übergang.", "ort": "Direktionszimmer der Redaktion (La Vie Française)", "valenz": null, "intensitaet": 1, "gewichtete_valenz": null, "f_wert": null, "f_emotion": null, "raum_emotion": null, "route": null}}, {"type": "Feature", "geometry": {"type": "Point", "coordinates": [2.3368, 48.8713]}, "properties": {"id": 148, "zeile": 4, "tags": ["george_duroy", "social"], "perspektive": "figur", "text": "Die wichtige Konferenz, die schon eine Stunde dauerte, bestand in einer Partie Écarté mit einigen He", "notiz": "Duroy nimmt ironisch wahr, dass die vermeintlich wichtige Konferenz ein Kartenspiel ist — seine Erinnerung an die Zylinderhüte zeigt soziale Beobachtung.", "ort": "Direktionszimmer der Redaktion (La Vie Française)", "valenz": 1, "intensitaet": 2, "gewichtete_valenz": 2, "f_wert": null, "f_emotion": null, "raum_emotion": null, "route": null}}, {"type": "Feature", "geometry": {"type": "Point", "coordinates": [2.3368, 48.8713]}, "properties": {"id": 149, "zeile": 5, "tags": ["material", "social"], "perspektive": "erzaehler", "text": "Herr Walter spielte mit angespannter Aufmerksamkeit und vorsichtigen, abgemessenen Bewegungen, währe", "notiz": "Maupassant beschreibt von aussen die körperlichen Bewegungen und den sozialen Habitus der Spieler.", "ort": "Direktionszimmer der Redaktion (La Vie Française)", "valenz": null, "intensitaet": 2, "gewichtete_valenz": null, "f_wert": null, "f_emotion": null, "raum_emotion": null, "route": null}}, {"type": "Feature", "geometry": {"type": "Point", "coordinates": [2.3368, 48.8713]}, "properties": {"id": 150, "zeile": 6, "tags": ["space", "social"], "perspektive": "erzaehler", "text": "Norbert de Varenne saß im großen Lehnstuhl des Direktors und schrieb einen Artikel, Jaques Rival lag", "notiz": "Maupassant beschreibt die räumliche Anordnung der Figuren im Direktionszimmer von aussen.", "ort": "Direktionszimmer der Redaktion (La Vie Française)", "valenz": null, "intensitaet": 2, "gewichtete_valenz": null, "f_wert": null, "f_emotion": null, "raum_emotion": null, "route": null}}, {"type": "Feature", "geometry": {"type": "Point", "coordinates": [2.3368, 48.8713]}, "properties": {"id": 151, "zeile": 7, "tags": ["smell", "space", "atmosphere"], "perspektive": "erzaehler", "text": "Es roch hier in dem abgeschlossenen Zimmer nach dem Leder der Möbel, nach altem Tabak und nach Druck", "notiz": "Maupassant beschreibt die Gerüche des Direktionszimmers als atmosphärische Kulisse der Redaktion.", "ort": "Direktionszimmer der Redaktion (La Vie Française)", "valenz": -1, "intensitaet": 2, "gewichtete_valenz": -2, "f_wert": "ort_loest_emotion_aus", "f_emotion": "berufsspezifische Atmosphäre, Zugehörigkeit", "raum_emotion": {"ort": "Direktionszimmer der Redaktion", "emotion": "berufsspezifische Atmosphäre, Zugehörigkeit", "richtung": "ort_loest_emotion_aus"}, "route": null}}, {"type": "Feature", "geometry": {"type": "Point", "coordinates": [2.3368, 48.8713]}, "properties": {"id": 152, "zeile": 8, "tags": ["smell", "atmosphere", "social"], "perspektive": "erzaehler", "text": "Man spürte den eigenartigen Duft der Redaktionszimmer, der jedem Journalisten bekannt ist.", "notiz": "Maupassant verallgemeinert den Redaktionsgeruch als kollektives Merkmal journalistischer Räume.", "ort": "Direktionszimmer der Redaktion (La Vie Française)", "valenz": 0, "intensitaet": 1, "gewichtete_valenz": 0, "f_wert": "ort_loest_emotion_aus", "f_emotion": "professionelle Zugehörigkeit, Vertrautheit", "raum_emotion": {"ort": "Redaktionszimmer", "emotion": "professionelle Zugehörigkeit, Vertrautheit", "richtung": "ort_loest_emotion_aus"}, "route": null}}, {"type": "Feature", "geometry": {"type": "Point", "coordinates": [2.3368, 48.8713]}, "properties": {"id": 153, "zeile": 9, "tags": ["material", "space", "social"], "perspektive": "erzaehler", "text": "Auf dem schwarzen, kupferbeschlagenen Tisch lag ein gewaltiger Papierhaufen, Briefe, Karten, Zeitung", "notiz": "Maupassant beschreibt die materielle Unordnung auf dem Direktionstisch als Zeichen journalistischer Betriebsamkeit.", "ort": "Direktionszimmer der Redaktion (La Vie Française)", "valenz": null, "intensitaet": 2, "gewichtete_valenz": null, "f_wert": null, "f_emotion": null, "raum_emotion": null, "route": null}}, {"type": "Feature", "geometry": {"type": "Point", "coordinates": [2.3368, 48.8713]}, "properties": {"id": 154, "zeile": 10, "tags": ["social"], "perspektive": "erzaehler", "text": "Forestier schüttelte den Wettenden, die hinter den Spielern standen, die Hand und sah dann schweigen", "notiz": "Maupassant beschreibt Forestiers soziales Verhalten im Direktionszimmer von aussen.", "ort": "Direktionszimmer der Redaktion (La Vie Française)", "valenz": null, "intensitaet": 1, "gewichtete_valenz": null, "f_wert": null, "f_emotion": null, "raum_emotion": null, "route": null}}, {"type": "Feature", "geometry": {"type": "Point", "coordinates": [2.3368, 48.8713]}, "properties": {"id": 155, "zeile": 11, "tags": ["george_duroy", "social"], "perspektive": "erzaehler", "text": "Der Chef warf über die Gläser seiner Brille einen raschen Blick auf den jungen Mann", "notiz": "Maupassant beschreibt von aussen, wie Vater Walter Duroy mustert — soziale Hierarchie des ersten Eindrucks.", "ort": "Direktionszimmer der Redaktion (La Vie Française)", "valenz": null, "intensitaet": 1, "gewichtete_valenz": null, "f_wert": null, "f_emotion": null, "raum_emotion": null, "route": null}}, {"type": "Feature", "geometry": {"type": "Point", "coordinates": [2.3368, 48.8713]}, "properties": {"id": 156, "zeile": 12, "tags": ["george_duroy", "material"], "perspektive": "erzaehler", "text": "Duroy zog die zusammengefalteten Blätter aus der Tasche.", "notiz": "Duroy handelt im Raum durch das Hervorholen des Artikels — körperliche Handlung als sozialer Akt.", "ort": "Direktionszimmer der Redaktion (La Vie Française)", "valenz": null, "intensitaet": 1, "gewichtete_valenz": null, "f_wert": null, "f_emotion": null, "raum_emotion": null, "route": null}}, {"type": "Feature", "geometry": {"type": "Point", "coordinates": [2.3368, 48.8713]}, "properties": {"id": 157, "zeile": 1, "tags": ["atmosphere"], "perspektive": "erzaehler", "text": "Der Chef schien entzückt und sagte lächelnd: »Sehr schön, sehr schön. Sie halten Wort. Sie müssen mi", "notiz": "Der Erzähler beschreibt die positive Reaktion des Direktors Walter auf Duroys eingereichten Artikel.", "ort": "Redaktion La Vie Française", "valenz": 1, "intensitaet": 2, "gewichtete_valenz": 2, "f_wert": null, "f_emotion": null, "raum_emotion": null, "route": null}}, {"type": "Feature", "geometry": {"type": "Point", "coordinates": [2.3368, 48.8713]}, "properties": {"id": 158, "zeile": 2, "tags": ["historical", "social"], "perspektive": "erzaehler", "text": "Der Direktor erhielt eben die Karten von einem großen, mageren Herrn, einem Abgeordneten des linken ", "notiz": "Der Erzähler verweist auf einen Abgeordneten des linken Zentrums als Hinweis auf das politische Milieu der Dritten Republik.", "ort": "Redaktion La Vie Française", "valenz": null, "intensitaet": 1, "gewichtete_valenz": null, "f_wert": null, "f_emotion": null, "raum_emotion": null, "route": null}}, {"type": "Feature", "geometry": {"type": "Point", "coordinates": [2.3368, 48.8713]}, "properties": {"id": 159, "zeile": 3, "tags": ["move", "george_duroy"], "perspektive": "erzaehler", "text": "Der Journalist nahm seinen Freund beim Arm und zog ihn fort, während Herr Walter weiterspielte.", "notiz": "Forestier zieht Duroy aus dem Zimmer des Direktors fort — Ortsbewegung aus Erzählerperspektive.", "ort": "Redaktion La Vie Française", "valenz": null, "intensitaet": null, "gewichtete_valenz": null, "f_wert": null, "f_emotion": null, "raum_emotion": null, "route": null}}, {"type": "Feature", "geometry": {"type": "Point", "coordinates": [2.3368, 48.8713]}, "properties": {"id": 160, "zeile": 4, "tags": ["social", "george_duroy"], "perspektive": "erzaehler", "text": "Norbert de Varenne hatte nicht den Kopf erhoben; er schien Duroy nicht gesehen oder nicht wiedererka", "notiz": "Der Erzähler beschreibt Duroys soziale Position in der Redaktion durch das Verhalten der Kollegen — Gleichgültigkeit versus demonstrative Kameradschaft.", "ort": "Redaktion La Vie Française", "valenz": null, "intensitaet": 2, "gewichtete_valenz": null, "f_wert": null, "f_emotion": null, "raum_emotion": null, "route": null}}, {"type": "Feature", "geometry": {"type": "Point", "coordinates": [2.3368, 48.8713]}, "properties": {"id": 161, "zeile": 5, "tags": ["move", "space", "george_duroy"], "perspektive": "erzaehler", "text": "Sie gingen wieder durch das Wartezimmer. Alle blickten auf", "notiz": "Duroy und Forestier durchqueren das Wartezimmer — alle Wartenden blicken auf, was Duroys neue soziale Sichtbarkeit unterstreicht.", "ort": "Wartezimmer Redaktion La Vie Française", "valenz": null, "intensitaet": null, "gewichtete_valenz": null, "f_wert": "ort_loest_emotion_aus", "f_emotion": "soziale Sichtbarkeit, aufsteigendes Ansehen", "raum_emotion": {"ort": "Wartezimmer der Redaktion", "emotion": "soziale Sichtbarkeit, aufsteigendes Ansehen", "richtung": "ort_loest_emotion_aus"}, "route": null}}, {"type": "Feature", "geometry": {"type": "Point", "coordinates": [2.3368, 48.8713]}, "properties": {"id": 162, "zeile": 6, "tags": ["social", "atmosphere"], "perspektive": "erzaehler", "text": "Dann ging er rasch weiter mit wichtiger und eiliger Miene, als wollte er eine Depesche von äußerster", "notiz": "Forestiers demonstrativ wichtige Haltung beim Durchqueren der Redaktion wird vom Erzähler ironisch kommentiert.", "ort": "Redaktion La Vie Française", "valenz": null, "intensitaet": 1, "gewichtete_valenz": null, "f_wert": null, "f_emotion": null, "raum_emotion": null, "route": null}}, {"type": "Feature", "geometry": {"type": "Point", "coordinates": [2.3368, 48.8713]}, "properties": {"id": 163, "zeile": 7, "tags": ["move", "location", "space"], "perspektive": "erzaehler", "text": "Als sie wieder in dem großen Redaktionssaal anlangten, griff Forestier sofort wieder zu seinem Bilbo", "notiz": "Der Erzähler beschreibt die Rückkehr in den großen Redaktionssaal als räumliche Angabe.", "ort": "Großer Redaktionssaal La Vie Française", "valenz": null, "intensitaet": 1, "gewichtete_valenz": null, "f_wert": null, "f_emotion": null, "raum_emotion": null, "route": null}}, {"type": "Feature", "geometry": {"type": "Point", "coordinates": [2.3368, 48.8713]}, "properties": {"id": 164, "zeile": 8, "tags": ["time", "location", "move"], "perspektive": "erzaehler", "text": "du kommst jeden Tag um drei Uhr hierher und ich werde dir sagen, welche Gänge und Besuche du am Tage", "notiz": "Forestier erklärt Duroy seinen künftigen Tagesrhythmus in der Redaktion — zeitliche und räumliche Strukturierung des neuen Berufsalltags.", "ort": "Redaktion La Vie Française", "valenz": null, "intensitaet": 2, "gewichtete_valenz": null, "f_wert": null, "f_emotion": null, "raum_emotion": null, "route": null}}, {"type": "Feature", "geometry": {"type": "Point", "coordinates": [2.3368, 48.8713]}, "properties": {"id": 165, "zeile": 1, "tags": ["atmosphere", "social"], "perspektive": "erzaehler", "text": "Dann kümmerte er sich nur noch um sein Spiel und fuhr langsam fort zu zählen.", "notiz": "Erzähler beschreibt Forestiers gleichgültiges Verhalten während des Gesprächs mit Duroy.", "ort": "Redaktion La Vie Française, Paris", "valenz": null, "intensitaet": 1, "gewichtete_valenz": null, "f_wert": null, "f_emotion": null, "raum_emotion": null, "route": null}}, {"type": "Feature", "geometry": {"type": "Point", "coordinates": [2.3368, 48.8713]}, "properties": {"id": 166, "zeile": 2, "tags": ["social", "material"], "perspektive": "erzaehler", "text": "Einer der Redakteure, der mit seiner Arbeit fertig war, nahm jetzt ebenfalls ein Bilboquet aus dem S", "notiz": "Erzähler beschreibt das soziale Milieu der Redaktion durch das kollektive Spielzeug-Ritual.", "ort": "Redaktion La Vie Française, Paris", "valenz": null, "intensitaet": 2, "gewichtete_valenz": null, "f_wert": null, "f_emotion": null, "raum_emotion": null, "route": null}}, {"type": "Feature", "geometry": {"type": "Point", "coordinates": [2.3368, 48.8713]}, "properties": {"id": 167, "zeile": 3, "tags": ["social"], "perspektive": "erzaehler", "text": "Es war ein winziger Mensch mit einem Kindergesicht, obgleich er schon 35 Jahre zählte.", "notiz": "Erzähler charakterisiert einen Redakteur von aussen durch äusseres Erscheinungsbild.", "ort": "Redaktion La Vie Française, Paris", "valenz": null, "intensitaet": 1, "gewichtete_valenz": null, "f_wert": null, "f_emotion": null, "raum_emotion": null, "route": null}}, {"type": "Feature", "geometry": {"type": "Point", "coordinates": [2.3368, 48.8713]}, "properties": {"id": 168, "zeile": 4, "tags": ["move", "social", "space"], "perspektive": "erzaehler", "text": "Mehrere andere Journalisten kamen auch herein und gingen einer nach dem andern zum Schrank, um das S", "notiz": "Erzähler beschreibt die kollektive Bewegung der Redakteure im Raum als soziales Ritual.", "ort": "Redaktion La Vie Française, Paris", "valenz": null, "intensitaet": 2, "gewichtete_valenz": null, "f_wert": null, "f_emotion": null, "raum_emotion": null, "route": null}}, {"type": "Feature", "geometry": {"type": "Point", "coordinates": [2.3368, 48.8713]}, "properties": {"id": 169, "zeile": 5, "tags": ["space", "material", "atmosphere"], "perspektive": "erzaehler", "text": "Bald waren es sechs, die mit den Rücken gegen die Wand nebeneinander standen und mit der gleichen re", "notiz": "Erzähler beschreibt die räumliche Anordnung und materielle Qualität des Bilboquet-Spiels als kollektives Bild.", "ort": "Redaktion La Vie Française, Paris", "valenz": null, "intensitaet": 2, "gewichtete_valenz": null, "f_wert": "ort_loest_emotion_aus", "f_emotion": "absurde Leichtigkeit, Gleichgültigkeit gegenüber Arbeit", "raum_emotion": {"ort": "Redaktionsraum", "emotion": "absurde Leichtigkeit, Gleichgültigkeit gegenüber Arbeit", "richtung": "ort_loest_emotion_aus"}, "route": null}}, {"type": "Feature", "geometry": {"type": "Point", "coordinates": [2.3368, 48.8713]}, "properties": {"id": 170, "zeile": 6, "tags": ["social", "atmosphere"], "perspektive": "erzaehler", "text": "Es begann ein Wettkampf, und die beiden anderen Redakteure, die noch arbeiteten, standen auch auf, u", "notiz": "Erzähler beschreibt, wie das Spiel die Redaktion vollständig einnimmt und Arbeit verdrängt.", "ort": "Redaktion La Vie Française, Paris", "valenz": null, "intensitaet": 2, "gewichtete_valenz": null, "f_wert": null, "f_emotion": null, "raum_emotion": null, "route": null}}, {"type": "Feature", "geometry": {"type": "Point", "coordinates": [2.3368, 48.8713]}, "properties": {"id": 171, "zeile": 7, "tags": ["social"], "perspektive": "erzaehler", "text": "Forestier gewann mit 11 Points.", "notiz": "Erzähler registriert das Ergebnis des Spiels sachlich von aussen.", "ort": "Redaktion La Vie Française, Paris", "valenz": null, "intensitaet": 1, "gewichtete_valenz": null, "f_wert": null, "f_emotion": null, "raum_emotion": null, "route": null}}, {"type": "Feature", "geometry": {"type": "Point", "coordinates": [2.3368, 48.8713]}, "properties": {"id": 172, "zeile": 8, "tags": ["social", "atmosphere"], "perspektive": "erzaehler", "text": "Der kleine Mann mit dem Kindergesicht hatte verloren. Er klingelte und rief dem eintretenden Boten z", "notiz": "Erzähler beschreibt das Ende des Spiels und die soziale Gepflogenheit, die Niederlage mit einer Runde Bier zu quittieren.", "ort": "Redaktion La Vie Française, Paris", "valenz": null, "intensitaet": 2, "gewichtete_valenz": null, "f_wert": null, "f_emotion": null, "raum_emotion": null, "route": null}}, {"type": "Feature", "geometry": {"type": "Point", "coordinates": [2.3368, 48.8713]}, "properties": {"id": 173, "zeile": 1, "tags": ["atmosphere", "social"], "perspektive": "erzaehler", "text": "Dann begannen sie wieder zu spielen, in Erwartung des erfrischenden Getränks.", "notiz": "Maupassant beschreibt die gesellige Atmosphäre in der Redaktion von aussen.", "ort": "Redaktion der Zeitung (La Vie Française, näherungsweise)", "valenz": null, "intensitaet": 2, "gewichtete_valenz": null, "f_wert": null, "f_emotion": null, "raum_emotion": null, "route": null}}, {"type": "Feature", "geometry": {"type": "Point", "coordinates": [2.3368, 48.8713]}, "properties": {"id": 174, "zeile": 2, "tags": ["george_duroy", "social"], "perspektive": "figur", "text": "Duroy trank ein Glas Bier mit seinen neuen Kollegen", "notiz": "Duroy handelt aktiv und integriert sich in die neue soziale Gruppe der Redaktion.", "ort": "Redaktion der Zeitung (La Vie Française, näherungsweise)", "valenz": null, "intensitaet": null, "gewichtete_valenz": null, "f_wert": null, "f_emotion": null, "raum_emotion": null, "route": null}}, {"type": "Feature", "geometry": {"type": "Point", "coordinates": [2.3368, 48.8713]}, "properties": {"id": 175, "zeile": 8, "tags": ["george_duroy", "social"], "perspektive": "figur", "text": "Duroy schüttelte allen die Hände, ohne die Namen der dazu gehörenden Personen zu kennen", "notiz": "Duroy verabschiedet sich, ist aber noch nicht fest in die soziale Struktur integriert — er kennt die Namen seiner Kollegen nicht.", "ort": "Redaktion der Zeitung (La Vie Française, näherungsweise)", "valenz": null, "intensitaet": null, "gewichtete_valenz": null, "f_wert": null, "f_emotion": null, "raum_emotion": null, "route": null}}, {"type": "Feature", "geometry": {"type": "Point", "coordinates": [2.3368, 48.8713]}, "properties": {"id": 176, "zeile": 8, "tags": ["george_duroy", "move", "mood", "space"], "perspektive": "figur", "text": "stieg dann wieder mit frohem Mute und leichtem Herzen die schöne Treppe hinab", "notiz": "Duroys positiver Gemütszustand färbt seine Wahrnehmung des Raums — die Treppe erscheint ihm schön, seine Stimmung ist leicht und froh.", "ort": "Treppenhaus der Redaktion (La Vie Française, näherungsweise)", "valenz": null, "intensitaet": null, "gewichtete_valenz": null, "f_wert": "emotion_faerbt_raum", "f_emotion": "Freude, Leichtigkeit", "raum_emotion": {"ort": "Treppenhaus der Redaktion", "emotion": "Freude, Leichtigkeit", "richtung": "emotion_faerbt_raum"}, "route": null}}]}