{
  "type": "FeatureCollection",
  "features": [
    {
      "type": "Feature",
      "geometry": {
        "type": "Point",
        "coordinates": [
          2.3346,
          48.8796
        ]
      },
      "properties": {
        "id": 1,
        "zeile": 1,
        "tags": [
          "social",
          "location"
        ],
        "perspektive": "erzaehler",
        "text": "Die Kassiererin gab auf sein 5-Francs-Stück das Geld heraus und Georges Duroy verließ das Lokal.",
        "notiz": "Maupassant beschreibt von außen Duroys finanziellen Zustand und seine Handlung beim Verlassen des Lokals.",
        "ort": "Lokal in der Nähe der Rue Notre-Dame de Lorette",
        "valenz": null,
        "intensitaet": 1,
        "gewichtete_valenz": null,
        "f_wert": null,
        "f_emotion": null,
        "raum_emotion": null,
        "route": null
      }
    },
    {
      "type": "Feature",
      "geometry": {
        "type": "Point",
        "coordinates": [
          2.3346,
          48.8796
        ]
      },
      "properties": {
        "id": 2,
        "zeile": 2,
        "tags": [
          "george_duroy",
          "koerper_als_akteur"
        ],
        "perspektive": "figur",
        "text": "Stattlich gewachsen, richtete er sich auf mit der Haltung eines ehemaligen Unteroffiziers und drehte",
        "notiz": "Duroy inszeniert sich bewusst mit militärischer Körperhaltung im öffentlichen Raum.",
        "ort": "Lokal in der Nähe der Rue Notre-Dame de Lorette",
        "valenz": null,
        "intensitaet": null,
        "gewichtete_valenz": null,
        "f_wert": null,
        "f_emotion": null,
        "raum_emotion": null,
        "route": null
      }
    },
    {
      "type": "Feature",
      "geometry": {
        "type": "Point",
        "coordinates": [
          2.3346,
          48.8796
        ]
      },
      "properties": {
        "id": 3,
        "zeile": 3,
        "tags": [
          "george_duroy",
          "mood"
        ],
        "perspektive": "figur",
        "text": "Er warf auf die übriggebliebenen Gäste einen schnellen, flüchtigen Blick; einen jener Blicke des sch",
        "notiz": "Duroy nimmt aktiv die anderen Gäste wahr und positioniert sich selbstbewusst als Überlegener.",
        "ort": "Lokal in der Nähe der Rue Notre-Dame de Lorette",
        "valenz": null,
        "intensitaet": null,
        "gewichtete_valenz": null,
        "f_wert": "emotion_faerbt_raum",
        "f_emotion": "Selbstbewusstsein, Überlegenheitsgefühl",
        "raum_emotion": {
          "ort": "Lokal",
          "emotion": "Selbstbewusstsein, Überlegenheitsgefühl",
          "richtung": "emotion_faerbt_raum"
        },
        "route": null
      }
    },
    {
      "type": "Feature",
      "geometry": {
        "type": "Point",
        "coordinates": [
          2.3346,
          48.8796
        ]
      },
      "properties": {
        "id": 4,
        "zeile": 4,
        "tags": [
          "social",
          "atmosphere"
        ],
        "perspektive": "erzaehler",
        "text": "Die Frauen blickten ihm neugierig nach: es waren drei kleine Nähmädchen, eine Musiklehrerin unbestim",
        "notiz": "Maupassant beschreibt von außen die soziale Zusammensetzung der Gäste des kleinen Lokals.",
        "ort": "Lokal mit festen Preisen nahe Rue Notre-Dame de Lorette",
        "valenz": null,
        "intensitaet": 1,
        "gewichtete_valenz": null,
        "f_wert": null,
        "f_emotion": null,
        "raum_emotion": null,
        "route": null
      }
    },
    {
      "type": "Feature",
      "geometry": {
        "type": "Point",
        "coordinates": [
          2.3346,
          48.8796
        ]
      },
      "properties": {
        "id": 5,
        "zeile": 5,
        "tags": [
          "george_duroy",
          "social",
          "time"
        ],
        "perspektive": "figur",
        "text": "Es war der 28. Juni — in der Tasche blieben ihm 3 Francs 40 Centimes für den Rest des Monats übrig.",
        "notiz": "Duroy registriert sein knappes Geld und erlebt seine Armut als konkretes emotionales Problem.",
        "ort": "Straße nahe Rue Notre-Dame de Lorette",
        "valenz": -1,
        "intensitaet": 2,
        "gewichtete_valenz": -2,
        "f_wert": "ort_loest_emotion_aus",
        "f_emotion": "finanzielle Bedrängnis",
        "raum_emotion": {
          "ort": "Straße",
          "emotion": "finanzielle Bedrängnis",
          "richtung": "ort_loest_emotion_aus"
        },
        "route": null
      }
    },
    {
      "type": "Feature",
      "geometry": {
        "type": "Point",
        "coordinates": [
          2.3346,
          48.8796
        ]
      },
      "properties": {
        "id": 6,
        "zeile": 6,
        "tags": [
          "george_duroy",
          "social",
          "mood"
        ],
        "perspektive": "figur",
        "text": "Dafür konnte er sich zwei Mittagessen leisten, dann allerdings kein Frühstück, oder umgekehrt. Er üb",
        "notiz": "Duroy kalkuliert innerlich seine finanziellen Möglichkeiten und erlebt seine Armut als Denkzwang.",
        "ort": "Boulevard (unspezifisch)",
        "valenz": -1,
        "intensitaet": 2,
        "gewichtete_valenz": -2,
        "f_wert": "ort_loest_emotion_aus",
        "f_emotion": "finanzielle Not, Einschränkung",
        "raum_emotion": {
          "ort": "Boulevard",
          "emotion": "finanzielle Not, Einschränkung",
          "richtung": "ort_loest_emotion_aus"
        },
        "route": null
      }
    },
    {
      "type": "Feature",
      "geometry": {
        "type": "Point",
        "coordinates": [
          2.3346,
          48.8796
        ]
      },
      "properties": {
        "id": 7,
        "zeile": 7,
        "tags": [
          "george_duroy",
          "social",
          "mood"
        ],
        "perspektive": "figur",
        "text": "Dies war sein kostspieliges Vergnügen, das er sich abends gönnte.",
        "notiz": "Duroy reflektiert ironisch sein einziges Vergnügen als Luxus, der seine soziale Enge verdeutlicht.",
        "ort": "Boulevard (unspezifisch)",
        "valenz": -1,
        "intensitaet": 1,
        "gewichtete_valenz": -1,
        "f_wert": "ort_loest_emotion_aus",
        "f_emotion": "bittere Freude, Kompensation",
        "raum_emotion": {
          "ort": "Boulevard",
          "emotion": "bittere Freude, Kompensation",
          "richtung": "ort_loest_emotion_aus"
        },
        "route": null
      }
    },
    {
      "type": "Feature",
      "geometry": {
        "type": "Point",
        "coordinates": [
          2.3346,
          48.8796
        ]
      },
      "properties": {
        "id": 8,
        "zeile": 8,
        "tags": [
          "george_duroy",
          "move",
          "location"
        ],
        "perspektive": "figur",
        "text": "Daraufhin ging er die Rue Notre-Dame de Lorette hinunter.",
        "notiz": "Duroy bewegt sich aktiv die Rue Notre-Dame de Lorette hinunter — konkrete Ortsangabe mit Bewegungsrichtung.",
        "ort": "Rue Notre-Dame de Lorette",
        "valenz": null,
        "intensitaet": null,
        "gewichtete_valenz": null,
        "f_wert": null,
        "f_emotion": null,
        "raum_emotion": null,
        "route": [
          [
            2.3347626,
            48.8793634
          ]
        ]
      }
    },
    {
      "type": "Feature",
      "geometry": {
        "type": "Point",
        "coordinates": [
          2.3346,
          48.8796
        ]
      },
      "properties": {
        "id": 9,
        "zeile": 9,
        "tags": [
          "george_duroy",
          "koerper_als_akteur",
          "location_erinnerung"
        ],
        "perspektive": "figur",
        "text": "So schritt er dahin, wie zur Zeit, als er die Husarenuniform trug, in strammer Haltung mit etwas ges",
        "notiz": "Duroys Körperhaltung beim Gehen evoziert seine militärische Vergangenheit als persönliche Erinnerung.",
        "ort": "Rue Notre-Dame de Lorette",
        "valenz": 1,
        "intensitaet": 2,
        "gewichtete_valenz": 2,
        "f_wert": null,
        "f_emotion": null,
        "raum_emotion": null,
        "route": null
      }
    },
    {
      "type": "Feature",
      "geometry": {
        "type": "Point",
        "coordinates": [
          2.3346,
          48.8796
        ]
      },
      "properties": {
        "id": 10,
        "zeile": 10,
        "tags": [
          "george_duroy",
          "koerper_als_akteur",
          "move",
          "space"
        ],
        "perspektive": "figur",
        "text": "Ohne auf jemand Rücksicht zu nehmen, ging er seinen Weg durch die Straßenmenge. Er stieß die Passant",
        "notiz": "Duroy erlebt die Straßenmenge als Raum der körperlichen Durchsetzung und Dominanz.",
        "ort": "Rue Notre-Dame de Lorette",
        "valenz": null,
        "intensitaet": null,
        "gewichtete_valenz": null,
        "f_wert": "emotion_faerbt_raum",
        "f_emotion": "Dominanzgefühl, Rücksichtslosigkeit",
        "raum_emotion": {
          "ort": "Rue Notre-Dame de Lorette",
          "emotion": "Dominanzgefühl, Rücksichtslosigkeit",
          "richtung": "emotion_faerbt_raum"
        },
        "route": [
          [
            2.3347626,
            48.8793634
          ],
          [
            2.3348804,
            48.87934
          ],
          [
            2.3348999,
            48.879317
          ],
          [
            2.3367942,
            48.8789504
          ],
          [
            2.3368665,
            48.8788975
          ],
          [
            2.3369249,
            48.8788246
          ],
          [
            2.3371413,
            48.8786587
          ],
          [
            2.3373969,
            48.8784606
          ],
          [
            2.3373916,
            48.8783343
          ],
          [
            2.3374619,
            48.8782876
          ],
          [
            2.3375794,
            48.8782693
          ],
          [
            2.3376105,
            48.8782751
          ],
          [
            2.3379936,
            48.8778744
          ],
          [
            2.3381156,
            48.8779214
          ],
          [
            2.339145,
            48.8768993
          ],
          [
            2.3392031,
            48.8768982
          ],
          [
            2.3393127,
            48.8768695
          ],
          [
            2.3394187,
            48.876743
          ],
          [
            2.3395736,
            48.8766993
          ],
          [
            2.3396319,
            48.8766213
          ],
          [
            2.3396172,
            48.876608
          ],
          [
            2.3401254,
            48.8761392
          ],
          [
            2.3402341,
            48.8761132
          ],
          [
            2.3403434,
            48.8760321
          ],
          [
            2.3404634,
            48.8759355
          ],
          [
            2.340564,
            48.8757807
          ],
          [
            2.3405184,
            48.875763
          ],
          [
            2.3410052,
            48.8752017
          ],
          [
            2.3410685,
            48.875208
          ],
          [
            2.3411912,
            48.8750854
          ],
          [
            2.341137,
            48.8750569
          ],
          [
            2.3413405,
            48.8748612
          ],
          [
            2.3413707,
            48.8748638
          ],
          [
            2.3414346,
            48.8747917
          ],
          [
            2.3423065,
            48.8741752
          ],
          [
            2.3423329,
            48.8741791
          ],
          [
            2.3424046,
            48.8741248
          ],
          [
            2.3424466,
            48.8740819
          ],
          [
            2.3425237,
            48.8740087
          ],
          [
            2.3425134,
            48.8739885
          ],
          [
            2.3430856,
            48.8732062
          ],
          [
            2.3431194,
            48.8731575
          ],
          [
            2.3431617,
            48.8730714
          ],
          [
            2.3431302,
            48.8730459
          ],
          [
            2.343169,
            48.8729136
          ],
          [
            2.3432294,
            48.8727182
          ],
          [
            2.3448579,
            48.8724789
          ],
          [
            2.3448951,
            48.8724937
          ],
          [
            2.3450312,
            48.8724641
          ],
          [
            2.3460209,
            48.8723071
          ],
          [
            2.3462094,
            48.8722789
          ],
          [
            2.3466305,
            48.8722361
          ]
        ]
      }
    },
    {
      "type": "Feature",
      "geometry": {
        "type": "Point",
        "coordinates": [
          2.3346,
          48.8796
        ]
      },
      "properties": {
        "id": 11,
        "zeile": 11,
        "tags": [
          "george_duroy",
          "koerper_als_akteur",
          "sound",
          "material"
        ],
        "perspektive": "figur",
        "text": "Seinen alten Zylinderhut rückte er etwas auf das eine Ohr, und laut klangen seine Schritte auf dem P",
        "notiz": "Duroy inszeniert sich durch Kleidung und Klang der Schritte bewusst im Stadtraum.",
        "ort": "Rue Notre-Dame de Lorette",
        "valenz": null,
        "intensitaet": 1,
        "gewichtete_valenz": null,
        "f_wert": "emotion_faerbt_raum",
        "f_emotion": "Selbstinszenierung, Überlegenheitsgefühl",
        "raum_emotion": {
          "ort": "Rue Notre-Dame de Lorette",
          "emotion": "Selbstinszenierung, Überlegenheitsgefühl",
          "richtung": "emotion_faerbt_raum"
        },
        "route": null
      }
    },
    {
      "type": "Feature",
      "geometry": {
        "type": "Point",
        "coordinates": [
          2.3346,
          48.8796
        ]
      },
      "properties": {
        "id": 12,
        "zeile": 12,
        "tags": [
          "george_duroy",
          "mood",
          "space",
          "atmosphere"
        ],
        "perspektive": "figur",
        "text": "Verächtlich und herausfordernd betrachtete er die Menschen, die Häuser, die ganze Stadt: er — der sc",
        "notiz": "Duroy nimmt die gesamte Stadt durch eine Haltung der Verachtung und Herausforderung wahr — die Emotion färbt den Stadtraum vollständig.",
        "ort": "Rue Notre-Dame de Lorette / Paris",
        "valenz": null,
        "intensitaet": null,
        "gewichtete_valenz": null,
        "f_wert": "emotion_faerbt_raum",
        "f_emotion": "Verachtung, Herausforderung, Selbstüberhöhung",
        "raum_emotion": {
          "ort": "Paris / Rue Notre-Dame de Lorette",
          "emotion": "Verachtung, Herausforderung, Selbstüberhöhung",
          "richtung": "emotion_faerbt_raum"
        },
        "route": null
      }
    },
    {
      "type": "Feature",
      "geometry": {
        "type": "Point",
        "coordinates": [
          2.3434,
          48.8681
        ]
      },
      "properties": {
        "id": 13,
        "zeile": 1,
        "tags": [
          "social",
          "material"
        ],
        "perspektive": "erzaehler",
        "text": "Sein fertiggekaufter Anzug kostete nur 60 Francs, trotzdem trug er eine gewisse betont knallige Eleg",
        "notiz": "Maupassant beschreibt Duroys Kleidung als sozialen Marker von aussen — billiger Anzug mit aufgesetzter Eleganz.",
        "ort": "unspezifisch",
        "valenz": null,
        "intensitaet": 1,
        "gewichtete_valenz": null,
        "f_wert": null,
        "f_emotion": null,
        "raum_emotion": null,
        "route": null
      }
    },
    {
      "type": "Feature",
      "geometry": {
        "type": "Point",
        "coordinates": [
          2.3434,
          48.8681
        ]
      },
      "properties": {
        "id": 14,
        "zeile": 2,
        "tags": [
          "george_duroy"
        ],
        "perspektive": "erzaehler",
        "text": "Groß und schön gewachsen, hatte er dunkelblondes, rötliches, von Natur krauses Haar, das in der Mitt",
        "notiz": "Erzähler beschreibt Duroys äusseres Erscheinungsbild von aussen, ohne inneres Erleben.",
        "ort": "unspezifisch",
        "valenz": null,
        "intensitaet": null,
        "gewichtete_valenz": null,
        "f_wert": null,
        "f_emotion": null,
        "raum_emotion": null,
        "route": null
      }
    },
    {
      "type": "Feature",
      "geometry": {
        "type": "Point",
        "coordinates": [
          2.3434,
          48.8681
        ]
      },
      "properties": {
        "id": 15,
        "zeile": 3,
        "tags": [
          "time",
          "weather"
        ],
        "perspektive": "erzaehler",
        "text": "Es war ein heißer Sommertag.",
        "notiz": "Neutrale Erzählerangabe zu Jahreszeit und Wetter als atmosphärische Kulisse.",
        "ort": "Paris",
        "valenz": null,
        "intensitaet": 1,
        "gewichtete_valenz": null,
        "f_wert": null,
        "f_emotion": null,
        "raum_emotion": null,
        "route": null
      }
    },
    {
      "type": "Feature",
      "geometry": {
        "type": "Point",
        "coordinates": [
          2.3522,
          48.8566
        ]
      },
      "properties": {
        "id": 16,
        "zeile": 4,
        "tags": [
          "weather",
          "atmosphere",
          "location"
        ],
        "perspektive": "erzaehler",
        "text": "Kein frischer Luftzug regte sich in Paris. Die Stadt glühte wie ein Kessel und erstickte in der schw",
        "notiz": "Maupassant beschreibt die drückende Hitze Pariser Sommernacht als atmosphärische Kulisse von aussen.",
        "ort": "Paris (allgemein)",
        "valenz": null,
        "intensitaet": 3,
        "gewichtete_valenz": null,
        "f_wert": "ort_loest_emotion_aus",
        "f_emotion": "Schwüle, Erstickung",
        "raum_emotion": {
          "ort": "Paris",
          "emotion": "Schwüle, Erstickung",
          "richtung": "ort_loest_emotion_aus"
        },
        "route": null
      }
    },
    {
      "type": "Feature",
      "geometry": {
        "type": "Point",
        "coordinates": [
          2.34945,
          48.8644
        ]
      },
      "properties": {
        "id": 17,
        "zeile": 5,
        "tags": [
          "smell",
          "space",
          "material"
        ],
        "perspektive": "erzaehler",
        "text": "Die Straßenkanäle hauchten üblen Duft aus ihren Granitrachen, und aus den Küchen und Kellerräumen dr",
        "notiz": "Erzähler beschreibt als Kulisse die üblen Gerüche der Stadtstrasse — sensorische Atmosphäre von aussen.",
        "ort": "Strassen von Paris (allgemein)",
        "valenz": null,
        "intensitaet": 2,
        "gewichtete_valenz": null,
        "f_wert": null,
        "f_emotion": null,
        "raum_emotion": null,
        "route": null
      }
    },
    {
      "type": "Feature",
      "geometry": {
        "type": "Point",
        "coordinates": [
          2.34945,
          48.8644
        ]
      },
      "properties": {
        "id": 18,
        "zeile": 6,
        "tags": [
          "atmosphere",
          "social",
          "space"
        ],
        "perspektive": "erzaehler",
        "text": "Unter den Haustoren saßen die »concierges« (Hauswarte) in Hemdsärmeln rittlings auf ihren Strohsesse",
        "notiz": "Erzähler malt ein soziales Tableau des schwülen Pariser Abends von aussen — Hauswarte und träge Passanten.",
        "ort": "Strassen von Paris (allgemein)",
        "valenz": null,
        "intensitaet": 2,
        "gewichtete_valenz": null,
        "f_wert": null,
        "f_emotion": null,
        "raum_emotion": null,
        "route": null
      }
    },
    {
      "type": "Feature",
      "geometry": {
        "type": "Point",
        "coordinates": [
          2.3467,
          48.8722
        ]
      },
      "properties": {
        "id": 19,
        "zeile": 7,
        "tags": [
          "george_duroy",
          "move",
          "location",
          "mood"
        ],
        "perspektive": "figur",
        "text": "Als Georges Duroy den Boulevard erreichte, blieb er stehen, unschlüssig, was er nun tun sollte.",
        "notiz": "Duroy erreicht den Boulevard und bleibt unschlüssig stehen — Ortsveränderung und innere Unentschlossenheit aus seiner Perspektive.",
        "ort": "Boulevard Poissonnière (Näherung)",
        "valenz": null,
        "intensitaet": null,
        "gewichtete_valenz": null,
        "f_wert": "ort_loest_emotion_aus",
        "f_emotion": "Unschlüssigkeit",
        "raum_emotion": {
          "ort": "Boulevard",
          "emotion": "Unschlüssigkeit",
          "richtung": "ort_loest_emotion_aus"
        },
        "route": [
          [
            2.3466305,
            48.8722361
          ],
          [
            2.3462094,
            48.8722789
          ],
          [
            2.3462147,
            48.8722127
          ],
          [
            2.3461691,
            48.8721982
          ],
          [
            2.3460082,
            48.8722114
          ],
          [
            2.3456624,
            48.8711873
          ],
          [
            2.3454775,
            48.8712213
          ],
          [
            2.3437009,
            48.871508
          ],
          [
            2.3432636,
            48.8715758
          ],
          [
            2.3431939,
            48.8716002
          ],
          [
            2.3429897,
            48.8716375
          ],
          [
            2.3429308,
            48.8716429
          ],
          [
            2.342664,
            48.871685
          ],
          [
            2.3419053,
            48.8717956
          ],
          [
            2.3402555,
            48.8720522
          ],
          [
            2.3401728,
            48.8721058
          ],
          [
            2.3400073,
            48.8721295
          ],
          [
            2.3399294,
            48.8721349
          ],
          [
            2.3399177,
            48.872104
          ],
          [
            2.339515,
            48.8721683
          ],
          [
            2.3394788,
            48.8720522
          ],
          [
            2.3394569,
            48.8719822
          ],
          [
            2.339264,
            48.8719829
          ],
          [
            2.3389732,
            48.871984
          ],
          [
            2.3389729,
            48.8719336
          ],
          [
            2.3386941,
            48.8718878
          ],
          [
            2.3383603,
            48.8718295
          ],
          [
            2.338203,
            48.871802
          ],
          [
            2.3380261,
            48.871771
          ],
          [
            2.3379862,
            48.8717641
          ],
          [
            2.3375075,
            48.8716804
          ],
          [
            2.3372731,
            48.8716255
          ],
          [
            2.3372463,
            48.8716216
          ],
          [
            2.3371068,
            48.8716006
          ],
          [
            2.3368586,
            48.8715632
          ],
          [
            2.3366971,
            48.871521
          ],
          [
            2.3366593,
            48.8715153
          ],
          [
            2.3360054,
            48.8714028
          ],
          [
            2.3358936,
            48.8713952
          ],
          [
            2.3349102,
            48.8712119
          ],
          [
            2.3348238,
            48.8711976
          ],
          [
            2.334707,
            48.871178
          ],
          [
            2.3341992,
            48.8710926
          ],
          [
            2.3340134,
            48.8710614
          ],
          [
            2.3339537,
            48.8710513
          ],
          [
            2.3327325,
            48.8708461
          ],
          [
            2.3325847,
            48.8709012
          ],
          [
            2.3323199,
            48.8708527
          ],
          [
            2.3322366,
            48.8708148
          ],
          [
            2.3321494,
            48.8707754
          ],
          [
            2.3318858,
            48.870725
          ],
          [
            2.3317958,
            48.8706816
          ],
          [
            2.3302507,
            48.8704198
          ],
          [
            2.3301597,
            48.8704192
          ],
          [
            2.3297669,
            48.8703468
          ],
          [
            2.3297441,
            48.8703418
          ],
          [
            2.3290827,
            48.8702262
          ],
          [
            2.3281923,
            48.8700626
          ],
          [
            2.3280917,
            48.8700934
          ],
          [
            2.3279435,
            48.8700758
          ],
          [
            2.3278463,
            48.8700515
          ],
          [
            2.3276377,
            48.8700123
          ],
          [
            2.3276082,
            48.8700065
          ],
          [
            2.3275036,
            48.8700559
          ],
          [
            2.3266131,
            48.8699063
          ],
          [
            2.3265877,
            48.8698447
          ],
          [
            2.3264287,
            48.8698045
          ],
          [
            2.3259553,
            48.86973
          ],
          [
            2.3257979,
            48.8697068
          ],
          [
            2.3257621,
            48.8696901
          ],
          [
            2.3254917,
            48.8696471
          ],
          [
            2.3252664,
            48.8696113
          ],
          [
            2.3252082,
            48.8696266
          ],
          [
            2.3250804,
            48.8695843
          ],
          [
            2.3247914,
            48.869408
          ],
          [
            2.3244477,
            48.8693451
          ],
          [
            2.3244843,
            48.8693987
          ],
          [
            2.3240246,
            48.8694329
          ],
          [
            2.3242356,
            48.8697175
          ]
        ]
      }
    },
    {
      "type": "Feature",
      "geometry": {
        "type": "Point",
        "coordinates": [
          2.33555,
          48.8711
        ]
      },
      "properties": {
        "id": 20,
        "zeile": 8,
        "tags": [
          "george_duroy",
          "location_erinnerung",
          "mood",
          "weather"
        ],
        "perspektive": "figur",
        "text": "Er hatte Lust, in die Champs Elysée und die Avenue du Bois de Boulogne zu gehen, um unter den Bäumen",
        "notiz": "Duroy stellt sich vor, in die Champs-Élysées und die Avenue du Bois de Boulogne zu gehen — Sehnsucht nach Kühle als innerer Wunsch.",
        "ort": "Champs-Élysées / Avenue du Bois de Boulogne",
        "valenz": 1,
        "intensitaet": 2,
        "gewichtete_valenz": 2,
        "f_wert": "persoenliche_sehnsucht",
        "f_emotion": "Sehnsucht nach Frische und Erleichterung",
        "raum_emotion": {
          "ort": "Champs-Élysées / Avenue du Bois de Boulogne",
          "emotion": "Sehnsucht nach Frische und Erleichterung",
          "richtung": "persoenliche_sehnsucht"
        },
        "route": null
      }
    },
    {
      "type": "Feature",
      "geometry": {
        "type": "Point",
        "coordinates": [
          2.33555,
          48.8711
        ]
      },
      "properties": {
        "id": 21,
        "zeile": 9,
        "tags": [
          "george_duroy",
          "mood",
          "time"
        ],
        "perspektive": "figur",
        "text": "Aber ein anderes Verlangen regte sich in ihm, und zwar nach einem Liebesabenteuer. Wie ihm so ein Ab",
        "notiz": "Duroy erlebt innerlich das Verlangen nach einem Liebesabenteuer — zeitlich erlebtes Warten seit drei Monaten.",
        "ort": "unspezifisch",
        "valenz": null,
        "intensitaet": null,
        "gewichtete_valenz": null,
        "f_wert": null,
        "f_emotion": null,
        "raum_emotion": null,
        "route": null
      }
    },
    {
      "type": "Feature",
      "geometry": {
        "type": "Point",
        "coordinates": [
          2.33555,
          48.8711
        ]
      },
      "properties": {
        "id": 22,
        "zeile": 10,
        "tags": [
          "george_duroy",
          "mood",
          "social"
        ],
        "perspektive": "figur",
        "text": "Dank seiner schönen, stattlichen Erscheinung hatte er wohl hier und da ein bißchen Liebe kosten dürf",
        "notiz": "Duroy reflektiert aus eigener Perspektive auf seine bisherigen Liebeserfahrungen und seinen sozialen Aufstiegswunsch.",
        "ort": "unspezifisch",
        "valenz": null,
        "intensitaet": null,
        "gewichtete_valenz": null,
        "f_wert": null,
        "f_emotion": null,
        "raum_emotion": null,
        "route": null
      }
    },
    {
      "type": "Feature",
      "geometry": {
        "type": "Point",
        "coordinates": [
          2.33555,
          48.8711
        ]
      },
      "properties": {
        "id": 23,
        "zeile": 11,
        "tags": [
          "george_duroy",
          "mood",
          "social",
          "koerper_als_akteur",
          "sound"
        ],
        "perspektive": "figur",
        "text": "Mit heißem Blut aber leerer Tasche erregten ihn die Dirnen, die ihm an den Straßenecken zumurmelten:",
        "notiz": "Duroy erlebt körperlich die Spannung zwischen Begehren und leerer Tasche — soziale Not und Sehnsucht nach vornehmerer Liebe aus seiner Perspektive.",
        "ort": "Strassenecken von Paris (allgemein)",
        "valenz": null,
        "intensitaet": null,
        "gewichtete_valenz": null,
        "f_wert": "ort_loest_emotion_aus",
        "f_emotion": "Erregung, Scham, Sehnsucht",
        "raum_emotion": {
          "ort": "Strassenecken Paris",
          "emotion": "Erregung, Scham, Sehnsucht",
          "richtung": "ort_loest_emotion_aus"
        },
        "route": null
      }
    },
    {
      "type": "Feature",
      "geometry": {
        "type": "Point",
        "coordinates": [
          2.33555,
          48.8711
        ]
      },
      "properties": {
        "id": 24,
        "zeile": 1,
        "tags": [
          "george_duroy",
          "mood",
          "location_erinnerung"
        ],
        "perspektive": "figur",
        "text": "Trotzdem liebte er die Orte, wo es von jenen öffentlichen Mädchen wimmelte; er suchte gern ihre Ball",
        "notiz": "Duroy empfindet eine innere Zuneigung zu den Orten der öffentlichen Mädchen — eine persönliche, habitualisierte Vorliebe.",
        "ort": "Ballokale, Cafés, Straßen (unspezifisch, Paris)",
        "valenz": 1,
        "intensitaet": 2,
        "gewichtete_valenz": 2,
        "f_wert": "ort_loest_emotion_aus",
        "f_emotion": "Zuneigung, Verlangen",
        "raum_emotion": {
          "ort": "Orte der öffentlichen Mädchen",
          "emotion": "Zuneigung, Verlangen",
          "richtung": "ort_loest_emotion_aus"
        },
        "route": null
      }
    },
    {
      "type": "Feature",
      "geometry": {
        "type": "Point",
        "coordinates": [
          2.33555,
          48.8711
        ]
      },
      "properties": {
        "id": 25,
        "zeile": 2,
        "tags": [
          "george_duroy",
          "smell",
          "mood",
          "koerper_als_akteur"
        ],
        "perspektive": "figur",
        "text": "Er liebte, sie anzusprechen, sie zu duzen, ihre aufdringlichen Parfüms einzuatmen und ihre Nähe zu f",
        "notiz": "Duroy erlebt die sinnliche Nähe der Frauen körperlich und emotional — Geruch und Berührungsnähe als lustvolles Erleben.",
        "ort": "unspezifisch",
        "valenz": null,
        "intensitaet": null,
        "gewichtete_valenz": null,
        "f_wert": "koerper_als_sensor",
        "f_emotion": "Lust, sinnliche Anziehung",
        "raum_emotion": {
          "ort": "soziale Begegnungsräume",
          "emotion": "Lust, sinnliche Anziehung",
          "richtung": "koerper_als_sensor"
        },
        "route": null
      }
    },
    {
      "type": "Feature",
      "geometry": {
        "type": "Point",
        "coordinates": [
          2.33555,
          48.8711
        ]
      },
      "properties": {
        "id": 26,
        "zeile": 3,
        "tags": [
          "george_duroy",
          "social",
          "mood"
        ],
        "perspektive": "figur",
        "text": "Verachten tat er sie nicht, so wie jeder Mann sie verachtete, der im Schoß der Familie aufgewachsen ",
        "notiz": "Duroy reflektiert seine eigene soziale Haltung gegenüber Prostituierten und grenzt sich vom bürgerlichen Verachten ab.",
        "ort": "unspezifisch",
        "valenz": null,
        "intensitaet": null,
        "gewichtete_valenz": null,
        "f_wert": null,
        "f_emotion": null,
        "raum_emotion": null,
        "route": null
      }
    },
    {
      "type": "Feature",
      "geometry": {
        "type": "Point",
        "coordinates": [
          2.3244,
          48.87
        ]
      },
      "properties": {
        "id": 27,
        "zeile": 4,
        "tags": [
          "george_duroy",
          "move",
          "location",
          "weather"
        ],
        "perspektive": "figur",
        "text": "Er lenkte seine Schritte nach der Madeleinekirche und folgte dem Menschenstrom, der sich, von der Hi",
        "notiz": "Duroy bewegt sich in Richtung Madeleine und erlebt den Menschenstrom als von Hitze bedrückt — Bewegung durch den urbanen Raum.",
        "ort": "Église de la Madeleine, Paris",
        "valenz": null,
        "intensitaet": null,
        "gewichtete_valenz": null,
        "f_wert": "ort_loest_emotion_aus",
        "f_emotion": "Schwere, Bedrücktheit",
        "raum_emotion": {
          "ort": "Richtung Madeleine",
          "emotion": "Schwere, Bedrücktheit",
          "richtung": "ort_loest_emotion_aus"
        },
        "route": [
          [
            2.3242356,
            48.8697175
          ]
        ]
      }
    },
    {
      "type": "Feature",
      "geometry": {
        "type": "Point",
        "coordinates": [
          2.3244,
          48.87
        ]
      },
      "properties": {
        "id": 28,
        "zeile": 5,
        "tags": [
          "space",
          "atmosphere",
          "social"
        ],
        "perspektive": "erzaehler",
        "text": "Die Cafés waren überfüllt, dichtgedrängt saßen die Menschen am Bürgersteig, im grellen, blendenden L",
        "notiz": "Maupassant beschreibt die überfüllten Cafés als soziale und räumliche Kulisse von außen.",
        "ort": "Cafés nahe Madeleine, Paris",
        "valenz": null,
        "intensitaet": 2,
        "gewichtete_valenz": null,
        "f_wert": null,
        "f_emotion": null,
        "raum_emotion": null,
        "route": null
      }
    },
    {
      "type": "Feature",
      "geometry": {
        "type": "Point",
        "coordinates": [
          2.3244,
          48.87
        ]
      },
      "properties": {
        "id": 29,
        "zeile": 6,
        "tags": [
          "material",
          "atmosphere",
          "social"
        ],
        "perspektive": "erzaehler",
        "text": "Vor ihnen auf kleinen runden oder viereckigen Tischen standen Gläser mit roten, gelben, grünen und i",
        "notiz": "Maupassant beschreibt die Getränke und Eisstücke als visuelle Kulisse — sinnlich, aber aus Erzählerperspektive.",
        "ort": "Cafés nahe Madeleine, Paris",
        "valenz": null,
        "intensitaet": 2,
        "gewichtete_valenz": null,
        "f_wert": null,
        "f_emotion": null,
        "raum_emotion": null,
        "route": null
      }
    },
    {
      "type": "Feature",
      "geometry": {
        "type": "Point",
        "coordinates": [
          2.3244,
          48.87
        ]
      },
      "properties": {
        "id": 30,
        "zeile": 7,
        "tags": [
          "george_duroy",
          "move",
          "koerper_als_akteur",
          "mood"
        ],
        "perspektive": "figur",
        "text": "Duroys Schritte wurden langsamer, und das Verlangen nach einem erfrischenden Getränk trocknete ihm d",
        "notiz": "Duroys körperliche Reaktion auf den Anblick der Cafés — sein Verlangen verlangsamt buchstäblich seine Schritte.",
        "ort": "Cafés nahe Madeleine, Paris",
        "valenz": null,
        "intensitaet": null,
        "gewichtete_valenz": null,
        "f_wert": "ort_loest_emotion_aus",
        "f_emotion": "Verlangen, Durst",
        "raum_emotion": {
          "ort": "Cafés am Bürgersteig",
          "emotion": "Verlangen, Durst",
          "richtung": "ort_loest_emotion_aus"
        },
        "route": [
          [
            2.3242356,
            48.8697175
          ]
        ]
      }
    },
    {
      "type": "Feature",
      "geometry": {
        "type": "Point",
        "coordinates": [
          2.3244,
          48.87
        ]
      },
      "properties": {
        "id": 31,
        "zeile": 8,
        "tags": [
          "george_duroy",
          "weather",
          "koerper_als_akteur",
          "mood"
        ],
        "perspektive": "figur",
        "text": "Ihn packte ein glühender Durst, ein Durst eines heißen Sommerabends; er dachte immerfort an das köst",
        "notiz": "Duroy erlebt den Durst als körperliche Qual — der heiße Sommerabend wird als somatisches Erleben zur emotionalen Last.",
        "ort": "Straße nahe Madeleine, Paris",
        "valenz": -1,
        "intensitaet": 3,
        "gewichtete_valenz": -3,
        "f_wert": "koerper_als_sensor",
        "f_emotion": "Durst, Sehnsucht nach Kühlung",
        "raum_emotion": {
          "ort": "Straße bei den Cafés",
          "emotion": "Durst, Sehnsucht nach Kühlung",
          "richtung": "koerper_als_sensor"
        },
        "route": null
      }
    },
    {
      "type": "Feature",
      "geometry": {
        "type": "Point",
        "coordinates": [
          2.3244,
          48.87
        ]
      },
      "properties": {
        "id": 32,
        "zeile": 9,
        "tags": [
          "george_duroy",
          "social",
          "mood",
          "time"
        ],
        "perspektive": "figur",
        "text": "Wenn er sich aber heute auch nur zwei Glas Bier gestattete, dann war es morgen mit seinem kargen Abe",
        "notiz": "Duroy denkt über seine finanzielle Armut nach — der Durst macht seinen sozialen Status schmerzhaft bewusst.",
        "ort": "unspezifisch",
        "valenz": -1,
        "intensitaet": 2,
        "gewichtete_valenz": -2,
        "f_wert": "ort_loest_emotion_aus",
        "f_emotion": "Armut, Entbehrung",
        "raum_emotion": {
          "ort": "innerer Raum / Reflexion",
          "emotion": "Armut, Entbehrung",
          "richtung": "ort_loest_emotion_aus"
        },
        "route": null
      }
    },
    {
      "type": "Feature",
      "geometry": {
        "type": "Point",
        "coordinates": [
          2.3244,
          48.87
        ]
      },
      "properties": {
        "id": 33,
        "zeile": 10,
        "tags": [
          "george_duroy",
          "time",
          "mood",
          "location_erinnerung"
        ],
        "perspektive": "figur",
        "text": "Er sagte sich: »Bis zehn Uhr muß ich aushalten, und dann trinke ich einen Bock à l'Americain. Donner",
        "notiz": "Duroy erlebt Zeit als Qual — das Aushalten bis zehn Uhr ist ein emotionaler Zeitdruck, der mit Durst und Entbehrung verbunden ist.",
        "ort": "Café à l'Americain (unspezifisch)",
        "valenz": -1,
        "intensitaet": 2,
        "gewichtete_valenz": -2,
        "f_wert": "ort_loest_emotion_aus",
        "f_emotion": "Sehnsucht, Durst",
        "raum_emotion": {
          "ort": "zukünftiger Ort des Trinkens",
          "emotion": "Sehnsucht, Durst",
          "richtung": "ort_loest_emotion_aus"
        },
        "route": null
      }
    },
    {
      "type": "Feature",
      "geometry": {
        "type": "Point",
        "coordinates": [
          2.3244,
          48.87
        ]
      },
      "properties": {
        "id": 34,
        "zeile": 11,
        "tags": [
          "george_duroy",
          "social",
          "mood"
        ],
        "perspektive": "figur",
        "text": "Und er blickte all diese Menschen an, die an den Tischen saßen, tranken und ihren Durst löschen konn",
        "notiz": "Duroy beobachtet die Trinkenden mit einem Gefühl des Ausschlusses — sozialer Neid als inneres Erlebnis.",
        "ort": "Cafés nahe Madeleine, Paris",
        "valenz": -1,
        "intensitaet": 2,
        "gewichtete_valenz": -2,
        "f_wert": "ort_loest_emotion_aus",
        "f_emotion": "Neid, Ausgeschlossensein",
        "raum_emotion": {
          "ort": "Cafés am Bürgersteig",
          "emotion": "Neid, Ausgeschlossensein",
          "richtung": "ort_loest_emotion_aus"
        },
        "route": null
      }
    },
    {
      "type": "Feature",
      "geometry": {
        "type": "Point",
        "coordinates": [
          2.3244,
          48.87
        ]
      },
      "properties": {
        "id": 35,
        "zeile": 12,
        "tags": [
          "george_duroy",
          "move",
          "social",
          "koerper_als_akteur"
        ],
        "perspektive": "figur",
        "text": "Und während er äußerlich keck und zuversichtlich an den Cafés vorüberging, taxierte er mit raschem B",
        "notiz": "Duroy inszeniert äußerliche Keckheit, während er innerlich soziale Ungleichheit berechnet — Körper als soziale Maske.",
        "ort": "Cafés nahe Madeleine, Paris",
        "valenz": null,
        "intensitaet": null,
        "gewichtete_valenz": null,
        "f_wert": "emotion_faerbt_raum",
        "f_emotion": "Neid, Kalkulation, soziale Spannung",
        "raum_emotion": {
          "ort": "Bürgersteig vor den Cafés",
          "emotion": "Neid, Kalkulation, soziale Spannung",
          "richtung": "emotion_faerbt_raum"
        },
        "route": [
          [
            2.3242356,
            48.8697175
          ],
          [
            2.3240246,
            48.8694329
          ],
          [
            2.3244843,
            48.8693987
          ],
          [
            2.3244477,
            48.8693451
          ],
          [
            2.3247914,
            48.869408
          ],
          [
            2.3250804,
            48.8695843
          ],
          [
            2.3252082,
            48.8696266
          ],
          [
            2.3252664,
            48.8696113
          ],
          [
            2.3254917,
            48.8696471
          ],
          [
            2.3257621,
            48.8696901
          ],
          [
            2.3257979,
            48.8697068
          ],
          [
            2.3259553,
            48.86973
          ],
          [
            2.3264287,
            48.8698045
          ],
          [
            2.3265877,
            48.8698447
          ],
          [
            2.3266131,
            48.8699063
          ],
          [
            2.3275036,
            48.8700559
          ],
          [
            2.3276082,
            48.8700065
          ],
          [
            2.3276377,
            48.8700123
          ],
          [
            2.3278463,
            48.8700515
          ],
          [
            2.3279435,
            48.8700758
          ],
          [
            2.3280917,
            48.8700934
          ],
          [
            2.3281923,
            48.8700626
          ],
          [
            2.3290827,
            48.8702262
          ],
          [
            2.3297441,
            48.8703418
          ],
          [
            2.3297669,
            48.8703468
          ],
          [
            2.3301597,
            48.8704192
          ],
          [
            2.3302507,
            48.8704198
          ],
          [
            2.3317958,
            48.8706816
          ],
          [
            2.3318858,
            48.870725
          ],
          [
            2.3321494,
            48.8707754
          ],
          [
            2.3322366,
            48.8708148
          ],
          [
            2.3323199,
            48.8708527
          ],
          [
            2.3325847,
            48.8709012
          ],
          [
            2.3327325,
            48.8708461
          ],
          [
            2.3339537,
            48.8710513
          ],
          [
            2.3340134,
            48.8710614
          ],
          [
            2.3341992,
            48.8710926
          ],
          [
            2.334707,
            48.871178
          ],
          [
            2.3348238,
            48.8711976
          ],
          [
            2.3349102,
            48.8712119
          ],
          [
            2.3358936,
            48.8713952
          ],
          [
            2.3360054,
            48.8714028
          ],
          [
            2.3366593,
            48.8715153
          ],
          [
            2.3366971,
            48.871521
          ],
          [
            2.3368586,
            48.8715632
          ],
          [
            2.3371068,
            48.8716006
          ],
          [
            2.3372463,
            48.8716216
          ],
          [
            2.3372731,
            48.8716255
          ],
          [
            2.3375075,
            48.8716804
          ],
          [
            2.3379862,
            48.8717641
          ],
          [
            2.3380261,
            48.871771
          ],
          [
            2.338203,
            48.871802
          ],
          [
            2.3383603,
            48.8718295
          ],
          [
            2.3386941,
            48.8718878
          ],
          [
            2.3389729,
            48.8719336
          ],
          [
            2.3389732,
            48.871984
          ],
          [
            2.339264,
            48.8719829
          ],
          [
            2.3394569,
            48.8719822
          ],
          [
            2.3394788,
            48.8720522
          ],
          [
            2.339515,
            48.8721683
          ],
          [
            2.3399177,
            48.872104
          ],
          [
            2.3399294,
            48.8721349
          ],
          [
            2.3400073,
            48.8721295
          ],
          [
            2.3401728,
            48.8721058
          ],
          [
            2.3402555,
            48.8720522
          ],
          [
            2.3419053,
            48.8717956
          ],
          [
            2.342664,
            48.871685
          ],
          [
            2.3429308,
            48.8716429
          ],
          [
            2.3429897,
            48.8716375
          ],
          [
            2.3431939,
            48.8716002
          ],
          [
            2.3432636,
            48.8715758
          ],
          [
            2.3437009,
            48.871508
          ],
          [
            2.3454775,
            48.8712213
          ],
          [
            2.3456624,
            48.8711873
          ],
          [
            2.3460082,
            48.8722114
          ],
          [
            2.3461691,
            48.8721982
          ],
          [
            2.3462147,
            48.8722127
          ],
          [
            2.3462094,
            48.8722789
          ],
          [
            2.3466305,
            48.8722361
          ]
        ]
      }
    },
    {
      "type": "Feature",
      "geometry": {
        "type": "Point",
        "coordinates": [
          2.3244,
          48.87
        ]
      },
      "properties": {
        "id": 36,
        "zeile": 13,
        "tags": [
          "george_duroy",
          "mood",
          "social"
        ],
        "perspektive": "figur",
        "text": "Eine Wut ergriff ihn gegen diese ruhig dasitzenden Leute.",
        "notiz": "Duroy erlebt Wut auf die ruhig Sitzenden — ein sozial motivierter Affekt.",
        "ort": "Cafés nahe Madeleine, Paris",
        "valenz": -1,
        "intensitaet": 2,
        "gewichtete_valenz": -2,
        "f_wert": "ort_loest_emotion_aus",
        "f_emotion": "Wut, sozialer Hass",
        "raum_emotion": {
          "ort": "Cafés am Bürgersteig",
          "emotion": "Wut, sozialer Hass",
          "richtung": "ort_loest_emotion_aus"
        },
        "route": null
      }
    },
    {
      "type": "Feature",
      "geometry": {
        "type": "Point",
        "coordinates": [
          2.33555,
          48.8711
        ]
      },
      "properties": {
        "id": 37,
        "zeile": 14,
        "tags": [
          "george_duroy",
          "social",
          "mood"
        ],
        "perspektive": "figur",
        "text": "Wenn man ihre Taschen durchsuchte, so würde man Gold, Silber und Kleingeld finden.",
        "notiz": "Duroy imaginiert den Reichtum der anderen als materielles Phantasiebild — Ausdruck von sozialem Neid und Begehren.",
        "ort": "unspezifisch",
        "valenz": -1,
        "intensitaet": 1,
        "gewichtete_valenz": -1,
        "f_wert": "emotion_faerbt_raum",
        "f_emotion": "Neid, Begehren",
        "raum_emotion": {
          "ort": "innerer Raum / Imagination",
          "emotion": "Neid, Begehren",
          "richtung": "emotion_faerbt_raum"
        },
        "route": null
      }
    },
    {
      "type": "Feature",
      "geometry": {
        "type": "Point",
        "coordinates": [
          2.3467,
          48.8722
        ]
      },
      "properties": {
        "id": 38,
        "zeile": 1,
        "tags": [
          "george_duroy",
          "social"
        ],
        "perspektive": "figur",
        "text": "Durchschnittlich mußte jeder wohl zwei Zwanzigfrancsstücke bei sich haben, etwa hundert Menschen saß",
        "notiz": "Duroy berechnet innerlich das Geld der Cafébesucher — inneres Erleben seiner sozialen Lage und seines Neids.",
        "ort": "Boulevard Poissonière, Paris (Näherung)",
        "valenz": -1,
        "intensitaet": 1,
        "gewichtete_valenz": -1,
        "f_wert": "ort_loest_emotion_aus",
        "f_emotion": "Neid, Berechnung",
        "raum_emotion": {
          "ort": "Boulevard Poissonière",
          "emotion": "Neid, Berechnung",
          "richtung": "ort_loest_emotion_aus"
        },
        "route": null
      }
    },
    {
      "type": "Feature",
      "geometry": {
        "type": "Point",
        "coordinates": [
          2.3467,
          48.8722
        ]
      },
      "properties": {
        "id": 39,
        "zeile": 2,
        "tags": [
          "george_duroy",
          "move",
          "mood"
        ],
        "perspektive": "figur",
        "text": "»Schweinehunde!« murmelte er vor sich hin und ging mit wiegenden Schritten weiter.",
        "notiz": "Duroy murmelt seinen Zorn und bewegt sich weiter — innerer emotionaler Zustand verbunden mit Bewegung.",
        "ort": "Boulevard Poissonière, Paris (Näherung)",
        "valenz": -1,
        "intensitaet": 1,
        "gewichtete_valenz": -1,
        "f_wert": "emotion_faerbt_raum",
        "f_emotion": "Wut, Verachtung",
        "raum_emotion": {
          "ort": "Boulevard Poissonière",
          "emotion": "Wut, Verachtung",
          "richtung": "emotion_faerbt_raum"
        },
        "route": [
          [
            2.3466305,
            48.8722361
          ],
          [
            2.3462094,
            48.8722789
          ],
          [
            2.3462147,
            48.8722127
          ],
          [
            2.3461691,
            48.8721982
          ],
          [
            2.3460082,
            48.8722114
          ],
          [
            2.3456624,
            48.8711873
          ],
          [
            2.3454775,
            48.8712213
          ],
          [
            2.3437009,
            48.871508
          ],
          [
            2.3432636,
            48.8715758
          ],
          [
            2.3431939,
            48.8716002
          ],
          [
            2.3429897,
            48.8716375
          ],
          [
            2.3429308,
            48.8716429
          ],
          [
            2.342664,
            48.871685
          ],
          [
            2.3419053,
            48.8717956
          ],
          [
            2.3402555,
            48.8720522
          ],
          [
            2.3401728,
            48.8721058
          ],
          [
            2.3400073,
            48.8721295
          ],
          [
            2.3399294,
            48.8721349
          ],
          [
            2.3399177,
            48.872104
          ],
          [
            2.339515,
            48.8721683
          ],
          [
            2.3394788,
            48.8720522
          ],
          [
            2.3394569,
            48.8719822
          ],
          [
            2.339264,
            48.8719829
          ],
          [
            2.3389732,
            48.871984
          ],
          [
            2.3389729,
            48.8719336
          ],
          [
            2.3386941,
            48.8718878
          ],
          [
            2.3383603,
            48.8718295
          ],
          [
            2.338203,
            48.871802
          ],
          [
            2.3380261,
            48.871771
          ],
          [
            2.3379862,
            48.8717641
          ],
          [
            2.3375075,
            48.8716804
          ],
          [
            2.3372731,
            48.8716255
          ],
          [
            2.3372463,
            48.8716216
          ],
          [
            2.3371068,
            48.8716006
          ],
          [
            2.3368586,
            48.8715632
          ],
          [
            2.3366971,
            48.871521
          ],
          [
            2.3366593,
            48.8715153
          ],
          [
            2.3360054,
            48.8714028
          ],
          [
            2.3358936,
            48.8713952
          ]
        ]
      }
    },
    {
      "type": "Feature",
      "geometry": {
        "type": "Point",
        "coordinates": [
          2.3467,
          48.8722
        ]
      },
      "properties": {
        "id": 40,
        "zeile": 3,
        "tags": [
          "george_duroy",
          "mood",
          "space"
        ],
        "perspektive": "figur",
        "text": "Hätte er nur einen an irgendeiner dunklen Straßenecke fassen können, würde er ihm weiß Gott ohne Bed",
        "notiz": "Duroy imaginiert Gewalt an einer dunklen Straßenecke — die urbane Enge und Dunkelheit färbt seine aggressiven Fantasien.",
        "ort": "imaginierte dunkle Straßenecke, Paris",
        "valenz": -1,
        "intensitaet": 2,
        "gewichtete_valenz": -2,
        "f_wert": "emotion_faerbt_raum",
        "f_emotion": "Aggression, Fantasie von Gewalt",
        "raum_emotion": {
          "ort": "dunkle Straßenecke",
          "emotion": "Aggression, Fantasie von Gewalt",
          "richtung": "emotion_faerbt_raum"
        },
        "route": null
      }
    },
    {
      "type": "Feature",
      "geometry": {
        "type": "Point",
        "coordinates": [
          2.3467,
          48.8722
        ]
      },
      "properties": {
        "id": 44,
        "zeile": 7,
        "tags": [
          "george_duroy",
          "location_erinnerung",
          "social",
          "space"
        ],
        "perspektive": "figur",
        "text": "In Paris war das anders. Hier konnte man nicht mit dem Säbel an der Seite und dem Revolver in der Fa",
        "notiz": "Duroy kontrastiert Paris mit Algerien — er erlebt die Stadt als Ort eingeschränkter Freiheit und sozialer Kontrolle.",
        "ort": "Paris (allgemein)",
        "valenz": -1,
        "intensitaet": 2,
        "gewichtete_valenz": -2,
        "f_wert": "ort_loest_emotion_aus",
        "f_emotion": "Frustration, Einengung",
        "raum_emotion": {
          "ort": "Paris",
          "emotion": "Frustration, Einengung",
          "richtung": "ort_loest_emotion_aus"
        },
        "route": null
      }
    },
    {
      "type": "Feature",
      "geometry": {
        "type": "Point",
        "coordinates": [
          2.3467,
          48.8722
        ]
      },
      "properties": {
        "id": 46,
        "zeile": 9,
        "tags": [
          "george_duroy",
          "mood",
          "social"
        ],
        "perspektive": "figur",
        "text": "Er hatte sich Besseres erhofft, als er heimkehrte. Und nun ... Ach ja, jetzt hatte er, was er wollte",
        "notiz": "Duroy reflektiert bitter seine enttäuschten Erwartungen nach der Rückkehr nach Paris — innerer Zustand von Desillusionierung.",
        "ort": "Paris (allgemein)",
        "valenz": -1,
        "intensitaet": 2,
        "gewichtete_valenz": -2,
        "f_wert": "ort_loest_emotion_aus",
        "f_emotion": "Bitterkeit, Desillusionierung",
        "raum_emotion": {
          "ort": "Paris",
          "emotion": "Bitterkeit, Desillusionierung",
          "richtung": "ort_loest_emotion_aus"
        },
        "route": null
      }
    },
    {
      "type": "Feature",
      "geometry": {
        "type": "Point",
        "coordinates": [
          2.3467,
          48.8722
        ]
      },
      "properties": {
        "id": 47,
        "zeile": 10,
        "tags": [
          "george_duroy",
          "koerper_als_akteur",
          "mood"
        ],
        "perspektive": "figur",
        "text": "Er schnalzte mit der Zunge, als wollte er konstatieren, wie völlig ausgedörrt sein Mund schon wäre.",
        "notiz": "Duroy erlebt körperlich seinen Durst — der Körper als Sensor für seine materielle Not.",
        "ort": "Boulevard Poissonière, Paris (Näherung)",
        "valenz": -1,
        "intensitaet": 1,
        "gewichtete_valenz": -1,
        "f_wert": "koerper_als_sensor",
        "f_emotion": "Durst, körperliche Not",
        "raum_emotion": {
          "ort": "Boulevard Poissonière",
          "emotion": "Durst, körperliche Not",
          "richtung": "koerper_als_sensor"
        },
        "route": null
      }
    },
    {
      "type": "Feature",
      "geometry": {
        "type": "Point",
        "coordinates": [
          2.3467,
          48.8722
        ]
      },
      "properties": {
        "id": 48,
        "zeile": 11,
        "tags": [
          "george_duroy",
          "mood",
          "social",
          "atmosphere"
        ],
        "perspektive": "figur",
        "text": "Langsam und müde schob sich die Menge an ihm vorüber, und er dachte immer noch: »Dieses Pack! All di",
        "notiz": "Duroy nimmt die vorüberströmende Menge mit Verachtung und Neid wahr — der Raum und seine Bewohner lösen Emotionen aus.",
        "ort": "Boulevard Poissonière, Paris (Näherung)",
        "valenz": -1,
        "intensitaet": 2,
        "gewichtete_valenz": -2,
        "f_wert": "ort_loest_emotion_aus",
        "f_emotion": "Verachtung, Neid",
        "raum_emotion": {
          "ort": "Boulevard Poissonière",
          "emotion": "Verachtung, Neid",
          "richtung": "ort_loest_emotion_aus"
        },
        "route": null
      }
    },
    {
      "type": "Feature",
      "geometry": {
        "type": "Point",
        "coordinates": [
          2.3467,
          48.8722
        ]
      },
      "properties": {
        "id": 49,
        "zeile": 12,
        "tags": [
          "george_duroy",
          "koerper_als_akteur",
          "sound"
        ],
        "perspektive": "figur",
        "text": "Er rempelte die Menschen an und pfiff dazu eine lustige Melodie.",
        "notiz": "Duroy rempelt die Menge an und pfeift — körperliche Aggression als Handlung im städtischen Raum.",
        "ort": "Boulevard Poissonière, Paris (Näherung)",
        "valenz": null,
        "intensitaet": null,
        "gewichtete_valenz": null,
        "f_wert": "emotion_faerbt_raum",
        "f_emotion": "aggressive Gleichgültigkeit",
        "raum_emotion": {
          "ort": "Boulevard Poissonière",
          "emotion": "aggressive Gleichgültigkeit",
          "richtung": "emotion_faerbt_raum"
        },
        "route": null
      }
    },
    {
      "type": "Feature",
      "geometry": {
        "type": "Point",
        "coordinates": [
          2.3467,
          48.8722
        ]
      },
      "properties": {
        "id": 50,
        "zeile": 13,
        "tags": [
          "atmosphere",
          "social"
        ],
        "perspektive": "erzaehler",
        "text": "Männer, die er geschubst hatte, drehten sich schimpfend um, und die Frauen riefen entrüstet: »Ungezo",
        "notiz": "Maupassant beschreibt von aussen die Reaktion der Passanten auf Duroys aggressives Verhalten — soziale Atmosphäre des Boulevards.",
        "ort": "Boulevard Poissonière, Paris (Näherung)",
        "valenz": null,
        "intensitaet": 2,
        "gewichtete_valenz": null,
        "f_wert": null,
        "f_emotion": null,
        "raum_emotion": null,
        "route": null
      }
    },
    {
      "type": "Feature",
      "geometry": {
        "type": "Point",
        "coordinates": [
          2.3355,
          48.8717
        ]
      },
      "properties": {
        "id": 51,
        "zeile": 14,
        "tags": [
          "move",
          "location"
        ],
        "perspektive": "erzaehler",
        "text": "Er ging am Vaudeville vorbei und blieb vor dem Café Americain stehen.",
        "notiz": "Maupassant beschreibt Duroys Bewegung am Théâtre du Vaudeville vorbei zum Café Américain — konkrete Ortsnennung.",
        "ort": "Café Américain, Boulevard des Capucines, Paris",
        "valenz": null,
        "intensitaet": 1,
        "gewichtete_valenz": null,
        "f_wert": null,
        "f_emotion": null,
        "raum_emotion": null,
        "route": [
          [
            2.3358936,
            48.8713952
          ],
          [
            2.3349102,
            48.8712119
          ],
          [
            2.3348238,
            48.8711976
          ],
          [
            2.334707,
            48.871178
          ],
          [
            2.3341992,
            48.8710926
          ],
          [
            2.3340134,
            48.8710614
          ],
          [
            2.3339537,
            48.8710513
          ],
          [
            2.3327325,
            48.8708461
          ],
          [
            2.3325847,
            48.8709012
          ],
          [
            2.3323199,
            48.8708527
          ],
          [
            2.3322366,
            48.8708148
          ],
          [
            2.3321494,
            48.8707754
          ],
          [
            2.3318858,
            48.870725
          ],
          [
            2.3317958,
            48.8706816
          ],
          [
            2.3302507,
            48.8704198
          ],
          [
            2.3301597,
            48.8704192
          ],
          [
            2.3297669,
            48.8703468
          ],
          [
            2.3297441,
            48.8703418
          ],
          [
            2.3290827,
            48.8702262
          ],
          [
            2.3281923,
            48.8700626
          ],
          [
            2.3280917,
            48.8700934
          ],
          [
            2.3279435,
            48.8700758
          ],
          [
            2.3278463,
            48.8700515
          ],
          [
            2.3276377,
            48.8700123
          ],
          [
            2.3276082,
            48.8700065
          ],
          [
            2.3275036,
            48.8700559
          ],
          [
            2.3266131,
            48.8699063
          ],
          [
            2.3265877,
            48.8698447
          ],
          [
            2.3264287,
            48.8698045
          ],
          [
            2.3259553,
            48.86973
          ],
          [
            2.3257979,
            48.8697068
          ],
          [
            2.3257621,
            48.8696901
          ],
          [
            2.3254917,
            48.8696471
          ],
          [
            2.3252664,
            48.8696113
          ],
          [
            2.3252082,
            48.8696266
          ],
          [
            2.3250804,
            48.8695843
          ],
          [
            2.3247914,
            48.869408
          ],
          [
            2.3244477,
            48.8693451
          ],
          [
            2.3244843,
            48.8693987
          ],
          [
            2.3240246,
            48.8694329
          ],
          [
            2.3239377,
            48.8694605
          ],
          [
            2.3236798,
            48.8696434
          ],
          [
            2.3235978,
            48.8697965
          ],
          [
            2.323914,
            48.8701676
          ]
        ]
      }
    },
    {
      "type": "Feature",
      "geometry": {
        "type": "Point",
        "coordinates": [
          2.32975,
          48.87085
        ]
      },
      "properties": {
        "id": 52,
        "zeile": 1,
        "tags": [
          "george_duroy",
          "koerper_als_akteur",
          "mood"
        ],
        "perspektive": "figur",
        "text": "Er fragte sich, ob er nicht doch ein Glas Bier trinken sollte, so quälte ihn der Durst.",
        "notiz": "Duroy erlebt körperlichen Durst als inneren Zustand, der sein Denken und Handeln bestimmt.",
        "ort": "Unbekannte Strasse in Paris, Nähe Boulevard des Capucines",
        "valenz": -1,
        "intensitaet": 2,
        "gewichtete_valenz": -2,
        "f_wert": "koerper_als_sensor",
        "f_emotion": "Durst, Unentschlossenheit",
        "raum_emotion": {
          "ort": "Strasse",
          "emotion": "Durst, Unentschlossenheit",
          "richtung": "koerper_als_sensor"
        },
        "route": null
      }
    },
    {
      "type": "Feature",
      "geometry": {
        "type": "Point",
        "coordinates": [
          2.32975,
          48.87085
        ]
      },
      "properties": {
        "id": 53,
        "zeile": 2,
        "tags": [
          "george_duroy",
          "time"
        ],
        "perspektive": "figur",
        "text": "Ehe er sich entschloß, sah er auf die beleuchtete Uhr mitten auf dem Fahrdamm. Es war ein Viertel na",
        "notiz": "Duroy erlebt Zeit als emotionalen Zustand der Unentschlossenheit — er prüft die Uhr, um seine Lage zu kalkulieren.",
        "ort": "Fahrdamm in Paris, Nähe Place de l'Opéra",
        "valenz": -1,
        "intensitaet": 1,
        "gewichtete_valenz": -1,
        "f_wert": "ort_loest_emotion_aus",
        "f_emotion": "Zeitdruck, Unentschlossenheit",
        "raum_emotion": {
          "ort": "Fahrdamm",
          "emotion": "Zeitdruck, Unentschlossenheit",
          "richtung": "ort_loest_emotion_aus"
        },
        "route": null
      }
    },
    {
      "type": "Feature",
      "geometry": {
        "type": "Point",
        "coordinates": [
          2.32975,
          48.87085
        ]
      },
      "properties": {
        "id": 54,
        "zeile": 3,
        "tags": [
          "george_duroy",
          "mood",
          "time",
          "social"
        ],
        "perspektive": "figur",
        "text": "Er kannte sich zu genau: sobald das Glas Bier vor ihm stünde, würde er es mit einem Zug hinunterschl",
        "notiz": "Duroy reflektiert seine eigene Impulsivität und sein begrenztes Budget — soziale Selbstverortung als Mann ohne Mittel.",
        "ort": "Strasse in Paris, Nähe Place de l'Opéra",
        "valenz": -1,
        "intensitaet": 2,
        "gewichtete_valenz": -2,
        "f_wert": "koerper_als_sensor",
        "f_emotion": "Selbstkontrolle, innere Not",
        "raum_emotion": {
          "ort": "Strasse",
          "emotion": "Selbstkontrolle, innere Not",
          "richtung": "koerper_als_sensor"
        },
        "route": null
      }
    },
    {
      "type": "Feature",
      "geometry": {
        "type": "Point",
        "coordinates": [
          2.324,
          48.87
        ]
      },
      "properties": {
        "id": 55,
        "zeile": 4,
        "tags": [
          "george_duroy",
          "move",
          "location"
        ],
        "perspektive": "figur",
        "text": "Er überlegte: »Ich gehe noch bis zur Madeleine und kehre dann langsam zurück.«",
        "notiz": "Duroy plant seine Route zur Madeleine — eine ziellose Bewegung zur Überbrückung der Zeit.",
        "ort": "La Madeleine, Paris",
        "valenz": null,
        "intensitaet": null,
        "gewichtete_valenz": null,
        "f_wert": "ort_loest_emotion_aus",
        "f_emotion": "Langeweile, Zeitvertreib",
        "raum_emotion": {
          "ort": "Madeleine",
          "emotion": "Langeweile, Zeitvertreib",
          "richtung": "ort_loest_emotion_aus"
        },
        "route": [
          [
            2.323914,
            48.8701676
          ],
          [
            2.3235978,
            48.8697965
          ],
          [
            2.3236798,
            48.8696434
          ],
          [
            2.3239377,
            48.8694605
          ],
          [
            2.3240246,
            48.8694329
          ],
          [
            2.3244843,
            48.8693987
          ],
          [
            2.3244477,
            48.8693451
          ],
          [
            2.3247914,
            48.869408
          ],
          [
            2.3250804,
            48.8695843
          ],
          [
            2.3252082,
            48.8696266
          ],
          [
            2.3252664,
            48.8696113
          ],
          [
            2.3254917,
            48.8696471
          ],
          [
            2.3257621,
            48.8696901
          ],
          [
            2.3257979,
            48.8697068
          ],
          [
            2.3259553,
            48.86973
          ],
          [
            2.3264287,
            48.8698045
          ],
          [
            2.3265877,
            48.8698447
          ],
          [
            2.3266131,
            48.8699063
          ],
          [
            2.3275036,
            48.8700559
          ],
          [
            2.3276082,
            48.8700065
          ],
          [
            2.3276377,
            48.8700123
          ],
          [
            2.3278463,
            48.8700515
          ],
          [
            2.3279435,
            48.8700758
          ],
          [
            2.3280917,
            48.8700934
          ],
          [
            2.3281923,
            48.8700626
          ],
          [
            2.3290827,
            48.8702262
          ],
          [
            2.3297441,
            48.8703418
          ],
          [
            2.3297669,
            48.8703468
          ],
          [
            2.3301597,
            48.8704192
          ],
          [
            2.3305997,
            48.8715247
          ],
          [
            2.3307416,
            48.8715908
          ],
          [
            2.3309047,
            48.8717062
          ],
          [
            2.3308552,
            48.8717914
          ],
          [
            2.3308284,
            48.8718608
          ]
        ]
      }
    },
    {
      "type": "Feature",
      "geometry": {
        "type": "Point",
        "coordinates": [
          2.3316,
          48.872
        ]
      },
      "properties": {
        "id": 56,
        "zeile": 5,
        "tags": [
          "george_duroy",
          "move",
          "location"
        ],
        "perspektive": "figur",
        "text": "Als er an die Ecke des Place de l'Opera kam, begegnete er einem dicken jungen Manne, dessen Gesicht ",
        "notiz": "Duroy erreicht den Place de l'Opéra und nimmt eine ihm bekannte Gestalt wahr — erster sensorischer Impuls der Wiedererkennung.",
        "ort": "Place de l'Opéra, Paris",
        "valenz": null,
        "intensitaet": null,
        "gewichtete_valenz": null,
        "f_wert": null,
        "f_emotion": null,
        "raum_emotion": null,
        "route": [
          [
            2.3308284,
            48.8718608
          ]
        ]
      }
    },
    {
      "type": "Feature",
      "geometry": {
        "type": "Point",
        "coordinates": [
          2.3316,
          48.872
        ]
      },
      "properties": {
        "id": 57,
        "zeile": 6,
        "tags": [
          "george_duroy",
          "move",
          "mood"
        ],
        "perspektive": "figur",
        "text": "Er folgte ihm und suchte sich zu erinnern, während er halblaut vor sich hinsprach: »Zum Teufel, wo k",
        "notiz": "Duroy folgt dem Unbekannten und versucht aktiv, die Erinnerung abzurufen — innerer Suchprozess während der Bewegung.",
        "ort": "Place de l'Opéra, Paris",
        "valenz": null,
        "intensitaet": null,
        "gewichtete_valenz": null,
        "f_wert": null,
        "f_emotion": null,
        "raum_emotion": null,
        "route": [
          [
            2.3308284,
            48.8718608
          ]
        ]
      }
    },
    {
      "type": "Feature",
      "geometry": {
        "type": "Point",
        "coordinates": [
          2.3316,
          48.872
        ]
      },
      "properties": {
        "id": 58,
        "zeile": 7,
        "tags": [
          "george_duroy",
          "move",
          "mood",
          "location_erinnerung"
        ],
        "perspektive": "figur",
        "text": "Er ging und grübelte, ohne daß es ihm einfiel; dann plötzlich erschien ihm derselbe Mensch durch ein",
        "notiz": "Duroy erlebt einen unwillkürlichen Erinnerungsvorgang — die Figur aus der Vergangenheit taucht bildhaft auf, verknüpft mit militärischer Erinnerung.",
        "ort": "Place de l'Opéra, Paris",
        "valenz": null,
        "intensitaet": null,
        "gewichtete_valenz": null,
        "f_wert": "ort_loest_emotion_aus",
        "f_emotion": "Wiedererkennung, Überraschung",
        "raum_emotion": {
          "ort": "Place de l'Opéra",
          "emotion": "Wiedererkennung, Überraschung",
          "richtung": "ort_loest_emotion_aus"
        },
        "route": [
          [
            2.3308284,
            48.8718608
          ]
        ]
      }
    },
    {
      "type": "Feature",
      "geometry": {
        "type": "Point",
        "coordinates": [
          2.3316,
          48.872
        ]
      },
      "properties": {
        "id": 59,
        "zeile": 8,
        "tags": [
          "george_duroy",
          "move",
          "koerper_als_akteur"
        ],
        "perspektive": "figur",
        "text": "»Halt, Forestier!« rief er laut, beschleunigte seine Schritte und klopfte dem vor ihm Gehenden auf d",
        "notiz": "Duroy handelt körperlich und impulsiv — er beschleunigt und berührt die andere Person, Ausdruck spontaner Wiedererkennung.",
        "ort": "Place de l'Opéra, Paris",
        "valenz": null,
        "intensitaet": null,
        "gewichtete_valenz": null,
        "f_wert": null,
        "f_emotion": null,
        "raum_emotion": null,
        "route": [
          [
            2.3308284,
            48.8718608
          ],
          [
            2.3308552,
            48.8717914
          ],
          [
            2.3309047,
            48.8717062
          ],
          [
            2.3317134,
            48.8712517
          ],
          [
            2.3318314,
            48.8712357
          ],
          [
            2.3321279,
            48.8710417
          ],
          [
            2.3322319,
            48.8710607
          ],
          [
            2.3323199,
            48.8708527
          ],
          [
            2.3325847,
            48.8709012
          ],
          [
            2.3327325,
            48.8708461
          ],
          [
            2.3339537,
            48.8710513
          ],
          [
            2.3340134,
            48.8710614
          ],
          [
            2.3341992,
            48.8710926
          ],
          [
            2.334707,
            48.871178
          ],
          [
            2.3348238,
            48.8711976
          ],
          [
            2.3349102,
            48.8712119
          ],
          [
            2.3358936,
            48.8713952
          ],
          [
            2.3360054,
            48.8714028
          ],
          [
            2.3366593,
            48.8715153
          ],
          [
            2.3366971,
            48.871521
          ],
          [
            2.3368586,
            48.8715632
          ],
          [
            2.3371068,
            48.8716006
          ],
          [
            2.3372463,
            48.8716216
          ],
          [
            2.3372731,
            48.8716255
          ],
          [
            2.3375075,
            48.8716804
          ],
          [
            2.3379862,
            48.8717641
          ],
          [
            2.3380261,
            48.871771
          ],
          [
            2.338203,
            48.871802
          ],
          [
            2.3383603,
            48.8718295
          ],
          [
            2.3386941,
            48.8718878
          ],
          [
            2.3389729,
            48.8719336
          ],
          [
            2.3389732,
            48.871984
          ],
          [
            2.339264,
            48.8719829
          ],
          [
            2.3394569,
            48.8719822
          ],
          [
            2.3394788,
            48.8720522
          ],
          [
            2.339515,
            48.8721683
          ],
          [
            2.3399177,
            48.872104
          ],
          [
            2.3399294,
            48.8721349
          ],
          [
            2.3400073,
            48.8721295
          ],
          [
            2.3401728,
            48.8721058
          ],
          [
            2.3402555,
            48.8720522
          ],
          [
            2.3419053,
            48.8717956
          ],
          [
            2.342664,
            48.871685
          ],
          [
            2.3429308,
            48.8716429
          ],
          [
            2.3429897,
            48.8716375
          ],
          [
            2.3431939,
            48.8716002
          ],
          [
            2.3432636,
            48.8715758
          ],
          [
            2.3437009,
            48.871508
          ],
          [
            2.3454775,
            48.8712213
          ],
          [
            2.3456624,
            48.8711873
          ],
          [
            2.3460082,
            48.8722114
          ],
          [
            2.3461691,
            48.8721982
          ],
          [
            2.3462147,
            48.8722127
          ],
          [
            2.3462094,
            48.8722789
          ],
          [
            2.3466305,
            48.8722361
          ]
        ]
      }
    },
    {
      "type": "Feature",
      "geometry": {
        "type": "Point",
        "coordinates": [
          2.3316,
          48.872
        ]
      },
      "properties": {
        "id": 60,
        "zeile": 9,
        "tags": [
          "george_duroy",
          "mood"
        ],
        "perspektive": "figur",
        "text": "Duroy lachte: »Erkennst du mich nicht?«",
        "notiz": "Duroys Lachen zeigt seine freudige Aufregung bei der Begegnung — positiver emotionaler Impuls.",
        "ort": "Place de l'Opéra, Paris",
        "valenz": 1,
        "intensitaet": 1,
        "gewichtete_valenz": 1,
        "f_wert": null,
        "f_emotion": null,
        "raum_emotion": null,
        "route": null
      }
    },
    {
      "type": "Feature",
      "geometry": {
        "type": "Point",
        "coordinates": [
          2.3467,
          48.8722
        ]
      },
      "properties": {
        "id": 61,
        "zeile": 1,
        "tags": [
          "george_duroy",
          "mood"
        ],
        "perspektive": "figur",
        "text": "Duroy war überrascht und sah ihn erstaunt an.",
        "notiz": "Duroy reagiert mit innerer Überraschung auf Forestiers Veränderung.",
        "ort": "Boulevard Poissonière (Näherung, Kontext)",
        "valenz": -1,
        "intensitaet": 1,
        "gewichtete_valenz": -1,
        "f_wert": null,
        "f_emotion": null,
        "raum_emotion": null,
        "route": null
      }
    },
    {
      "type": "Feature",
      "geometry": {
        "type": "Point",
        "coordinates": [
          2.3467,
          48.8722
        ]
      },
      "properties": {
        "id": 62,
        "zeile": 2,
        "tags": [
          "social"
        ],
        "perspektive": "erzaehler",
        "text": "Forestier hatte sich sehr verändert, er war reifer geworden. Sein Gebaren, seine Haltung zeigten den",
        "notiz": "Maupassant beschreibt Forestiers sozialen Aufstieg von aussen durch äussere Merkmale.",
        "ort": "Boulevard Poissonière (Näherung, Kontext)",
        "valenz": null,
        "intensitaet": 2,
        "gewichtete_valenz": null,
        "f_wert": null,
        "f_emotion": null,
        "raum_emotion": null,
        "route": null
      }
    },
    {
      "type": "Feature",
      "geometry": {
        "type": "Point",
        "coordinates": [
          2.3467,
          48.8722
        ]
      },
      "properties": {
        "id": 63,
        "zeile": 3,
        "tags": [
          "social",
          "time"
        ],
        "perspektive": "erzaehler",
        "text": "Früher war er mager, klein und schlank, ein ausgelassener Lebemann und streitsüchtiger Radaumacher, ",
        "notiz": "Erzähler schildert Forestiers Wandel durch die Zeit in Paris als neutrale Beobachtung.",
        "ort": "Paris (allgemein)",
        "valenz": null,
        "intensitaet": 2,
        "gewichtete_valenz": null,
        "f_wert": null,
        "f_emotion": null,
        "raum_emotion": null,
        "route": null
      }
    },
    {
      "type": "Feature",
      "geometry": {
        "type": "Point",
        "coordinates": [
          2.3467,
          48.8722
        ]
      },
      "properties": {
        "id": 64,
        "zeile": 4,
        "tags": [
          "move",
          "george_duroy"
        ],
        "perspektive": "figur",
        "text": "»Nirgends. Ich mache einen Spaziergang, bevor ich nach Hause gehe.«",
        "notiz": "Duroy beschreibt seine ziellosse Bewegung durch die Stadt.",
        "ort": "Boulevard Poissonière (Näherung, Kontext)",
        "valenz": null,
        "intensitaet": null,
        "gewichtete_valenz": null,
        "f_wert": null,
        "f_emotion": null,
        "raum_emotion": null,
        "route": [
          [
            2.3466305,
            48.8722361
          ]
        ]
      }
    },
    {
      "type": "Feature",
      "geometry": {
        "type": "Point",
        "coordinates": [
          2.3467,
          48.8722
        ]
      },
      "properties": {
        "id": 65,
        "zeile": 5,
        "tags": [
          "move",
          "social"
        ],
        "perspektive": "erzaehler",
        "text": "Und Arm in Arm gingen sie weiter mit der leichten Vertraulichkeit, die zwischen Schulkameraden und W",
        "notiz": "Erzähler beschreibt die gemeinsame Bewegung und soziale Vertrautheit der beiden Männer von aussen.",
        "ort": "Boulevard Poissonière (Näherung, Kontext)",
        "valenz": null,
        "intensitaet": 1,
        "gewichtete_valenz": null,
        "f_wert": null,
        "f_emotion": null,
        "raum_emotion": null,
        "route": [
          [
            2.3466305,
            48.8722361
          ]
        ]
      }
    },
    {
      "type": "Feature",
      "geometry": {
        "type": "Point",
        "coordinates": [
          2.3467,
          48.8722
        ]
      },
      "properties": {
        "id": 66,
        "zeile": 6,
        "tags": [
          "george_duroy",
          "social",
          "mood"
        ],
        "perspektive": "figur",
        "text": "»Kurz gesagt, ich krepiere vor Hunger. Als meine Dienstzeit vorbei war, wollte ich hierher kommen, u",
        "notiz": "Duroy schildert seine prekäre soziale Lage und sein ursprüngliches Ziel, in Paris Fuss zu fassen.",
        "ort": "Boulevard Poissonière (Näherung, Kontext)",
        "valenz": -1,
        "intensitaet": 3,
        "gewichtete_valenz": -3,
        "f_wert": "ort_loest_emotion_aus",
        "f_emotion": "Bitterkeit, Enttäuschung über die eigene soziale Lage",
        "raum_emotion": {
          "ort": "Paris",
          "emotion": "Bitterkeit, Enttäuschung über die eigene soziale Lage",
          "richtung": "ort_loest_emotion_aus"
        },
        "route": null
      }
    },
    {
      "type": "Feature",
      "geometry": {
        "type": "Point",
        "coordinates": [
          2.3467,
          48.8722
        ]
      },
      "properties": {
        "id": 67,
        "zeile": 7,
        "tags": [
          "george_duroy",
          "social",
          "mood"
        ],
        "perspektive": "figur",
        "text": "»Das glaube ich. Aber was soll ich sonst anfangen? Ich bin allein, ich kenne niemanden und habe kein",
        "notiz": "Duroy drückt seine soziale Isolation und Hilflosigkeit in Paris aus.",
        "ort": "Boulevard Poissonière (Näherung, Kontext)",
        "valenz": -1,
        "intensitaet": 2,
        "gewichtete_valenz": -2,
        "f_wert": "ort_loest_emotion_aus",
        "f_emotion": "Einsamkeit und soziale Ohnmacht",
        "raum_emotion": {
          "ort": "Paris",
          "emotion": "Einsamkeit und soziale Ohnmacht",
          "richtung": "ort_loest_emotion_aus"
        },
        "route": null
      }
    },
    {
      "type": "Feature",
      "geometry": {
        "type": "Point",
        "coordinates": [
          2.34945,
          48.8644
        ]
      },
      "properties": {
        "id": 68,
        "zeile": 1,
        "tags": [
          "social",
          "atmosphere"
        ],
        "perspektive": "erzaehler",
        "text": "Sein Freund betrachtete ihn vom Kopf bis zu den Füßen, wie ein praktischer Mensch, der einen Gegenst",
        "notiz": "Forestier mustert Duroy von aussen wie ein Objekt — soziale Einschätzung durch den Erzähler beschrieben.",
        "ort": "unbekannt, Gesprächssituation",
        "valenz": null,
        "intensitaet": 2,
        "gewichtete_valenz": null,
        "f_wert": null,
        "f_emotion": null,
        "raum_emotion": null,
        "route": null
      }
    },
    {
      "type": "Feature",
      "geometry": {
        "type": "Point",
        "coordinates": [
          2.34945,
          48.8644
        ]
      },
      "properties": {
        "id": 69,
        "zeile": 3,
        "tags": [
          "george_duroy",
          "social",
          "mood"
        ],
        "perspektive": "figur",
        "text": "Ich habe überall gesucht und nichts gefunden. Augenblicklich habe ich zwar etwas in Aussicht, man bi",
        "notiz": "Duroy schildert seine prekäre wirtschaftliche Lage — inneres Erleben seiner sozialen Stellung und Perspektivlosigkeit.",
        "ort": "unbekannt, Gesprächssituation Paris",
        "valenz": -1,
        "intensitaet": 2,
        "gewichtete_valenz": -2,
        "f_wert": "ort_loest_emotion_aus",
        "f_emotion": "Resignation, Hoffnungslosigkeit",
        "raum_emotion": {
          "ort": "unbekannt",
          "emotion": "Resignation, Hoffnungslosigkeit",
          "richtung": "ort_loest_emotion_aus"
        },
        "route": null
      }
    },
    {
      "type": "Feature",
      "geometry": {
        "type": "Point",
        "coordinates": [
          2.34945,
          48.8644
        ]
      },
      "properties": {
        "id": 70,
        "zeile": 5,
        "tags": [
          "move"
        ],
        "perspektive": "erzaehler",
        "text": "Forestier blieb plötzlich stehen",
        "notiz": "Erzähler beschreibt Forestiers abrupten Bewegungsstopp als äussere Handlung ohne Duroys Perspektive.",
        "ort": "unbekannt, Strasse Paris",
        "valenz": null,
        "intensitaet": null,
        "gewichtete_valenz": null,
        "f_wert": null,
        "f_emotion": null,
        "raum_emotion": null,
        "route": null
      }
    },
    {
      "type": "Feature",
      "geometry": {
        "type": "Point",
        "coordinates": [
          2.3522,
          48.8566
        ]
      },
      "properties": {
        "id": 71,
        "zeile": 6,
        "tags": [
          "location",
          "social"
        ],
        "perspektive": "erzaehler",
        "text": "wo ganz Paris verkehrt",
        "notiz": "Verweis auf Paris als sozialen Raum, in dem gesellschaftliche Zugehörigkeit verhandelt wird — Erzählerperspektive.",
        "ort": "Paris (allgemein)",
        "valenz": null,
        "intensitaet": 1,
        "gewichtete_valenz": null,
        "f_wert": null,
        "f_emotion": null,
        "raum_emotion": null,
        "route": null
      }
    },
    {
      "type": "Feature",
      "geometry": {
        "type": "Point",
        "coordinates": [
          2.34945,
          48.8644
        ]
      },
      "properties": {
        "id": 72,
        "zeile": 7,
        "tags": [
          "time"
        ],
        "perspektive": "erzaehler",
        "text": "Er schwieg, dachte einige Sekunden nach und fragte",
        "notiz": "Neutrale Erzählerangabe einer kurzen Pause — Zeit ohne emotionalen Bezug zu Duroy.",
        "ort": "unbekannt, Gesprächssituation",
        "valenz": null,
        "intensitaet": 1,
        "gewichtete_valenz": null,
        "f_wert": null,
        "f_emotion": null,
        "raum_emotion": null,
        "route": null
      }
    },
    {
      "type": "Feature",
      "geometry": {
        "type": "Point",
        "coordinates": [
          2.34945,
          48.8644
        ]
      },
      "properties": {
        "id": 73,
        "zeile": 8,
        "tags": [
          "george_duroy",
          "social",
          "mood"
        ],
        "perspektive": "figur",
        "text": "Nein, ich bin zweimal durchgefallen.",
        "notiz": "Duroy gesteht sein Scheitern beim Abitur — Ausdruck seines Bewusstseins über seine soziale und bildungsmässige Unterlegenheit.",
        "ort": "unbekannt, Gesprächssituation",
        "valenz": -1,
        "intensitaet": 2,
        "gewichtete_valenz": -2,
        "f_wert": null,
        "f_emotion": null,
        "raum_emotion": null,
        "route": null
      }
    },
    {
      "type": "Feature",
      "geometry": {
        "type": "Point",
        "coordinates": [
          2.34945,
          48.8644
        ]
      },
      "properties": {
        "id": 74,
        "zeile": 9,
        "tags": [
          "historical",
          "social"
        ],
        "perspektive": "erzaehler",
        "text": "Wenn von Cicero oder Tiberius die Rede ist, dann weißt du ungefähr, wer das ist?",
        "notiz": "Verweis auf historische Persönlichkeiten (Cicero, Tiberius) als Bildungsmassstab — Erzählerkontext ohne Duroys inneres Erleben.",
        "ort": "unbekannt",
        "valenz": null,
        "intensitaet": 1,
        "gewichtete_valenz": null,
        "f_wert": null,
        "f_emotion": null,
        "raum_emotion": null,
        "route": null
      }
    },
    {
      "type": "Feature",
      "geometry": {
        "type": "Point",
        "coordinates": [
          2.3467,
          48.8722
        ]
      },
      "properties": {
        "id": 75,
        "zeile": 1,
        "tags": [
          "atmosphere",
          "social"
        ],
        "perspektive": "erzaehler",
        "text": "Er sprach in ruhig spöttischem Tone, wie einer, der die Welt kennt und blickte dabei lächelnd auf di",
        "notiz": "Maupassant beschreibt Forestiers Haltung und Ton von aussen — soziale Selbstinszenierung als Weltkenner.",
        "ort": "Boulevard Poissonière, Paris",
        "valenz": null,
        "intensitaet": 2,
        "gewichtete_valenz": null,
        "f_wert": null,
        "f_emotion": null,
        "raum_emotion": null,
        "route": null
      }
    },
    {
      "type": "Feature",
      "geometry": {
        "type": "Point",
        "coordinates": [
          2.3467,
          48.8722
        ]
      },
      "properties": {
        "id": 76,
        "zeile": 4,
        "tags": [
          "location",
          "move"
        ],
        "perspektive": "erzaehler",
        "text": "Sie waren jetzt am Boulevard Poissonière und standen vor einer großen Glastür, die von innen mit ein",
        "notiz": "Neutrale Ortsangabe des Erzählers: Ankunft am Boulevard Poissonière vor der Redaktion.",
        "ort": "Boulevard Poissonière, Paris",
        "valenz": null,
        "intensitaet": 1,
        "gewichtete_valenz": null,
        "f_wert": null,
        "f_emotion": null,
        "raum_emotion": null,
        "route": [
          [
            2.3466305,
            48.8722361
          ]
        ]
      }
    },
    {
      "type": "Feature",
      "geometry": {
        "type": "Point",
        "coordinates": [
          2.3467,
          48.8722
        ]
      },
      "properties": {
        "id": 77,
        "zeile": 5,
        "tags": [
          "location",
          "material",
          "social"
        ],
        "perspektive": "erzaehler",
        "text": "Über dem Tor stand in großen Buchstaben aus Gasflammen der Name der Zeitung: »La Vie Française« gesc",
        "notiz": "Der Erzähler beschreibt das leuchtende Zeitungsschild als materiales und soziales Zeichen im städtischen Raum.",
        "ort": "Redaktion La Vie Française, Boulevard Poissonière, Paris",
        "valenz": null,
        "intensitaet": 2,
        "gewichtete_valenz": null,
        "f_wert": null,
        "f_emotion": null,
        "raum_emotion": null,
        "route": null
      }
    },
    {
      "type": "Feature",
      "geometry": {
        "type": "Point",
        "coordinates": [
          2.3467,
          48.8722
        ]
      },
      "properties": {
        "id": 78,
        "zeile": 6,
        "tags": [
          "atmosphere",
          "space",
          "sound"
        ],
        "perspektive": "erzaehler",
        "text": "Und die Passanten, die plötzlich in das grelle Licht dieser drei Worte traten, wurden nun auf einmal",
        "notiz": "Maupassant beschreibt atmosphärisch das Wechselspiel von Licht und Dunkel im städtischen Nachtleben von aussen.",
        "ort": "Boulevard Poissonière vor der Redaktion, Paris",
        "valenz": 1,
        "intensitaet": 2,
        "gewichtete_valenz": 2,
        "f_wert": "ort_loest_emotion_aus",
        "f_emotion": "Kontrast zwischen grellem Licht und Dunkel erzeugt urbane Atmosphäre",
        "raum_emotion": {
          "ort": "Boulevard Poissonière",
          "emotion": "Kontrast zwischen grellem Licht und Dunkel erzeugt urbane Atmosphäre",
          "richtung": "ort_loest_emotion_aus"
        },
        "route": null
      }
    },
    {
      "type": "Feature",
      "geometry": {
        "type": "Point",
        "coordinates": [
          2.3467,
          48.8722
        ]
      },
      "properties": {
        "id": 79,
        "zeile": 7,
        "tags": [
          "george_duroy",
          "move",
          "location"
        ],
        "perspektive": "figur",
        "text": "Duroy ging hinein, stieg eine pomphafte, schmutzige Treppe hinauf, die man von der Straße aus ganz ü",
        "notiz": "Duroy bewegt sich aktiv durch die Räume der Redaktion — Ortsveränderung aus seiner Perspektive.",
        "ort": "Redaktion La Vie Française, Boulevard Poissonière, Paris",
        "valenz": null,
        "intensitaet": null,
        "gewichtete_valenz": null,
        "f_wert": null,
        "f_emotion": null,
        "raum_emotion": null,
        "route": [
          [
            2.3466305,
            48.8722361
          ],
          [
            2.3462094,
            48.8722789
          ],
          [
            2.3462147,
            48.8722127
          ],
          [
            2.3461691,
            48.8721982
          ],
          [
            2.3460082,
            48.8722114
          ],
          [
            2.3456624,
            48.8711873
          ],
          [
            2.3454775,
            48.8712213
          ],
          [
            2.3437009,
            48.871508
          ],
          [
            2.3432636,
            48.8715758
          ],
          [
            2.3431939,
            48.8716002
          ],
          [
            2.3429897,
            48.8716375
          ],
          [
            2.3429308,
            48.8716429
          ],
          [
            2.342664,
            48.871685
          ],
          [
            2.3419053,
            48.8717956
          ],
          [
            2.3402555,
            48.8720522
          ],
          [
            2.3401728,
            48.8721058
          ],
          [
            2.3400073,
            48.8721295
          ],
          [
            2.3399294,
            48.8721349
          ],
          [
            2.3399177,
            48.872104
          ],
          [
            2.339515,
            48.8721683
          ],
          [
            2.3394788,
            48.8720522
          ],
          [
            2.3394569,
            48.8719822
          ],
          [
            2.339264,
            48.8719829
          ],
          [
            2.3389732,
            48.871984
          ],
          [
            2.3389729,
            48.8719336
          ],
          [
            2.3386941,
            48.8718878
          ],
          [
            2.3383603,
            48.8718295
          ],
          [
            2.338203,
            48.871802
          ],
          [
            2.3380261,
            48.871771
          ],
          [
            2.3379862,
            48.8717641
          ],
          [
            2.3375075,
            48.8716804
          ],
          [
            2.3372731,
            48.8716255
          ],
          [
            2.3372463,
            48.8716216
          ],
          [
            2.3371068,
            48.8716006
          ],
          [
            2.3368586,
            48.8715632
          ],
          [
            2.3366971,
            48.871521
          ],
          [
            2.3366593,
            48.8715153
          ],
          [
            2.3360054,
            48.8714028
          ],
          [
            2.3358936,
            48.8713952
          ],
          [
            2.3349102,
            48.8712119
          ],
          [
            2.3348238,
            48.8711976
          ],
          [
            2.334707,
            48.871178
          ],
          [
            2.3341992,
            48.8710926
          ],
          [
            2.3340134,
            48.8710614
          ],
          [
            2.3339537,
            48.8710513
          ],
          [
            2.3327325,
            48.8708461
          ],
          [
            2.3325847,
            48.8709012
          ],
          [
            2.3323199,
            48.8708527
          ],
          [
            2.3322366,
            48.8708148
          ],
          [
            2.3321494,
            48.8707754
          ],
          [
            2.3318858,
            48.870725
          ],
          [
            2.3317958,
            48.8706816
          ],
          [
            2.3302507,
            48.8704198
          ],
          [
            2.3301597,
            48.8704192
          ],
          [
            2.3297669,
            48.8703468
          ],
          [
            2.3297441,
            48.8703418
          ],
          [
            2.3290827,
            48.8702262
          ],
          [
            2.3281923,
            48.8700626
          ],
          [
            2.3280917,
            48.8700934
          ],
          [
            2.3279435,
            48.8700758
          ],
          [
            2.3278463,
            48.8700515
          ],
          [
            2.3276377,
            48.8700123
          ],
          [
            2.3276082,
            48.8700065
          ],
          [
            2.3275036,
            48.8700559
          ],
          [
            2.3266131,
            48.8699063
          ],
          [
            2.3265877,
            48.8698447
          ],
          [
            2.3264287,
            48.8698045
          ],
          [
            2.3259553,
            48.86973
          ],
          [
            2.3257979,
            48.8697068
          ],
          [
            2.3257621,
            48.8696901
          ],
          [
            2.3254917,
            48.8696471
          ],
          [
            2.3252664,
            48.8696113
          ],
          [
            2.3252082,
            48.8696266
          ],
          [
            2.3250804,
            48.8695843
          ],
          [
            2.3250866,
            48.8697919
          ]
        ]
      }
    },
    {
      "type": "Feature",
      "geometry": {
        "type": "Point",
        "coordinates": [
          2.3467,
          48.8722
        ]
      },
      "properties": {
        "id": 80,
        "zeile": 8,
        "tags": [
          "space",
          "material",
          "social"
        ],
        "perspektive": "erzaehler",
        "text": "Die Räume waren verstaubt und abgenutzt, mit Tapeten aus schmutzigem, unechtem, grünem Samt, die vol",
        "notiz": "Maupassant beschreibt den Verfall und die Ärmlichkeit der Redaktionsräume von aussen als sozialen Marker.",
        "ort": "Warteraum der Redaktion La Vie Française, Boulevard Poissonière, Paris",
        "valenz": -1,
        "intensitaet": 2,
        "gewichtete_valenz": -2,
        "f_wert": "ort_loest_emotion_aus",
        "f_emotion": "Verfall und Verwahrlosung als sozialer Kontrast zur pompösen Aussenwirkung",
        "raum_emotion": {
          "ort": "Warteraum der Redaktion",
          "emotion": "Verfall und Verwahrlosung als sozialer Kontrast zur pompösen Aussenwirkung",
          "richtung": "ort_loest_emotion_aus"
        },
        "route": null
      }
    },
    {
      "type": "Feature",
      "geometry": {
        "type": "Point",
        "coordinates": [
          2.3467,
          48.8722
        ]
      },
      "properties": {
        "id": 81,
        "zeile": 9,
        "tags": [
          "george_duroy",
          "smell",
          "mood",
          "space"
        ],
        "perspektive": "figur",
        "text": "Der seltsame, eigentümliche, unbeschreibliche Geruch eines Redaktionsbureaus erfüllte den Raum. Duro",
        "notiz": "Duroy nimmt den fremden Geruch des Redaktionsbüros wahr und erlebt Einschüchterung — sensorisch-emotionale Raumwahrnehmung.",
        "ort": "Warteraum der Redaktion La Vie Française, Boulevard Poissonière, Paris",
        "valenz": -1,
        "intensitaet": 2,
        "gewichtete_valenz": -2,
        "f_wert": "ort_loest_emotion_aus",
        "f_emotion": "Einschüchterung und Überraschung durch fremden Geruch und unbekannte Umgebung",
        "raum_emotion": {
          "ort": "Warteraum der Redaktion",
          "emotion": "Einschüchterung und Überraschung durch fremden Geruch und unbekannte Umgebung",
          "richtung": "ort_loest_emotion_aus"
        },
        "route": null
      }
    },
    {
      "type": "Feature",
      "geometry": {
        "type": "Point",
        "coordinates": [
          2.3411,
          48.87195
        ]
      },
      "properties": {
        "id": 82,
        "zeile": 1,
        "tags": [
          "space",
          "atmosphere"
        ],
        "perspektive": "erzaehler",
        "text": "Von Zeit zu Zeit liefen Leute an ihm vorbei; sie kamen aus einer Tür und verschwanden durch die ande",
        "notiz": "Maupassant beschreibt das geschäftige Treiben in der Redaktion aus der Aussenperspektive.",
        "ort": "Redaktion La Vie Française (Paris, unbekannte Adresse)",
        "valenz": 0,
        "intensitaet": 1,
        "gewichtete_valenz": 0,
        "f_wert": null,
        "f_emotion": null,
        "raum_emotion": null,
        "route": null
      }
    },
    {
      "type": "Feature",
      "geometry": {
        "type": "Point",
        "coordinates": [
          2.3411,
          48.87195
        ]
      },
      "properties": {
        "id": 83,
        "zeile": 2,
        "tags": [
          "social",
          "atmosphere"
        ],
        "perspektive": "erzaehler",
        "text": "Bald waren es junge, sehr junge Leute mit geschäftigem Gesichtsausdruck, die in der Hand ein Blatt P",
        "notiz": "Erzähler beschreibt das Personal der Redaktion als soziales Tableau von aussen.",
        "ort": "Redaktion La Vie Française (Paris, unbekannte Adresse)",
        "valenz": null,
        "intensitaet": 1,
        "gewichtete_valenz": null,
        "f_wert": null,
        "f_emotion": null,
        "raum_emotion": null,
        "route": null
      }
    },
    {
      "type": "Feature",
      "geometry": {
        "type": "Point",
        "coordinates": [
          2.3411,
          48.87195
        ]
      },
      "properties": {
        "id": 84,
        "zeile": 3,
        "tags": [
          "social",
          "material"
        ],
        "perspektive": "erzaehler",
        "text": "Manchmal waren es auch Setzer, unter deren von Tinte beschmutzten Leinenkitteln man reinweiße Hemdkr",
        "notiz": "Maupassant beschreibt die Setzer durch ihre Kleidung als soziale Schicht — Kontrast zwischen Berufskleidung und gepflegter Garderobe darunter.",
        "ort": "Redaktion La Vie Française (Paris, unbekannte Adresse)",
        "valenz": null,
        "intensitaet": 2,
        "gewichtete_valenz": null,
        "f_wert": null,
        "f_emotion": null,
        "raum_emotion": null,
        "route": null
      }
    },
    {
      "type": "Feature",
      "geometry": {
        "type": "Point",
        "coordinates": [
          2.3411,
          48.87195
        ]
      },
      "properties": {
        "id": 85,
        "zeile": 4,
        "tags": [
          "material"
        ],
        "perspektive": "erzaehler",
        "text": "Vorsichtig trugen sie bedruckte Papierstreifen, frische, noch feuchte Korrekturfahnen.",
        "notiz": "Erzähler beschreibt die physische Qualität der Druckfahnen — frisch, feucht, noch nicht trocken.",
        "ort": "Redaktion La Vie Française (Paris, unbekannte Adresse)",
        "valenz": null,
        "intensitaet": 1,
        "gewichtete_valenz": null,
        "f_wert": null,
        "f_emotion": null,
        "raum_emotion": null,
        "route": null
      }
    },
    {
      "type": "Feature",
      "geometry": {
        "type": "Point",
        "coordinates": [
          2.3411,
          48.87195
        ]
      },
      "properties": {
        "id": 86,
        "zeile": 5,
        "tags": [
          "social",
          "material"
        ],
        "perspektive": "erzaehler",
        "text": "Bisweilen trat ein kleiner Herr mit einer etwas auffallenden Eleganz, mit einer etwas zu engen Taill",
        "notiz": "Maupassant charakterisiert den Gesellschaftsreporter über seine übertriebene Eleganz als soziales Zeichen — von aussen beobachtet.",
        "ort": "Redaktion La Vie Française (Paris, unbekannte Adresse)",
        "valenz": null,
        "intensitaet": 1,
        "gewichtete_valenz": null,
        "f_wert": null,
        "f_emotion": null,
        "raum_emotion": null,
        "route": null
      }
    },
    {
      "type": "Feature",
      "geometry": {
        "type": "Point",
        "coordinates": [
          2.3411,
          48.87195
        ]
      },
      "properties": {
        "id": 87,
        "zeile": 6,
        "tags": [
          "social",
          "material"
        ],
        "perspektive": "erzaehler",
        "text": "Auch andere kamen, ernste, gewichtige Persönlichkeiten. Sie trugen Zylinderhüte mit ganz flachen Rän",
        "notiz": "Der Erzähler beschreibt den Zylinderhut als soziales Distinktionsmerkmal einer gehobenen Klasse.",
        "ort": "Redaktion La Vie Française (Paris, unbekannte Adresse)",
        "valenz": null,
        "intensitaet": 1,
        "gewichtete_valenz": null,
        "f_wert": null,
        "f_emotion": null,
        "raum_emotion": null,
        "route": null
      }
    },
    {
      "type": "Feature",
      "geometry": {
        "type": "Point",
        "coordinates": [
          2.3411,
          48.87195
        ]
      },
      "properties": {
        "id": 88,
        "zeile": 7,
        "tags": [
          "social",
          "material"
        ],
        "perspektive": "erzaehler",
        "text": "Forestier erschien wieder, Arm in Arm mit einem hochgewachsenen, mageren Mann in den dreißiger Jahre",
        "notiz": "Maupassant beschreibt Jacques Rival durch äussere Erscheinung und Kleidung als selbstsichere Persönlichkeit der Pariser Pressewelt.",
        "ort": "Redaktion La Vie Française (Paris, unbekannte Adresse)",
        "valenz": null,
        "intensitaet": 2,
        "gewichtete_valenz": null,
        "f_wert": null,
        "f_emotion": null,
        "raum_emotion": null,
        "route": null
      }
    },
    {
      "type": "Feature",
      "geometry": {
        "type": "Point",
        "coordinates": [
          2.3411,
          48.87195
        ]
      },
      "properties": {
        "id": 89,
        "zeile": 8,
        "tags": [
          "move",
          "atmosphere",
          "sound"
        ],
        "perspektive": "erzaehler",
        "text": "stieg dann, einen Spazierstock unter dem Arm, pfeifend die Treppe hinab.",
        "notiz": "Maupassant beschreibt Rivals lässigen Abgang — Pfeifton und Bewegung als Kulisse.",
        "ort": "Redaktion La Vie Française (Paris, unbekannte Adresse)",
        "valenz": 1,
        "intensitaet": 1,
        "gewichtete_valenz": 1,
        "f_wert": null,
        "f_emotion": null,
        "raum_emotion": null,
        "route": null
      }
    },
    {
      "type": "Feature",
      "geometry": {
        "type": "Point",
        "coordinates": [
          2.3411,
          48.87195
        ]
      },
      "properties": {
        "id": 90,
        "zeile": 9,
        "tags": [
          "george_duroy"
        ],
        "perspektive": "figur",
        "text": "»Wer ist das?« fragte Duroy.",
        "notiz": "Duroy reagiert aktiv auf das Gesehene und stellt eine Frage — innere Neugier treibt ihn an.",
        "ort": "Redaktion La Vie Française (Paris, unbekannte Adresse)",
        "valenz": null,
        "intensitaet": null,
        "gewichtete_valenz": null,
        "f_wert": null,
        "f_emotion": null,
        "raum_emotion": null,
        "route": null
      }
    },
    {
      "type": "Feature",
      "geometry": {
        "type": "Point",
        "coordinates": [
          2.3411,
          48.87195
        ]
      },
      "properties": {
        "id": 91,
        "zeile": 10,
        "tags": [
          "move",
          "social",
          "koerper_als_akteur"
        ],
        "perspektive": "erzaehler",
        "text": "Beim Weitergehen begegneten sie einem kleinen dicken Herrn mit langen Haaren und unsauberem Äußeren,",
        "notiz": "Maupassant beschreibt die Begegnung auf der Treppe von aussen — Körper und Erscheinung des Unbekannten als soziales Signal.",
        "ort": "Redaktion La Vie Française (Paris, unbekannte Adresse)",
        "valenz": null,
        "intensitaet": 1,
        "gewichtete_valenz": null,
        "f_wert": null,
        "f_emotion": null,
        "raum_emotion": null,
        "route": null
      }
    },
    {
      "type": "Feature",
      "geometry": {
        "type": "Point",
        "coordinates": [
          2.3355,
          48.8717
        ]
      },
      "properties": {
        "id": 92,
        "zeile": 1,
        "tags": [
          "george_duroy",
          "material",
          "social"
        ],
        "perspektive": "erzaehler",
        "text": "Kaum hatten sie sich an den Tisch gesetzt, als Forestier rief: »Zwei Bier!« und dann sein Glas mit e",
        "notiz": "Duroy trinkt sein Bier langsam und genussvoll — ein Detail, das seinen Mangel und seine Bedürftigkeit gegenüber Forestier sichtbar macht.",
        "ort": "Café Napolitain, Boulevard des Capucines",
        "valenz": null,
        "intensitaet": 1,
        "gewichtete_valenz": null,
        "f_wert": null,
        "f_emotion": null,
        "raum_emotion": null,
        "route": null
      }
    },
    {
      "type": "Feature",
      "geometry": {
        "type": "Point",
        "coordinates": [
          2.3355,
          48.8717
        ]
      },
      "properties": {
        "id": 93,
        "zeile": 2,
        "tags": [
          "george_duroy",
          "koerper_als_akteur",
          "social",
          "mood"
        ],
        "perspektive": "figur",
        "text": "Duroy das Bier mit langsamen Schlucken trank und sorgsam auskostete, wie eine wundervolle und selten",
        "notiz": "Duroys Genuss des Bieres offenbart seinen Mangel — er erlebt das einfache Getränk als seltenen Luxus, was seine soziale Lage und innere Verfassung sichtbar macht.",
        "ort": "Café Napolitain, Boulevard des Capucines",
        "valenz": 1,
        "intensitaet": 2,
        "gewichtete_valenz": 2,
        "f_wert": "ort_loest_emotion_aus",
        "f_emotion": "genussvolles Erleben einfacher Dinge als Ausdruck von Armut",
        "raum_emotion": {
          "ort": "Café Napolitain",
          "emotion": "genussvolles Erleben einfacher Dinge als Ausdruck von Armut",
          "richtung": "ort_loest_emotion_aus"
        },
        "route": null
      }
    },
    {
      "type": "Feature",
      "geometry": {
        "type": "Point",
        "coordinates": [
          2.3355,
          48.8717
        ]
      },
      "properties": {
        "id": 94,
        "zeile": 3,
        "tags": [
          "social",
          "historical"
        ],
        "perspektive": "erzaehler",
        "text": "Forestier grüßte sehr tief: »Norbert de Varenne,« sagte er, »der Dichter der ,Erloschenen Sonne', au",
        "notiz": "Forestier schildert die Pariser Literaten- und Journalistenwelt als eine Welt der hohen Gehälter — sozialer Kontext der Dritten Republik.",
        "ort": "Café Napolitain, Boulevard des Capucines",
        "valenz": null,
        "intensitaet": 1,
        "gewichtete_valenz": null,
        "f_wert": null,
        "f_emotion": null,
        "raum_emotion": null,
        "route": null
      }
    },
    {
      "type": "Feature",
      "geometry": {
        "type": "Point",
        "coordinates": [
          2.3355,
          48.8717
        ]
      },
      "properties": {
        "id": 95,
        "zeile": 4,
        "tags": [
          "location"
        ],
        "perspektive": "erzaehler",
        "text": "»Komm jetzt ins Café Napolitain, ich sterbe vor Durst!«",
        "notiz": "Konkrete Ortsnennung: Das Café Napolitain am Boulevard des Capucines wird als Ziel benannt.",
        "ort": "Café Napolitain, Boulevard des Capucines",
        "valenz": null,
        "intensitaet": 1,
        "gewichtete_valenz": null,
        "f_wert": null,
        "f_emotion": null,
        "raum_emotion": null,
        "route": null
      }
    },
    {
      "type": "Feature",
      "geometry": {
        "type": "Point",
        "coordinates": [
          2.3355,
          48.8717
        ]
      },
      "properties": {
        "id": 96,
        "zeile": 5,
        "tags": [
          "george_duroy",
          "mood",
          "social"
        ],
        "perspektive": "figur",
        "text": "Duroy zögerte, errötete und wurde verwirrt. Endlich murmelte er: »Es ist nur ... ich habe keinen pas",
        "notiz": "Duroys Scham und Verlegenheit angesichts seiner fehlenden bürgerlichen Kleiderausstattung offenbaren seinen sozialen Aufstiegswunsch und sein Bewusstsein der eigenen Armut.",
        "ort": "Café Napolitain, Boulevard des Capucines",
        "valenz": -1,
        "intensitaet": 2,
        "gewichtete_valenz": -2,
        "f_wert": "ort_loest_emotion_aus",
        "f_emotion": "Scham und Verlegenheit über soziale Unzulänglichkeit",
        "raum_emotion": {
          "ort": "Café Napolitain",
          "emotion": "Scham und Verlegenheit über soziale Unzulänglichkeit",
          "richtung": "ort_loest_emotion_aus"
        },
        "route": null
      }
    },
    {
      "type": "Feature",
      "geometry": {
        "type": "Point",
        "coordinates": [
          2.3355,
          48.8717
        ]
      },
      "properties": {
        "id": 97,
        "zeile": 6,
        "tags": [
          "social",
          "space"
        ],
        "perspektive": "erzaehler",
        "text": "In Paris kann man ein Bett vielleicht entbehren, einen Frack nie.",
        "notiz": "Forestiers Sentenz über Paris als sozialen Raum, in dem äußere Erscheinung über innere Bedürfnisse gestellt wird — Erzählerstimme mit sozialkritischer Valenz.",
        "ort": "Paris (allgemein)",
        "valenz": null,
        "intensitaet": 2,
        "gewichtete_valenz": null,
        "f_wert": null,
        "f_emotion": null,
        "raum_emotion": null,
        "route": null
      }
    },
    {
      "type": "Feature",
      "geometry": {
        "type": "Point",
        "coordinates": [
          2.3355,
          48.8717
        ]
      },
      "properties": {
        "id": 98,
        "zeile": 7,
        "tags": [
          "social",
          "material"
        ],
        "perspektive": "erzaehler",
        "text": "Dann griff er plötzlich in seine Westentasche, zog eine Handvoll Geld hervor und legte zwei Zwanzigf",
        "notiz": "Forestier reicht Duroy Geld — die materielle Transaktion wird als Geste sozialer Überlegenheit und Freundschaft beschrieben, Maupassant von aussen.",
        "ort": "Café Napolitain, Boulevard des Capucines",
        "valenz": null,
        "intensitaet": 2,
        "gewichtete_valenz": null,
        "f_wert": null,
        "f_emotion": null,
        "raum_emotion": null,
        "route": null
      }
    },
    {
      "type": "Feature",
      "geometry": {
        "type": "Point",
        "coordinates": [
          2.3432,
          48.8744
        ]
      },
      "properties": {
        "id": 99,
        "zeile": 1,
        "tags": [
          "location"
        ],
        "perspektive": "erzaehler",
        "text": "17 Rue Fontaine",
        "notiz": "Konkrete Ortsnennung: Forestiers Wohnadresse in der Rue Fontaine.",
        "ort": "Folies Bergère",
        "valenz": null,
        "intensitaet": 1,
        "gewichtete_valenz": null,
        "f_wert": null,
        "f_emotion": null,
        "raum_emotion": null,
        "route": null
      }
    },
    {
      "type": "Feature",
      "geometry": {
        "type": "Point",
        "coordinates": [
          2.3432,
          48.8744
        ]
      },
      "properties": {
        "id": 100,
        "zeile": 2,
        "tags": [
          "george_duroy",
          "mood",
          "social"
        ],
        "perspektive": "figur",
        "text": "Duroy war verwirrt, aber er nahm das Geld und stammelte: »Du bist wirklich zu liebenswürdig, ich dan",
        "notiz": "Duroy erlebt Verwirrung und Scham beim Empfang des geliehenen Geldes — inneres Erleben seiner sozialen Abhängigkeit.",
        "ort": "Folies Bergère / Umgebung, Paris",
        "valenz": -1,
        "intensitaet": 2,
        "gewichtete_valenz": -2,
        "f_wert": "ort_loest_emotion_aus",
        "f_emotion": "Verwirrung, Scham, Dankbarkeit",
        "raum_emotion": {
          "ort": "Café in der Nähe der Folies Bergère",
          "emotion": "Verwirrung, Scham, Dankbarkeit",
          "richtung": "ort_loest_emotion_aus"
        },
        "route": null
      }
    },
    {
      "type": "Feature",
      "geometry": {
        "type": "Point",
        "coordinates": [
          2.3247,
          48.87
        ]
      },
      "properties": {
        "id": 101,
        "zeile": 5,
        "tags": [
          "move",
          "location"
        ],
        "perspektive": "erzaehler",
        "text": "Und sie brachen auf und gingen in der Richtung nach Madeleine",
        "notiz": "Erzähler beschreibt die gemeinsame Bewegung Duroys und Forestiers in Richtung Madeleine.",
        "ort": "Richtung Madeleine, Paris",
        "valenz": null,
        "intensitaet": null,
        "gewichtete_valenz": null,
        "f_wert": null,
        "f_emotion": null,
        "raum_emotion": null,
        "route": [
          [
            2.3250866,
            48.8697919
          ],
          [
            2.3250804,
            48.8695843
          ],
          [
            2.3252082,
            48.8696266
          ],
          [
            2.3252664,
            48.8696113
          ],
          [
            2.3254917,
            48.8696471
          ],
          [
            2.3257621,
            48.8696901
          ],
          [
            2.3257979,
            48.8697068
          ],
          [
            2.3259553,
            48.86973
          ],
          [
            2.3264287,
            48.8698045
          ],
          [
            2.3265877,
            48.8698447
          ],
          [
            2.3266131,
            48.8699063
          ],
          [
            2.3275036,
            48.8700559
          ],
          [
            2.3276082,
            48.8700065
          ],
          [
            2.3276377,
            48.8700123
          ],
          [
            2.3278463,
            48.8700515
          ],
          [
            2.3279435,
            48.8700758
          ],
          [
            2.3280917,
            48.8700934
          ],
          [
            2.3281923,
            48.8700626
          ],
          [
            2.3290827,
            48.8702262
          ],
          [
            2.3297441,
            48.8703418
          ],
          [
            2.3297669,
            48.8703468
          ],
          [
            2.3301597,
            48.8704192
          ],
          [
            2.3302507,
            48.8704198
          ],
          [
            2.3317958,
            48.8706816
          ],
          [
            2.3318858,
            48.870725
          ],
          [
            2.3321494,
            48.8707754
          ],
          [
            2.3322366,
            48.8708148
          ],
          [
            2.3323199,
            48.8708527
          ],
          [
            2.3325847,
            48.8709012
          ],
          [
            2.3327325,
            48.8708461
          ],
          [
            2.3339537,
            48.8710513
          ],
          [
            2.3340134,
            48.8710614
          ],
          [
            2.3341992,
            48.8710926
          ],
          [
            2.334707,
            48.871178
          ],
          [
            2.3348238,
            48.8711976
          ],
          [
            2.3349102,
            48.8712119
          ],
          [
            2.3358936,
            48.8713952
          ],
          [
            2.3360054,
            48.8714028
          ],
          [
            2.3366593,
            48.8715153
          ],
          [
            2.3366971,
            48.871521
          ],
          [
            2.3368586,
            48.8715632
          ],
          [
            2.3371068,
            48.8716006
          ],
          [
            2.3372463,
            48.8716216
          ],
          [
            2.3372731,
            48.8716255
          ],
          [
            2.3375075,
            48.8716804
          ],
          [
            2.3379862,
            48.8717641
          ],
          [
            2.3380261,
            48.871771
          ],
          [
            2.338203,
            48.871802
          ],
          [
            2.3383603,
            48.8718295
          ],
          [
            2.3386941,
            48.8718878
          ],
          [
            2.3389729,
            48.8719336
          ],
          [
            2.3389732,
            48.871984
          ],
          [
            2.339264,
            48.8719829
          ],
          [
            2.3394569,
            48.8719822
          ],
          [
            2.3394788,
            48.8720522
          ],
          [
            2.339515,
            48.8721683
          ],
          [
            2.3399177,
            48.872104
          ],
          [
            2.3399294,
            48.8721349
          ],
          [
            2.3400073,
            48.8721295
          ],
          [
            2.3403762,
            48.8728046
          ],
          [
            2.3404942,
            48.8727821
          ],
          [
            2.3405258,
            48.872794
          ],
          [
            2.3409871,
            48.8731552
          ],
          [
            2.341026,
            48.8731663
          ],
          [
            2.3410575,
            48.8732448
          ],
          [
            2.3422452,
            48.8730938
          ],
          [
            2.3429827,
            48.8730066
          ],
          [
            2.3429994,
            48.8730238
          ],
          [
            2.3431302,
            48.8730459
          ],
          [
            2.3431617,
            48.8730714
          ],
          [
            2.3433186,
            48.8730767
          ],
          [
            2.343385,
            48.8731469
          ],
          [
            2.3433837,
            48.8731817
          ],
          [
            2.3447865,
            48.8739065
          ],
          [
            2.3448109,
            48.8738651
          ]
        ]
      }
    },
    {
      "type": "Feature",
      "geometry": {
        "type": "Point",
        "coordinates": [
          2.3247,
          48.87
        ]
      },
      "properties": {
        "id": 102,
        "zeile": 7,
        "tags": [
          "george_duroy",
          "mood",
          "social"
        ],
        "perspektive": "figur",
        "text": "Duroy war noch immer verlegen und wußte nicht, was er vorschlagen sollte.",
        "notiz": "Duroy erlebt anhaltende soziale Unsicherheit und Verlegenheit beim Bummeln mit dem gesellschaftlich überlegenen Forestier.",
        "ort": "Richtung Madeleine, Paris",
        "valenz": -1,
        "intensitaet": 2,
        "gewichtete_valenz": -2,
        "f_wert": "ort_loest_emotion_aus",
        "f_emotion": "Verlegenheit, soziale Unterlegenheit",
        "raum_emotion": {
          "ort": "Strasse in Richtung Madeleine",
          "emotion": "Verlegenheit, soziale Unterlegenheit",
          "richtung": "ort_loest_emotion_aus"
        },
        "route": null
      }
    },
    {
      "type": "Feature",
      "geometry": {
        "type": "Point",
        "coordinates": [
          2.249,
          48.8637
        ]
      },
      "properties": {
        "id": 103,
        "zeile": 7,
        "tags": [
          "location",
          "atmosphere"
        ],
        "perspektive": "erzaehler",
        "text": "Eine Fahrt ins Bois macht nur Spaß, wenn noch ein Weib dabei ist",
        "notiz": "Forestier erwähnt das Bois de Boulogne als mögliches Ausflugsziel — konkreter Pariser Ort, der eine soziale Atmosphäre evoziert.",
        "ort": "Bois de Boulogne, Paris",
        "valenz": null,
        "intensitaet": 1,
        "gewichtete_valenz": null,
        "f_wert": null,
        "f_emotion": null,
        "raum_emotion": null,
        "route": null
      }
    },
    {
      "type": "Feature",
      "geometry": {
        "type": "Point",
        "coordinates": [
          2.3089,
          48.8796
        ]
      },
      "properties": {
        "id": 104,
        "zeile": 8,
        "tags": [
          "location",
          "atmosphere",
          "sound"
        ],
        "perspektive": "erzaehler",
        "text": "Man müßte hier einen Sommergarten haben, wie den Park Monceau, der nachts geöffnet wäre, wo man ausg",
        "notiz": "Forestier nennt den Park Monceau als Referenz für einen idealen urbanen Garten — konkreter Pariser Ort als Vergleichspunkt.",
        "ort": "Parc Monceau, Paris",
        "valenz": null,
        "intensitaet": 2,
        "gewichtete_valenz": null,
        "f_wert": null,
        "f_emotion": null,
        "raum_emotion": null,
        "route": null
      }
    },
    {
      "type": "Feature",
      "geometry": {
        "type": "Point",
        "coordinates": [
          2.32605,
          48.877
        ]
      },
      "properties": {
        "id": 105,
        "zeile": 9,
        "tags": [
          "space",
          "sound",
          "material",
          "atmosphere"
        ],
        "perspektive": "erzaehler",
        "text": "Man sollte da auf kiesbestreuten Fußwegen herumspazieren können, die elektrisch beleuchtet wären, un",
        "notiz": "Erzähler beschreibt Forestiers Vision eines idealen urbanen Gartenraums mit sensorischen Qualitäten — Kieswege, elektrisches Licht, Musik.",
        "ort": "imaginierter Sommergarten, Paris",
        "valenz": null,
        "intensitaet": 2,
        "gewichtete_valenz": null,
        "f_wert": null,
        "f_emotion": null,
        "raum_emotion": null,
        "route": null
      }
    },
    {
      "type": "Feature",
      "geometry": {
        "type": "Point",
        "coordinates": [
          2.32605,
          48.877
        ]
      },
      "properties": {
        "id": 106,
        "zeile": 10,
        "tags": [
          "location",
          "sound",
          "space",
          "atmosphere"
        ],
        "perspektive": "erzaehler",
        "text": "So etwas gab es früher bei Muzard, aber das war zu sehr Ballokal, zuviel Tanzmusik und zuwenig Platz",
        "notiz": "Verweis auf das frühere Tanzlokal Musard als realen Pariser Erinnerungsort — negativ konnotierter Vergleichsraum mit sensorischen Qualitäten.",
        "ort": "Bal Musard, Paris (historisch)",
        "valenz": null,
        "intensitaet": 2,
        "gewichtete_valenz": null,
        "f_wert": null,
        "f_emotion": null,
        "raum_emotion": null,
        "route": null
      }
    },
    {
      "type": "Feature",
      "geometry": {
        "type": "Point",
        "coordinates": [
          2.3432,
          48.8744
        ]
      },
      "properties": {
        "id": 107,
        "zeile": 1,
        "tags": [
          "george_duroy",
          "mood",
          "location_erinnerung"
        ],
        "perspektive": "figur",
        "text": "Endlich entschloß er sich: »Ich kenne die Folies Bergère noch gar nicht, da möchte ich ganz gern ein",
        "notiz": "Duroy entscheidet sich für die Folies Bergère und gibt zu, sie nicht zu kennen — inneres Erleben und Entschluss.",
        "ort": "Folies Bergère",
        "valenz": 1,
        "intensitaet": 2,
        "gewichtete_valenz": 2,
        "f_wert": "ort_loest_emotion_aus",
        "f_emotion": "Neugier, Wunsch",
        "raum_emotion": {
          "ort": "Folies Bergère",
          "emotion": "Neugier, Wunsch",
          "richtung": "ort_loest_emotion_aus"
        },
        "route": null
      }
    },
    {
      "type": "Feature",
      "geometry": {
        "type": "Point",
        "coordinates": [
          2.3447,
          48.8738
        ]
      },
      "properties": {
        "id": 108,
        "zeile": 4,
        "tags": [
          "move",
          "location"
        ],
        "perspektive": "figur",
        "text": "Sie gingen wieder zurück, um die Rue du Faubourg-Montmartre zu erreichen.",
        "notiz": "Duroy und Forestier bewegen sich in Richtung Rue du Faubourg-Montmartre — Ortsveränderung aus Erzählerperspektive mit Routenangabe.",
        "ort": "Rue du Faubourg-Montmartre",
        "valenz": null,
        "intensitaet": null,
        "gewichtete_valenz": null,
        "f_wert": null,
        "f_emotion": null,
        "raum_emotion": null,
        "route": [
          [
            2.3448109,
            48.8738651
          ],
          [
            2.3447865,
            48.8739065
          ],
          [
            2.3447207,
            48.8739696
          ],
          [
            2.344757,
            48.8739988
          ],
          [
            2.344749,
            48.8740051
          ],
          [
            2.3442031,
            48.8740073
          ],
          [
            2.3442111,
            48.874072
          ],
          [
            2.3432425,
            48.8740766
          ],
          [
            2.3432425,
            48.8740875
          ]
        ]
      }
    },
    {
      "type": "Feature",
      "geometry": {
        "type": "Point",
        "coordinates": [
          2.3432,
          48.8744
        ]
      },
      "properties": {
        "id": 109,
        "zeile": 5,
        "tags": [
          "location",
          "space",
          "atmosphere"
        ],
        "perspektive": "erzaehler",
        "text": "Die erleuchtete Fassade des Theaters warf grellen Schein auf die vier Straßen, die sich an dieser St",
        "notiz": "Maupassant beschreibt die beleuchtete Theaterfassade und die Kreuzung als atmosphärische Kulisse.",
        "ort": "Folies Bergère, Umgebung",
        "valenz": null,
        "intensitaet": 2,
        "gewichtete_valenz": null,
        "f_wert": "ort_loest_emotion_aus",
        "f_emotion": "Helligkeit, Belebung",
        "raum_emotion": {
          "ort": "Folies Bergère",
          "emotion": "Helligkeit, Belebung",
          "richtung": "ort_loest_emotion_aus"
        },
        "route": null
      }
    },
    {
      "type": "Feature",
      "geometry": {
        "type": "Point",
        "coordinates": [
          2.3432,
          48.8744
        ]
      },
      "properties": {
        "id": 110,
        "zeile": 5,
        "tags": [
          "social",
          "atmosphere"
        ],
        "perspektive": "erzaehler",
        "text": "Eine Reihe von Droschken wartete auf den Schluß der Vorstellung.",
        "notiz": "Maupassant beschreibt das wartende Publikum und städtische Infrastruktur als sozialen Hintergrund.",
        "ort": "Folies Bergère, Vorplatz",
        "valenz": null,
        "intensitaet": 1,
        "gewichtete_valenz": null,
        "f_wert": null,
        "f_emotion": null,
        "raum_emotion": null,
        "route": null
      }
    },
    {
      "type": "Feature",
      "geometry": {
        "type": "Point",
        "coordinates": [
          2.3432,
          48.8744
        ]
      },
      "properties": {
        "id": 111,
        "zeile": 7,
        "tags": [
          "george_duroy",
          "social",
          "mood"
        ],
        "perspektive": "figur",
        "text": "Forestier ging hinein, Duroy hielt ihn zurück: »Wir haben ja noch keine Billetts.«",
        "notiz": "Duroy ist besorgt über den fehlenden Einlass — seine soziale Unsicherheit zeigt sich im Handeln.",
        "ort": "Folies Bergère, Eingang",
        "valenz": null,
        "intensitaet": null,
        "gewichtete_valenz": null,
        "f_wert": "ort_loest_emotion_aus",
        "f_emotion": "Unsicherheit, Bedenken",
        "raum_emotion": {
          "ort": "Folies Bergère",
          "emotion": "Unsicherheit, Bedenken",
          "richtung": "ort_loest_emotion_aus"
        },
        "route": null
      }
    },
    {
      "type": "Feature",
      "geometry": {
        "type": "Point",
        "coordinates": [
          2.3432,
          48.8744
        ]
      },
      "properties": {
        "id": 112,
        "zeile": 10,
        "tags": [
          "social"
        ],
        "perspektive": "erzaehler",
        "text": "Als er sich den drei Kontrolleuren näherte, grüßten sie ihn, und dem mittelsten reichte er die Hand.",
        "notiz": "Maupassant beschreibt Forestiers soziale Stellung und Beziehungsnetz am Eingang von aussen.",
        "ort": "Folies Bergère, Eingang",
        "valenz": null,
        "intensitaet": 2,
        "gewichtete_valenz": null,
        "f_wert": null,
        "f_emotion": null,
        "raum_emotion": null,
        "route": null
      }
    },
    {
      "type": "Feature",
      "geometry": {
        "type": "Point",
        "coordinates": [
          2.3432,
          48.8744
        ]
      },
      "properties": {
        "id": 113,
        "zeile": 14,
        "tags": [
          "location",
          "material"
        ],
        "perspektive": "erzaehler",
        "text": "Er nahm den Zettel, der ihm gereicht wurde, öffnete die gepolsterte, kupferbeschlagene Tür, und sie ",
        "notiz": "Maupassant beschreibt das Betreten des Theaterraums mit konkreten materiellen Details der Tür.",
        "ort": "Folies Bergère, Innenraum",
        "valenz": null,
        "intensitaet": 1,
        "gewichtete_valenz": null,
        "f_wert": null,
        "f_emotion": null,
        "raum_emotion": null,
        "route": null
      }
    },
    {
      "type": "Feature",
      "geometry": {
        "type": "Point",
        "coordinates": [
          2.3432,
          48.8744
        ]
      },
      "properties": {
        "id": 114,
        "zeile": 15,
        "tags": [
          "smell",
          "atmosphere",
          "space"
        ],
        "perspektive": "erzaehler",
        "text": "Tabakdunst verschleierte wie ein leichter Nebel den Hintergrund, die Bühne und die entfernten Teile ",
        "notiz": "Maupassant beschreibt den Tabakdunst als raumverhüllende Kulisse im Theatersaal.",
        "ort": "Folies Bergère, Innenraum",
        "valenz": -1,
        "intensitaet": 2,
        "gewichtete_valenz": -2,
        "f_wert": "ort_loest_emotion_aus",
        "f_emotion": "Dichte, Verhüllung",
        "raum_emotion": {
          "ort": "Folies Bergère, Innenraum",
          "emotion": "Dichte, Verhüllung",
          "richtung": "ort_loest_emotion_aus"
        },
        "route": null
      }
    },
    {
      "type": "Feature",
      "geometry": {
        "type": "Point",
        "coordinates": [
          2.3432,
          48.8744
        ]
      },
      "properties": {
        "id": 115,
        "zeile": 16,
        "tags": [
          "smell",
          "space",
          "atmosphere",
          "material"
        ],
        "perspektive": "erzaehler",
        "text": "Dieser Nebel, der ununterbrochen in feinen bläulichen Streifen aus sämtlichen Zigarren und Zigarette",
        "notiz": "Maupassant malt den Rauch als architektonisches Stimmungselement im grossen Saal aus.",
        "ort": "Folies Bergère, Innenraum",
        "valenz": -1,
        "intensitaet": 2,
        "gewichtete_valenz": -2,
        "f_wert": "ort_loest_emotion_aus",
        "f_emotion": "Schwere, Überwältigung",
        "raum_emotion": {
          "ort": "Folies Bergère, Innenraum",
          "emotion": "Schwere, Überwältigung",
          "richtung": "ort_loest_emotion_aus"
        },
        "route": null
      }
    },
    {
      "type": "Feature",
      "geometry": {
        "type": "Point",
        "coordinates": [
          2.3432,
          48.8744
        ]
      },
      "properties": {
        "id": 116,
        "zeile": 19,
        "tags": [
          "location",
          "social",
          "space",
          "atmosphere"
        ],
        "perspektive": "erzaehler",
        "text": "In der geräumigen Vorhalle am Eingang, die zu den Wandelgängen führte, schweiften aufgeputzte Mädche",
        "notiz": "Maupassant beschreibt das soziale Milieu der Vorhalle — Prostitution und Klassenstruktur als Erzählerbeobachtung.",
        "ort": "Folies Bergère, Vorhalle",
        "valenz": null,
        "intensitaet": 2,
        "gewichtete_valenz": null,
        "f_wert": "ort_loest_emotion_aus",
        "f_emotion": "Doppeldeutigkeit, käufliche Atmosphäre",
        "raum_emotion": {
          "ort": "Folies Bergère, Vorhalle",
          "emotion": "Doppeldeutigkeit, käufliche Atmosphäre",
          "richtung": "ort_loest_emotion_aus"
        },
        "route": null
      }
    },
    {
      "type": "Feature",
      "geometry": {
        "type": "Point",
        "coordinates": [
          2.3432,
          48.8744
        ]
      },
      "properties": {
        "id": 117,
        "zeile": 21,
        "tags": [
          "space",
          "material",
          "atmosphere"
        ],
        "perspektive": "erzaehler",
        "text": "In den hohen Scheiben hinter ihnen spiegelten sich ihre Rücken und die Gesichter der Vorübergehenden",
        "notiz": "Maupassant nutzt das Spiegelmotiv, um den Raum und das Treiben als beobachtete Szene zu verdoppeln.",
        "ort": "Folies Bergère, Vorhalle",
        "valenz": null,
        "intensitaet": 1,
        "gewichtete_valenz": null,
        "f_wert": null,
        "f_emotion": null,
        "raum_emotion": null,
        "route": null
      }
    },
    {
      "type": "Feature",
      "geometry": {
        "type": "Point",
        "coordinates": [
          2.3432,
          48.8744
        ]
      },
      "properties": {
        "id": 118,
        "zeile": 22,
        "tags": [
          "social",
          "koerper_als_akteur"
        ],
        "perspektive": "erzaehler",
        "text": "Forestier drängte sich schnell durch alle diese Gruppen und schritt rasch vorwärts, wie ein Mann, au",
        "notiz": "Maupassant beschreibt Forestiers selbstbewusstes Vorwärtsdrängen als Ausdruck sozialer Stellung — von aussen beobachtet.",
        "ort": "Folies Bergère, Vorhalle",
        "valenz": null,
        "intensitaet": 2,
        "gewichtete_valenz": null,
        "f_wert": null,
        "f_emotion": null,
        "raum_emotion": null,
        "route": null
      }
    },
    {
      "type": "Feature",
      "geometry": {
        "type": "Point",
        "coordinates": [
          2.3432,
          48.8744
        ]
      },
      "properties": {
        "id": 119,
        "zeile": 1,
        "tags": [
          "george_duroy",
          "move"
        ],
        "perspektive": "erzaehler",
        "text": "Er trat an die Logenschließerin heran und sagte: »Loge siebzehn!«",
        "notiz": "Duroy tritt an die Logenschließerin heran — Bewegung im Raum der Folies Bergère.",
        "ort": "Folies Bergère",
        "valenz": null,
        "intensitaet": null,
        "gewichtete_valenz": null,
        "f_wert": null,
        "f_emotion": null,
        "raum_emotion": null,
        "route": [
          [
            2.3432425,
            48.8740875
          ],
          [
            2.3432425,
            48.8740766
          ],
          [
            2.3424466,
            48.8740819
          ],
          [
            2.3425237,
            48.8740087
          ],
          [
            2.3425134,
            48.8739885
          ],
          [
            2.3423389,
            48.8739862
          ],
          [
            2.3423074,
            48.8739998
          ],
          [
            2.3408141,
            48.8740417
          ],
          [
            2.3407779,
            48.8740232
          ],
          [
            2.3406498,
            48.8740289
          ],
          [
            2.3406294,
            48.8740456
          ],
          [
            2.3398196,
            48.874071
          ],
          [
            2.3397882,
            48.874055
          ],
          [
            2.3396835,
            48.8740561
          ],
          [
            2.3396414,
            48.874067
          ],
          [
            2.3391994,
            48.8740774
          ],
          [
            2.3391592,
            48.8740611
          ],
          [
            2.3390142,
            48.8740652
          ],
          [
            2.3390016,
            48.8740898
          ],
          [
            2.3381647,
            48.8741189
          ],
          [
            2.3381191,
            48.8740946
          ],
          [
            2.3380132,
            48.8741105
          ],
          [
            2.3375794,
            48.8741349
          ],
          [
            2.3375035,
            48.8741159
          ],
          [
            2.3371053,
            48.8740019
          ],
          [
            2.3364342,
            48.8738348
          ],
          [
            2.3362246,
            48.8737781
          ],
          [
            2.3354796,
            48.8735872
          ],
          [
            2.3353773,
            48.8735453
          ],
          [
            2.3352424,
            48.8735175
          ],
          [
            2.3352189,
            48.8735124
          ],
          [
            2.3335634,
            48.8730962
          ],
          [
            2.333554,
            48.8730012
          ],
          [
            2.333453,
            48.8730138
          ],
          [
            2.3332844,
            48.873074
          ],
          [
            2.333218,
            48.8730306
          ],
          [
            2.3328079,
            48.8728908
          ],
          [
            2.3317549,
            48.8730295
          ],
          [
            2.3317406,
            48.8729813
          ],
          [
            2.331551,
            48.8728324
          ],
          [
            2.3311885,
            48.8727558
          ],
          [
            2.3307998,
            48.8719347
          ],
          [
            2.3308284,
            48.8718608
          ]
        ]
      }
    },
    {
      "type": "Feature",
      "geometry": {
        "type": "Point",
        "coordinates": [
          2.3432,
          48.8744
        ]
      },
      "properties": {
        "id": 120,
        "zeile": 2,
        "tags": [
          "space",
          "material"
        ],
        "perspektive": "erzaehler",
        "text": "Sie wurden in einen kleinen hölzernen Kasten eingeschlossen, der keine Decke hatte, rot tapeziert wa",
        "notiz": "Maupassant beschreibt die beengte, materielle Qualität der Theaterloge von aussen — Enge und physische Details des Raums.",
        "ort": "Folies Bergère, Theaterloge Nr. 17",
        "valenz": null,
        "intensitaet": 2,
        "gewichtete_valenz": null,
        "f_wert": null,
        "f_emotion": null,
        "raum_emotion": null,
        "route": null
      }
    },
    {
      "type": "Feature",
      "geometry": {
        "type": "Point",
        "coordinates": [
          2.3432,
          48.8744
        ]
      },
      "properties": {
        "id": 121,
        "zeile": 3,
        "tags": [
          "space",
          "location"
        ],
        "perspektive": "erzaehler",
        "text": "Nach rechts und links schlossen sich in weitem Bogen, dessen Enden auf die Bühne stießen, eine lange",
        "notiz": "Erzähler beschreibt die räumliche Anordnung der Theaterlogen im Zuschauerraum der Folies Bergère.",
        "ort": "Folies Bergère, Zuschauerraum",
        "valenz": null,
        "intensitaet": 2,
        "gewichtete_valenz": null,
        "f_wert": null,
        "f_emotion": null,
        "raum_emotion": null,
        "route": null
      }
    },
    {
      "type": "Feature",
      "geometry": {
        "type": "Point",
        "coordinates": [
          2.3432,
          48.8744
        ]
      },
      "properties": {
        "id": 122,
        "zeile": 4,
        "tags": [
          "location",
          "social"
        ],
        "perspektive": "erzaehler",
        "text": "Auf der Bühne machten drei junge Männer in eng anliegenden Trikots, ein großer, ein mittlerer und ei",
        "notiz": "Maupassant beschreibt die Bühnenszene der Folies Bergère von aussen als Kulisse.",
        "ort": "Folies Bergère, Bühne",
        "valenz": null,
        "intensitaet": 1,
        "gewichtete_valenz": null,
        "f_wert": null,
        "f_emotion": null,
        "raum_emotion": null,
        "route": null
      }
    },
    {
      "type": "Feature",
      "geometry": {
        "type": "Point",
        "coordinates": [
          2.3432,
          48.8744
        ]
      },
      "properties": {
        "id": 123,
        "zeile": 5,
        "tags": [
          "material",
          "social"
        ],
        "perspektive": "erzaehler",
        "text": "Zunächst trat der große mit kurzen, schnellen Schritten an die Rampe vor, lächelte und grüßte mit ei",
        "notiz": "Erzähler beschreibt den Körper und das Äussere des Artisten auf der Bühne — soziale Typisierung durch äussere Merkmale.",
        "ort": "Folies Bergère, Bühne",
        "valenz": null,
        "intensitaet": 2,
        "gewichtete_valenz": null,
        "f_wert": null,
        "f_emotion": null,
        "raum_emotion": null,
        "route": null
      }
    },
    {
      "type": "Feature",
      "geometry": {
        "type": "Point",
        "coordinates": [
          2.3432,
          48.8744
        ]
      },
      "properties": {
        "id": 124,
        "zeile": 6,
        "tags": [
          "material",
          "space"
        ],
        "perspektive": "erzaehler",
        "text": "Bisweilen hing er mit ausgestreckten Armen und steifem Körper unbeweglich wagerecht in der leeren Lu",
        "notiz": "Erzähler beschreibt die physische Körperbeherrschung des Artisten im Raum der Bühne.",
        "ort": "Folies Bergère, Bühne",
        "valenz": null,
        "intensitaet": 2,
        "gewichtete_valenz": null,
        "f_wert": null,
        "f_emotion": null,
        "raum_emotion": null,
        "route": null
      }
    },
    {
      "type": "Feature",
      "geometry": {
        "type": "Point",
        "coordinates": [
          2.3432,
          48.8744
        ]
      },
      "properties": {
        "id": 125,
        "zeile": 7,
        "tags": [
          "george_duroy",
          "mood",
          "social"
        ],
        "perspektive": "figur",
        "text": "Duroy hatte wenig Interesse für die Darbietung. Er wandte seinen Kopf und beobachtete unaufhörlich d",
        "notiz": "Duroy wendet sich innerlich und physisch von der Bühne ab — sein Desinteresse am Schauspiel und seine Faszination für das gesellschaftliche Treiben zeigen sein inneres Erleben.",
        "ort": "Folies Bergère, Theaterloge",
        "valenz": null,
        "intensitaet": null,
        "gewichtete_valenz": null,
        "f_wert": "ort_loest_emotion_aus",
        "f_emotion": "Desinteresse an der Vorstellung, Faszination für die soziale Menge",
        "raum_emotion": {
          "ort": "Folies Bergère",
          "emotion": "Desinteresse an der Vorstellung, Faszination für die soziale Menge",
          "richtung": "ort_loest_emotion_aus"
        },
        "route": null
      }
    },
    {
      "type": "Feature",
      "geometry": {
        "type": "Point",
        "coordinates": [
          2.3432,
          48.8744
        ]
      },
      "properties": {
        "id": 126,
        "zeile": 1,
        "tags": [
          "location",
          "social",
          "atmosphere"
        ],
        "perspektive": "erzaehler",
        "text": "In den Logen sitzen die Stammgäste der Boulevards, einige Künstler und Halbweltdamen, hinter uns fin",
        "notiz": "Erzähler (bzw. Figur im Gespräch) beschreibt das soziale Milieu der Folies Bergère als buntgemischtes Publikum.",
        "ort": "Folies Bergère",
        "valenz": null,
        "intensitaet": 2,
        "gewichtete_valenz": null,
        "f_wert": null,
        "f_emotion": null,
        "raum_emotion": null,
        "route": null
      }
    },
    {
      "type": "Feature",
      "geometry": {
        "type": "Point",
        "coordinates": [
          2.3432,
          48.8744
        ]
      },
      "properties": {
        "id": 127,
        "zeile": 2,
        "tags": [
          "social",
          "location"
        ],
        "perspektive": "erzaehler",
        "text": "Da sind die Kommis, Bankangestellte, Beamte, Verkäufer, ferner Reporter, Zuhälter, Offiziere in Zivi",
        "notiz": "Maupassant beschreibt von aussen die heterogene soziale Zusammensetzung des Publikums und verweist auf weitere urbane Lokale.",
        "ort": "Folies Bergère",
        "valenz": null,
        "intensitaet": 2,
        "gewichtete_valenz": null,
        "f_wert": null,
        "f_emotion": null,
        "raum_emotion": null,
        "route": null
      }
    },
    {
      "type": "Feature",
      "geometry": {
        "type": "Point",
        "coordinates": [
          2.3432,
          48.8744
        ]
      },
      "properties": {
        "id": 128,
        "zeile": 3,
        "tags": [
          "location",
          "move"
        ],
        "perspektive": "erzaehler",
        "text": "von der Großen Oper zu den Italienern rennen",
        "notiz": "Nennung zweier konkreter Pariser Theaterstätten als urbane Bewegungsroute des Publikums.",
        "ort": "Folies Bergère",
        "valenz": null,
        "intensitaet": 1,
        "gewichtete_valenz": null,
        "f_wert": null,
        "f_emotion": null,
        "raum_emotion": null,
        "route": [
          [
            2.3308284,
            48.8718608
          ],
          [
            2.3307998,
            48.8719347
          ],
          [
            2.3311885,
            48.8727558
          ],
          [
            2.331551,
            48.8728324
          ],
          [
            2.3317406,
            48.8729813
          ],
          [
            2.3317549,
            48.8730295
          ],
          [
            2.3328079,
            48.8728908
          ],
          [
            2.333218,
            48.8730306
          ],
          [
            2.3332844,
            48.873074
          ],
          [
            2.333453,
            48.8730138
          ],
          [
            2.333554,
            48.8730012
          ],
          [
            2.3335634,
            48.8730962
          ],
          [
            2.3352189,
            48.8735124
          ],
          [
            2.3352424,
            48.8735175
          ],
          [
            2.3353773,
            48.8735453
          ],
          [
            2.3354796,
            48.8735872
          ],
          [
            2.3362246,
            48.8737781
          ],
          [
            2.3364342,
            48.8738348
          ],
          [
            2.3371053,
            48.8740019
          ],
          [
            2.3375035,
            48.8741159
          ],
          [
            2.3375794,
            48.8741349
          ],
          [
            2.3380132,
            48.8741105
          ],
          [
            2.3381191,
            48.8740946
          ],
          [
            2.3381647,
            48.8741189
          ],
          [
            2.3390016,
            48.8740898
          ],
          [
            2.3390142,
            48.8740652
          ],
          [
            2.3391592,
            48.8740611
          ],
          [
            2.3391994,
            48.8740774
          ],
          [
            2.3396414,
            48.874067
          ],
          [
            2.3396835,
            48.8740561
          ],
          [
            2.3397882,
            48.874055
          ],
          [
            2.3398196,
            48.874071
          ],
          [
            2.3406294,
            48.8740456
          ],
          [
            2.3406498,
            48.8740289
          ],
          [
            2.3407779,
            48.8740232
          ],
          [
            2.3408141,
            48.8740417
          ],
          [
            2.3423074,
            48.8739998
          ],
          [
            2.3423389,
            48.8739862
          ],
          [
            2.3425134,
            48.8739885
          ],
          [
            2.3425237,
            48.8740087
          ],
          [
            2.3424466,
            48.8740819
          ],
          [
            2.3432425,
            48.8740766
          ],
          [
            2.3432425,
            48.8740875
          ]
        ]
      }
    },
    {
      "type": "Feature",
      "geometry": {
        "type": "Point",
        "coordinates": [
          2.3432,
          48.8744
        ]
      },
      "properties": {
        "id": 129,
        "zeile": 4,
        "tags": [
          "social",
          "location",
          "atmosphere"
        ],
        "perspektive": "erzaehler",
        "text": "Was die Frauen angeht, so gibt es hier nur eine Art: die Halbwelt vom Americain. Sie verkaufen sich ",
        "notiz": "Maupassant beschreibt von aussen die käufliche Halbwelt des Café Américain und ihre ökonomischen Praktiken.",
        "ort": "Folies Bergère",
        "valenz": null,
        "intensitaet": 2,
        "gewichtete_valenz": null,
        "f_wert": null,
        "f_emotion": null,
        "raum_emotion": null,
        "route": null
      }
    },
    {
      "type": "Feature",
      "geometry": {
        "type": "Point",
        "coordinates": [
          2.3432,
          48.8744
        ]
      },
      "properties": {
        "id": 130,
        "zeile": 5,
        "tags": [
          "time",
          "social",
          "location",
          "historical"
        ],
        "perspektive": "erzaehler",
        "text": "Man kennt sie alle seit zehn Jahren, man sieht sie jeden Abend das ganze Jahr hindurch in denselben ",
        "notiz": "Maupassant benennt konkrete Pariser Institutionen (Gefängnis Saint-Lazare, Lourcine-Krankenhaus) als soziale Kontrollorte der Halbwelt.",
        "ort": "Folies Bergère",
        "valenz": null,
        "intensitaet": 2,
        "gewichtete_valenz": null,
        "f_wert": null,
        "f_emotion": null,
        "raum_emotion": null,
        "route": null
      }
    },
    {
      "type": "Feature",
      "geometry": {
        "type": "Point",
        "coordinates": [
          2.3432,
          48.8744
        ]
      },
      "properties": {
        "id": 131,
        "zeile": 6,
        "tags": [
          "george_duroy",
          "mood"
        ],
        "perspektive": "figur",
        "text": "Duroy hörte nicht mehr zu.",
        "notiz": "Duroy wendet sich innerlich vom Gespräch ab — sein Aufmerksamkeitsfokus verlagert sich, was seinen inneren Zustand anzeigt.",
        "ort": "Folies Bergère",
        "valenz": null,
        "intensitaet": null,
        "gewichtete_valenz": null,
        "f_wert": null,
        "f_emotion": null,
        "raum_emotion": null,
        "route": null
      }
    },
    {
      "type": "Feature",
      "geometry": {
        "type": "Point",
        "coordinates": [
          2.3432,
          48.8744
        ]
      },
      "properties": {
        "id": 132,
        "zeile": 7,
        "tags": [
          "space",
          "koerper_als_akteur"
        ],
        "perspektive": "erzaehler",
        "text": "Eins von diesen Mädchen lehnte sich über die Loge und sah ihn an.",
        "notiz": "Maupassant beschreibt von aussen die körperliche Geste des Mädchens im Raum der Loge als räumliche Annäherung.",
        "ort": "Folies Bergère",
        "valenz": null,
        "intensitaet": 1,
        "gewichtete_valenz": null,
        "f_wert": null,
        "f_emotion": null,
        "raum_emotion": null,
        "route": null
      }
    },
    {
      "type": "Feature",
      "geometry": {
        "type": "Point",
        "coordinates": [
          2.3432,
          48.8744
        ]
      },
      "properties": {
        "id": 133,
        "zeile": 8,
        "tags": [
          "social",
          "material",
          "atmosphere"
        ],
        "perspektive": "erzaehler",
        "text": "Es war eine üppige Brünette mit weißgeschminktem Gesicht und schwarzen Augen, die mit dem Farbstift ",
        "notiz": "Maupassant beschreibt von aussen das äussere Erscheinungsbild der Kokotte als soziales und sinnliches Tableau.",
        "ort": "Folies Bergère",
        "valenz": null,
        "intensitaet": 2,
        "gewichtete_valenz": null,
        "f_wert": "ort_loest_emotion_aus",
        "f_emotion": "sinnliche Anziehung, tierische Wildheit",
        "raum_emotion": {
          "ort": "Folies Bergère, Loge",
          "emotion": "sinnliche Anziehung, tierische Wildheit",
          "richtung": "ort_loest_emotion_aus"
        },
        "route": null
      }
    },
    {
      "type": "Feature",
      "geometry": {
        "type": "Point",
        "coordinates": [
          2.3432,
          48.8744
        ]
      },
      "properties": {
        "id": 134,
        "zeile": 9,
        "tags": [
          "george_duroy",
          "mood",
          "atmosphere"
        ],
        "perspektive": "figur",
        "text": "das aber trotzdem anziehend wirkte",
        "notiz": "Duroys innere Wahrnehmung der Frau als anziehend trotz oder wegen ihrer Wildheit — emotionale Reaktion auf den Reiz.",
        "ort": "Folies Bergère",
        "valenz": 1,
        "intensitaet": 2,
        "gewichtete_valenz": 2,
        "f_wert": "ort_loest_emotion_aus",
        "f_emotion": "Anziehung, sinnliches Interesse",
        "raum_emotion": {
          "ort": "Folies Bergère",
          "emotion": "Anziehung, sinnliches Interesse",
          "richtung": "ort_loest_emotion_aus"
        },
        "route": null
      }
    },
    {
      "type": "Feature",
      "geometry": {
        "type": "Point",
        "coordinates": [
          2.3432,
          48.8744
        ]
      },
      "properties": {
        "id": 135,
        "zeile": 1,
        "tags": [
          "george_duroy",
          "social",
          "koerper_als_akteur"
        ],
        "perspektive": "figur",
        "text": "mechanisch tastete er nach den zwei Goldstücken in seiner Westentasche",
        "notiz": "Duroy greift reflexartig nach seinen Goldstücken — körperliche Geste, die seine soziale Unsicherheit und Geldnot offenbart.",
        "ort": "Folies Bergère",
        "valenz": null,
        "intensitaet": null,
        "gewichtete_valenz": null,
        "f_wert": null,
        "f_emotion": null,
        "raum_emotion": null,
        "route": null
      }
    },
    {
      "type": "Feature",
      "geometry": {
        "type": "Point",
        "coordinates": [
          2.3432,
          48.8744
        ]
      },
      "properties": {
        "id": 136,
        "zeile": 2,
        "tags": [
          "sound",
          "atmosphere"
        ],
        "perspektive": "erzaehler",
        "text": "Der Vorhang fiel und das Orchester begann einen Walzer zu spielen.",
        "notiz": "Maupassant beschreibt als neutraler Erzähler die akustische Kulisse der Folies Bergère.",
        "ort": "Folies Bergère",
        "valenz": 0,
        "intensitaet": 1,
        "gewichtete_valenz": 0,
        "f_wert": null,
        "f_emotion": null,
        "raum_emotion": null,
        "route": null
      }
    },
    {
      "type": "Feature",
      "geometry": {
        "type": "Point",
        "coordinates": [
          2.3432,
          48.8744
        ]
      },
      "properties": {
        "id": 137,
        "zeile": 3,
        "tags": [
          "george_duroy",
          "move"
        ],
        "perspektive": "figur",
        "text": "Wollen wir nicht auch einmal durch den Wandelgang gehen?",
        "notiz": "Duroy initiiert die Bewegung durch den Wandelgang — aktive Handlung aus seiner Perspektive.",
        "ort": "Folies Bergère, Wandelgang",
        "valenz": null,
        "intensitaet": null,
        "gewichtete_valenz": null,
        "f_wert": null,
        "f_emotion": null,
        "raum_emotion": null,
        "route": [
          [
            2.3432425,
            48.8740875
          ]
        ]
      }
    },
    {
      "type": "Feature",
      "geometry": {
        "type": "Point",
        "coordinates": [
          2.3432,
          48.8744
        ]
      },
      "properties": {
        "id": 138,
        "zeile": 4,
        "tags": [
          "move",
          "space"
        ],
        "perspektive": "erzaehler",
        "text": "Sie verließen ihre Loge und waren sofort von dem Strom der Menge umgeben.",
        "notiz": "Maupassant beschreibt von aussen die Bewegung und das unmittelbare Eintauchen in die Menge.",
        "ort": "Folies Bergère, Wandelgang",
        "valenz": 0,
        "intensitaet": 1,
        "gewichtete_valenz": 0,
        "f_wert": null,
        "f_emotion": null,
        "raum_emotion": null,
        "route": [
          [
            2.3432425,
            48.8740875
          ]
        ]
      }
    },
    {
      "type": "Feature",
      "geometry": {
        "type": "Point",
        "coordinates": [
          2.3432,
          48.8744
        ]
      },
      "properties": {
        "id": 139,
        "zeile": 5,
        "tags": [
          "george_duroy",
          "space",
          "koerper_als_akteur"
        ],
        "perspektive": "figur",
        "text": "Gedrückt, gepreßt, hin und her gestoßen, gingen sie weiter und ein Wald von Hüten wogte vor ihren Au",
        "notiz": "Duroy erlebt körperlich die Enge und den Druck der Menge — Raum als bedrängliche, sinnliche Erfahrung.",
        "ort": "Folies Bergère, Wandelgang",
        "valenz": -1,
        "intensitaet": 2,
        "gewichtete_valenz": -2,
        "f_wert": "ort_loest_emotion_aus",
        "f_emotion": "Bedrängnis, Überwältigung",
        "raum_emotion": {
          "ort": "Wandelgang Folies Bergère",
          "emotion": "Bedrängnis, Überwältigung",
          "richtung": "ort_loest_emotion_aus"
        },
        "route": null
      }
    },
    {
      "type": "Feature",
      "geometry": {
        "type": "Point",
        "coordinates": [
          2.3432,
          48.8744
        ]
      },
      "properties": {
        "id": 140,
        "zeile": 6,
        "tags": [
          "space",
          "social",
          "atmosphere"
        ],
        "perspektive": "erzaehler",
        "text": "Zwischen Ellenbogen, Brüsten und Rücken der Männer drängten sich behend paarweise die Kokotten hindu",
        "notiz": "Maupassant beschreibt von aussen das soziale Milieu und die körperliche Dichte des Wandelgangs.",
        "ort": "Folies Bergère, Wandelgang",
        "valenz": null,
        "intensitaet": 2,
        "gewichtete_valenz": null,
        "f_wert": null,
        "f_emotion": null,
        "raum_emotion": null,
        "route": null
      }
    },
    {
      "type": "Feature",
      "geometry": {
        "type": "Point",
        "coordinates": [
          2.3432,
          48.8744
        ]
      },
      "properties": {
        "id": 141,
        "zeile": 7,
        "tags": [
          "george_duroy",
          "mood",
          "smell",
          "atmosphere",
          "koerper_als_akteur"
        ],
        "perspektive": "figur",
        "text": "Duroy war entzückt. Er ließ sich treiben und wurde von der stickigen Luft, die durch Tabak, Menschen",
        "notiz": "Duroy erlebt Rausch und Entzücken durch die sensorische Überwältigung — Körper als Wahrnehmungsmodus.",
        "ort": "Folies Bergère, Wandelgang",
        "valenz": 1,
        "intensitaet": 3,
        "gewichtete_valenz": 3,
        "f_wert": "koerper_als_sensor",
        "f_emotion": "Entzücken, Rausch",
        "raum_emotion": {
          "ort": "Wandelgang Folies Bergère",
          "emotion": "Entzücken, Rausch",
          "richtung": "koerper_als_sensor"
        },
        "route": null
      }
    },
    {
      "type": "Feature",
      "geometry": {
        "type": "Point",
        "coordinates": [
          2.3432,
          48.8744
        ]
      },
      "properties": {
        "id": 142,
        "zeile": 8,
        "tags": [
          "move",
          "location",
          "space",
          "weather"
        ],
        "perspektive": "erzaehler",
        "text": "Sie wandten sich nach links und kamen in eine Art Wintergarten, wo zwei geschmacklose Fontänen ein b",
        "notiz": "Maupassant beschreibt neutral die Bewegung und den Wintergarten als Raum mit seinen atmosphärischen Qualitäten.",
        "ort": "Folies Bergère, Wintergarten/Garten",
        "valenz": null,
        "intensitaet": 1,
        "gewichtete_valenz": null,
        "f_wert": null,
        "f_emotion": null,
        "raum_emotion": null,
        "route": [
          [
            2.3432425,
            48.8740875
          ]
        ]
      }
    },
    {
      "type": "Feature",
      "geometry": {
        "type": "Point",
        "coordinates": [
          2.3432,
          48.8744
        ]
      },
      "properties": {
        "id": 143,
        "zeile": 9,
        "tags": [
          "space",
          "social",
          "atmosphere",
          "material"
        ],
        "perspektive": "erzaehler",
        "text": "Unter den paar Taxusbäumen und Thujas saßen Männer und Frauen an Zinktischen und tranken.",
        "notiz": "Maupassant beschreibt von aussen die soziale Szenerie im Garten der Folies Bergère.",
        "ort": "Folies Bergère, Garten",
        "valenz": null,
        "intensitaet": 1,
        "gewichtete_valenz": null,
        "f_wert": null,
        "f_emotion": null,
        "raum_emotion": null,
        "route": null
      }
    },
    {
      "type": "Feature",
      "geometry": {
        "type": "Point",
        "coordinates": [
          2.3432,
          48.8744
        ]
      },
      "properties": {
        "id": 144,
        "zeile": 10,
        "tags": [
          "george_duroy",
          "atmosphere"
        ],
        "perspektive": "erzaehler",
        "text": "Sie setzten sich und beobachteten das Publikum.",
        "notiz": "Maupassant beschreibt von aussen, dass Duroy und Forestier sich setzen und das Publikum beobachten.",
        "ort": "Folies Bergère, Garten",
        "valenz": 0,
        "intensitaet": 1,
        "gewichtete_valenz": 0,
        "f_wert": null,
        "f_emotion": null,
        "raum_emotion": null,
        "route": null
      }
    },
    {
      "type": "Feature",
      "geometry": {
        "type": "Point",
        "coordinates": [
          2.3432,
          48.8744
        ]
      },
      "properties": {
        "id": 145,
        "zeile": 11,
        "tags": [
          "social",
          "atmosphere"
        ],
        "perspektive": "erzaehler",
        "text": "Sie bildeten wirklich ein hübsches, gut ausgesuchtes Frauenpaar. Sobald sie Duroy erblickte, lächelt",
        "notiz": "Maupassant beschreibt von aussen das Wiedererscheinen der Frauen und die implizite nonverbale Kommunikation mit Duroy.",
        "ort": "Folies Bergère, Garten",
        "valenz": null,
        "intensitaet": 1,
        "gewichtete_valenz": null,
        "f_wert": null,
        "f_emotion": null,
        "raum_emotion": null,
        "route": null
      }
    },
    {
      "type": "Feature",
      "geometry": {
        "type": "Point",
        "coordinates": [
          2.3432,
          48.8744
        ]
      },
      "properties": {
        "id": 146,
        "zeile": 1,
        "tags": [
          "social"
        ],
        "perspektive": "erzaehler",
        "text": "Sie nahm einen Stuhl und setzte sich ruhig ihm gegenüber und ließ ihre Freundin auch Platz nehmen.",
        "notiz": "Maupassant beschreibt von aussen das gesellige Verhalten der Frauen als sozialen Vorgang.",
        "ort": "Folies Bergère",
        "valenz": null,
        "intensitaet": 1,
        "gewichtete_valenz": null,
        "f_wert": null,
        "f_emotion": null,
        "raum_emotion": null,
        "route": null
      }
    },
    {
      "type": "Feature",
      "geometry": {
        "type": "Point",
        "coordinates": [
          2.3432,
          48.8744
        ]
      },
      "properties": {
        "id": 147,
        "zeile": 5,
        "tags": [
          "george_duroy",
          "mood",
          "koerper_als_akteur"
        ],
        "perspektive": "figur",
        "text": "Duroy wußte vor Verlegenheit nicht, was er sagen sollte. Er drehte an seinem wohlgepflegten Schnurrb",
        "notiz": "Duroy erlebt Verlegenheit als inneren Zustand, der sich körperlich im nervösen Drehen am Schnurrbart äussert.",
        "ort": "Folies Bergère",
        "valenz": -1,
        "intensitaet": 2,
        "gewichtete_valenz": -2,
        "f_wert": "ort_loest_emotion_aus",
        "f_emotion": "Verlegenheit",
        "raum_emotion": {
          "ort": "Folies Bergère",
          "emotion": "Verlegenheit",
          "richtung": "ort_loest_emotion_aus"
        },
        "route": null
      }
    },
    {
      "type": "Feature",
      "geometry": {
        "type": "Point",
        "coordinates": [
          2.3432,
          48.8744
        ]
      },
      "properties": {
        "id": 148,
        "zeile": 10,
        "tags": [
          "move"
        ],
        "perspektive": "erzaehler",
        "text": "Dann gingen sie fort, sich in den Hüften wiegend.",
        "notiz": "Maupassant beschreibt von aussen den abgehenden Gang der Frauen.",
        "ort": "Folies Bergère",
        "valenz": null,
        "intensitaet": null,
        "gewichtete_valenz": null,
        "f_wert": null,
        "f_emotion": null,
        "raum_emotion": null,
        "route": [
          [
            2.3432425,
            48.8740875
          ]
        ]
      }
    },
    {
      "type": "Feature",
      "geometry": {
        "type": "Point",
        "coordinates": [
          2.3432,
          48.8744
        ]
      },
      "properties": {
        "id": 149,
        "zeile": 16,
        "tags": [
          "location"
        ],
        "perspektive": "erzaehler",
        "text": "17 Rue Fontaine",
        "notiz": "Konkrete Ortsnennung als Verabredungsadresse, neutral vom Erzähler eingeführt.",
        "ort": "Folies Bergère",
        "valenz": null,
        "intensitaet": 1,
        "gewichtete_valenz": null,
        "f_wert": null,
        "f_emotion": null,
        "raum_emotion": null,
        "route": null
      }
    },
    {
      "type": "Feature",
      "geometry": {
        "type": "Point",
        "coordinates": [
          2.3432,
          48.8744
        ]
      },
      "properties": {
        "id": 150,
        "zeile": 18,
        "tags": [
          "move"
        ],
        "perspektive": "erzaehler",
        "text": "Sie drückten sich die Hände, und der Journalist ging fort.",
        "notiz": "Maupassant beschreibt von aussen Forestiers Abgang als neutralen Erzählerkommentar.",
        "ort": "Folies Bergère",
        "valenz": null,
        "intensitaet": null,
        "gewichtete_valenz": null,
        "f_wert": null,
        "f_emotion": null,
        "raum_emotion": null,
        "route": [
          [
            2.3432425,
            48.8740875
          ]
        ]
      }
    },
    {
      "type": "Feature",
      "geometry": {
        "type": "Point",
        "coordinates": [
          2.3432,
          48.8744
        ]
      },
      "properties": {
        "id": 151,
        "zeile": 19,
        "tags": [
          "george_duroy",
          "mood"
        ],
        "perspektive": "figur",
        "text": "Sobald er fort war, fühlte Duroy sich frei.",
        "notiz": "Duroy erlebt das Freisein als unmittelbare emotionale Erleichterung nach Forestiers Weggang.",
        "ort": "Folies Bergère",
        "valenz": 1,
        "intensitaet": 2,
        "gewichtete_valenz": 2,
        "f_wert": "ort_loest_emotion_aus",
        "f_emotion": "Freiheitsgefühl / Erleichterung",
        "raum_emotion": {
          "ort": "Folies Bergère",
          "emotion": "Freiheitsgefühl / Erleichterung",
          "richtung": "ort_loest_emotion_aus"
        },
        "route": null
      }
    },
    {
      "type": "Feature",
      "geometry": {
        "type": "Point",
        "coordinates": [
          2.3432,
          48.8744
        ]
      },
      "properties": {
        "id": 152,
        "zeile": 19,
        "tags": [
          "george_duroy",
          "mood",
          "social",
          "material"
        ],
        "perspektive": "figur",
        "text": "Er tastete vergnügt von neuem nach den beiden Goldstücken in seiner Westentasche.",
        "notiz": "Duroy spürt körperlich-vergnügt nach seinem Geld — soziale Lage und emotionaler Zustand verbinden sich in einer Geste.",
        "ort": "Folies Bergère",
        "valenz": 1,
        "intensitaet": 2,
        "gewichtete_valenz": 2,
        "f_wert": "koerper_als_sensor",
        "f_emotion": "Vergnügen, Erleichterung",
        "raum_emotion": {
          "ort": "Folies Bergère",
          "emotion": "Vergnügen, Erleichterung",
          "richtung": "koerper_als_sensor"
        },
        "route": null
      }
    },
    {
      "type": "Feature",
      "geometry": {
        "type": "Point",
        "coordinates": [
          2.3432,
          48.8744
        ]
      },
      "properties": {
        "id": 153,
        "zeile": 20,
        "tags": [
          "george_duroy",
          "move",
          "space"
        ],
        "perspektive": "figur",
        "text": "Dann erhob er sich und mischte sich unter die Menge, die er suchend durchforschte.",
        "notiz": "Duroy bewegt sich aktiv durch die Menge und nimmt den Raum gezielt suchend wahr.",
        "ort": "Folies Bergère",
        "valenz": null,
        "intensitaet": null,
        "gewichtete_valenz": null,
        "f_wert": "emotion_faerbt_raum",
        "f_emotion": "Neugier / Begehren",
        "raum_emotion": {
          "ort": "Folies Bergère",
          "emotion": "Neugier / Begehren",
          "richtung": "emotion_faerbt_raum"
        },
        "route": [
          [
            2.3432425,
            48.8740875
          ]
        ]
      }
    },
    {
      "type": "Feature",
      "geometry": {
        "type": "Point",
        "coordinates": [
          2.3432,
          48.8744
        ]
      },
      "properties": {
        "id": 154,
        "zeile": 21,
        "tags": [
          "george_duroy",
          "space",
          "social"
        ],
        "perspektive": "figur",
        "text": "Bald erblickte er die beiden Mädchen, die Brünette und die Rothaarige, die immer noch in stolzer Hal",
        "notiz": "Duroy nimmt die Mädchen aus seiner Perspektive wahr und beobachtet ihre soziale Haltung in der Menge.",
        "ort": "Folies Bergère",
        "valenz": 1,
        "intensitaet": 2,
        "gewichtete_valenz": 2,
        "f_wert": "emotion_faerbt_raum",
        "f_emotion": "Begehren / Bewunderung",
        "raum_emotion": {
          "ort": "Folies Bergère",
          "emotion": "Begehren / Bewunderung",
          "richtung": "emotion_faerbt_raum"
        },
        "route": null
      }
    },
    {
      "type": "Feature",
      "geometry": {
        "type": "Point",
        "coordinates": [
          2.3432,
          48.8744
        ]
      },
      "properties": {
        "id": 155,
        "zeile": 22,
        "tags": [
          "george_duroy",
          "move",
          "mood",
          "koerper_als_akteur"
        ],
        "perspektive": "figur",
        "text": "Er ging direkt auf sie zu. Als er ihnen ganz nahe war, verlor er wieder den Mut.",
        "notiz": "Duroys körperliche Annäherung scheitert an einem erneuten inneren Mutlosigkeitserleben.",
        "ort": "Folies Bergère",
        "valenz": null,
        "intensitaet": null,
        "gewichtete_valenz": null,
        "f_wert": "ort_loest_emotion_aus",
        "f_emotion": "Mutlosigkeit / Hemmung",
        "raum_emotion": {
          "ort": "Folies Bergère",
          "emotion": "Mutlosigkeit / Hemmung",
          "richtung": "ort_loest_emotion_aus"
        },
        "route": [
          [
            2.3432425,
            48.8740875
          ]
        ]
      }
    },
    {
      "type": "Feature",
      "geometry": {
        "type": "Point",
        "coordinates": [
          2.3432,
          48.8744
        ]
      },
      "properties": {
        "id": 156,
        "zeile": 1,
        "tags": [
          "george_duroy",
          "mood"
        ],
        "perspektive": "figur",
        "text": "Er zitterte vor Begierde",
        "notiz": "Duroy erlebt körperliches Begehren als inneren Zustand.",
        "ort": "Folies Bergère (Näherung)",
        "valenz": 1,
        "intensitaet": 2,
        "gewichtete_valenz": 2,
        "f_wert": "ort_loest_emotion_aus",
        "f_emotion": "Begierde",
        "raum_emotion": {
          "ort": "Folies Bergère (Näherung)",
          "emotion": "Begierde",
          "richtung": "ort_loest_emotion_aus"
        },
        "route": null
      }
    },
    {
      "type": "Feature",
      "geometry": {
        "type": "Point",
        "coordinates": [
          2.3432,
          48.8744
        ]
      },
      "properties": {
        "id": 157,
        "zeile": 1,
        "tags": [
          "george_duroy",
          "social"
        ],
        "perspektive": "figur",
        "text": "»Ja, aber ich habe nur ein Goldstück in der Tasche.«",
        "notiz": "Duroy reflektiert seine finanzielle Lage als inneres Erleben seiner sozialen Stellung.",
        "ort": "Folies Bergère (Näherung)",
        "valenz": -1,
        "intensitaet": 1,
        "gewichtete_valenz": -1,
        "f_wert": null,
        "f_emotion": null,
        "raum_emotion": null,
        "route": null
      }
    },
    {
      "type": "Feature",
      "geometry": {
        "type": "Point",
        "coordinates": [
          2.3432,
          48.8744
        ]
      },
      "properties": {
        "id": 158,
        "zeile": 1,
        "tags": [
          "space",
          "koerper_als_akteur"
        ],
        "perspektive": "erzaehler",
        "text": "Alle drei blieben stehen und hielten die Bewegung der Spaziergänger auf, die einen Wirbel um sie bil",
        "notiz": "Maupassant beschreibt von aussen, wie die drei Figuren den Passantenfluss blockieren und einen Wirbel erzeugen.",
        "ort": "Folies Bergère (Näherung)",
        "valenz": null,
        "intensitaet": 2,
        "gewichtete_valenz": null,
        "f_wert": null,
        "f_emotion": null,
        "raum_emotion": null,
        "route": null
      }
    },
    {
      "type": "Feature",
      "geometry": {
        "type": "Point",
        "coordinates": [
          2.3432,
          48.8744
        ]
      },
      "properties": {
        "id": 159,
        "zeile": 1,
        "tags": [
          "george_duroy",
          "move",
          "social"
        ],
        "perspektive": "figur",
        "text": "Als sie das Lokal verließen, überlegte er, daß er sich mit den andern zwanzig Francs ohne Schwierigk",
        "notiz": "Duroy verlässt das Lokal und denkt über seine finanzielle Lage und soziale Aufstiegsmöglichkeit nach.",
        "ort": "Folies Bergère (Näherung)",
        "valenz": null,
        "intensitaet": null,
        "gewichtete_valenz": null,
        "f_wert": null,
        "f_emotion": null,
        "raum_emotion": null,
        "route": null
      }
    }
  ]
}