{
  "type": "FeatureCollection",
  "features": [
    {
      "type": "Feature",
      "geometry": {
        "type": "Point",
        "coordinates": [
          2.2762,
          48.8638
        ]
      },
      "properties": {
        "id": 1,
        "zeile": 1,
        "tags": [
          "time"
        ],
        "perspektive": "erzaehler",
        "text": "So waren zwei Monate vergangen. Der September rückte heran",
        "notiz": "Neutrale Erzählerangabe über den Zeitraum und den herannahenden Monat September.",
        "ort": "unbestimmt",
        "valenz": null,
        "intensitaet": 1,
        "gewichtete_valenz": null,
        "f_wert": null,
        "f_emotion": null,
        "raum_emotion": null,
        "route": null
      }
    },
    {
      "type": "Feature",
      "geometry": {
        "type": "Point",
        "coordinates": [
          2.2762,
          48.8638
        ]
      },
      "properties": {
        "id": 2,
        "zeile": 1,
        "tags": [
          "mood",
          "time"
        ],
        "perspektive": "figur",
        "text": "das schnelle Glück, das Duroy erhofft hatte, schien nur sehr langsam heranzukommen",
        "notiz": "Duroy erlebt die Langsamkeit seines sozialen Aufstiegs als emotional belastend — Zeit wird als Ungeduld gefühlt.",
        "ort": "unbestimmt",
        "valenz": -1,
        "intensitaet": 2,
        "gewichtete_valenz": -2,
        "f_wert": "ort_loest_emotion_aus",
        "f_emotion": "Ungeduld, Enttäuschung",
        "raum_emotion": {
          "ort": "unbestimmt",
          "emotion": "Ungeduld, Enttäuschung",
          "richtung": "ort_loest_emotion_aus"
        },
        "route": null
      }
    },
    {
      "type": "Feature",
      "geometry": {
        "type": "Point",
        "coordinates": [
          2.2762,
          48.8638
        ]
      },
      "properties": {
        "id": 3,
        "zeile": 2,
        "tags": [
          "mood",
          "social",
          "george_duroy"
        ],
        "perspektive": "figur",
        "text": "Am meisten quälte ihn die gesellschaftliche Bedeutungslosigkeit seiner Stellung, und er sah keinen W",
        "notiz": "Duroy leidet innerlich unter seiner sozialen Marginalisierung und sehnt sich nach Ansehen, Macht und Geld.",
        "ort": "unbestimmt",
        "valenz": -1,
        "intensitaet": 3,
        "gewichtete_valenz": -3,
        "f_wert": "ort_loest_emotion_aus",
        "f_emotion": "Qual, Ehrgeiz, Frustration",
        "raum_emotion": {
          "ort": "unbestimmt",
          "emotion": "Qual, Ehrgeiz, Frustration",
          "richtung": "ort_loest_emotion_aus"
        },
        "route": null
      }
    },
    {
      "type": "Feature",
      "geometry": {
        "type": "Point",
        "coordinates": [
          2.2762,
          48.8638
        ]
      },
      "properties": {
        "id": 4,
        "zeile": 3,
        "tags": [
          "mood",
          "social",
          "space",
          "george_duroy"
        ],
        "perspektive": "figur",
        "text": "Der unbedeutende Beruf eines Reporters umfing ihn wie eine Fessel; er war darin wie vermauert und ko",
        "notiz": "Duroy erlebt seinen Beruf als räumliche Enge und Gefangenschaft — die Metapher der Fessel und des Vermauertseins erzeugt ein bedrückendes Raumgefühl.",
        "ort": "unbestimmt",
        "valenz": -1,
        "intensitaet": 3,
        "gewichtete_valenz": -3,
        "f_wert": "emotion_faerbt_raum",
        "f_emotion": "Beengtheit, Gefangenschaft",
        "raum_emotion": {
          "ort": "unbestimmt",
          "emotion": "Beengtheit, Gefangenschaft",
          "richtung": "emotion_faerbt_raum"
        },
        "route": null
      }
    },
    {
      "type": "Feature",
      "geometry": {
        "type": "Point",
        "coordinates": [
          2.2762,
          48.8638
        ]
      },
      "properties": {
        "id": 5,
        "zeile": 4,
        "tags": [
          "social"
        ],
        "perspektive": "erzaehler",
        "text": "Zwar achtete man seine Tüchtigkeit, aber man schätzte ihn nach seiner Stellung. Selbst Forestier, de",
        "notiz": "Maupassant beschreibt von aussen Duroys soziale Position als Untergebener, die durch Forestiers Verhalten sichtbar wird.",
        "ort": "unbestimmt",
        "valenz": null,
        "intensitaet": 2,
        "gewichtete_valenz": null,
        "f_wert": null,
        "f_emotion": null,
        "raum_emotion": null,
        "route": null
      }
    },
    {
      "type": "Feature",
      "geometry": {
        "type": "Point",
        "coordinates": [
          2.2762,
          48.8638
        ]
      },
      "properties": {
        "id": 6,
        "zeile": 5,
        "tags": [
          "social",
          "historical"
        ],
        "perspektive": "erzaehler",
        "text": "Freilich gelang es Duroy von Zeit zu Zeit, auch einen kleinen Artikel in seinem Blatte anzubringen, ",
        "notiz": "Maupassant beschreibt neutral Duroys berufliche Entwicklung als Reporter, mit Verweis auf seinen früheren Artikel über Algerien.",
        "ort": "unbestimmt",
        "valenz": null,
        "intensitaet": 2,
        "gewichtete_valenz": null,
        "f_wert": null,
        "f_emotion": null,
        "raum_emotion": null,
        "route": null
      }
    },
    {
      "type": "Feature",
      "geometry": {
        "type": "Point",
        "coordinates": [
          2.2762,
          48.8638
        ]
      },
      "properties": {
        "id": 7,
        "zeile": 6,
        "tags": [
          "location",
          "social"
        ],
        "perspektive": "erzaehler",
        "text": "einem selbstkutschierenden Herrn, der in den Avenues du Bois de Boulogne spazieren fährt",
        "notiz": "Maupassant nennt die Avenues du Bois de Boulogne als Ort des gehobenen gesellschaftlichen Lebens — sozialer Kontrast zu Duroys Stellung.",
        "ort": "Avenues du Bois de Boulogne, Paris",
        "valenz": null,
        "intensitaet": 1,
        "gewichtete_valenz": null,
        "f_wert": null,
        "f_emotion": null,
        "raum_emotion": null,
        "route": null
      }
    },
    {
      "type": "Feature",
      "geometry": {
        "type": "Point",
        "coordinates": [
          2.30355,
          48.8602
        ]
      },
      "properties": {
        "id": 8,
        "zeile": 7,
        "tags": [
          "mood",
          "social",
          "george_duroy"
        ],
        "perspektive": "figur",
        "text": "Was ihn besonders demütigte, war, daß ihm die Türen der Gesellschaft verschlossen blieben und daß er",
        "notiz": "Duroy erlebt Demütigung durch den verschlossenen Zugang zur höheren Gesellschaft und den Mangel an intimen Frauenbeziehungen.",
        "ort": "unbestimmt",
        "valenz": -1,
        "intensitaet": 3,
        "gewichtete_valenz": -3,
        "f_wert": "ort_loest_emotion_aus",
        "f_emotion": "Demütigung, Ausgeschlossenheit",
        "raum_emotion": {
          "ort": "gesellschaftliche Sphäre Paris",
          "emotion": "Demütigung, Ausgeschlossenheit",
          "richtung": "ort_loest_emotion_aus"
        },
        "route": null
      }
    },
    {
      "type": "Feature",
      "geometry": {
        "type": "Point",
        "coordinates": [
          2.30355,
          48.8602
        ]
      },
      "properties": {
        "id": 9,
        "zeile": 8,
        "tags": [
          "george_duroy",
          "mood",
          "social"
        ],
        "perspektive": "figur",
        "text": "Er wußte übrigens aus Erfahrung, daß alle Frauen, ob sie nun den guten oder schlechten Gesellschafts",
        "notiz": "Duroy reflektiert aus eigener Erfahrung über seine Wirkung auf Frauen aller gesellschaftlichen Schichten — Selbstwahrnehmung mit sozialem Bezug.",
        "ort": "unbestimmt",
        "valenz": 1,
        "intensitaet": 2,
        "gewichtete_valenz": 2,
        "f_wert": null,
        "f_emotion": null,
        "raum_emotion": null,
        "route": null
      }
    },
    {
      "type": "Feature",
      "geometry": {
        "type": "Point",
        "coordinates": [
          2.30355,
          48.8602
        ]
      },
      "properties": {
        "id": 10,
        "zeile": 1,
        "tags": [
          "george_duroy",
          "mood",
          "social"
        ],
        "perspektive": "figur",
        "text": "Die Tatsache jedoch, daß er gerade diese Wesen, von denen doch seine Zukunft abhängen konnte, nicht ",
        "notiz": "Duroy erlebt seine gesellschaftliche Isolation als emotionalen Druck und Ungeduld — sein sozialer Aufstieg ist blockiert.",
        "ort": "unspezifisch",
        "valenz": -1,
        "intensitaet": 2,
        "gewichtete_valenz": -2,
        "f_wert": null,
        "f_emotion": null,
        "raum_emotion": null,
        "route": null
      }
    },
    {
      "type": "Feature",
      "geometry": {
        "type": "Point",
        "coordinates": [
          2.30355,
          48.8602
        ]
      },
      "properties": {
        "id": 11,
        "zeile": 2,
        "tags": [
          "george_duroy",
          "mood",
          "location_erinnerung"
        ],
        "perspektive": "figur",
        "text": "Oft genug hatte er daran gedacht, Frau Forestier zu besuchen, doch die Erinnerung an die letzte Bege",
        "notiz": "Duroy erinnert sich schamvoll an eine frühere Begegnung mit Frau Forestier — die Erinnerung hemmt sein Handeln.",
        "ort": "Wohnung Forestier (nicht lokalisiert)",
        "valenz": -1,
        "intensitaet": 2,
        "gewichtete_valenz": -2,
        "f_wert": "ort_loest_emotion_aus",
        "f_emotion": "Demütigung, Hemmung",
        "raum_emotion": {
          "ort": "Wohnung Forestier",
          "emotion": "Demütigung, Hemmung",
          "richtung": "ort_loest_emotion_aus"
        },
        "route": null
      }
    },
    {
      "type": "Feature",
      "geometry": {
        "type": "Point",
        "coordinates": [
          2.30355,
          48.8602
        ]
      },
      "properties": {
        "id": 12,
        "zeile": 3,
        "tags": [
          "george_duroy",
          "move"
        ],
        "perspektive": "figur",
        "text": "So ging er eines Nachmittags, an dem er nichts anderes zu tun hatte, zu ihr hin.",
        "notiz": "Duroy begibt sich zu Madame de Marelle — Ortsveränderung aus seiner Perspektive.",
        "ort": "Weg zur Rue de Verneuil",
        "valenz": null,
        "intensitaet": null,
        "gewichtete_valenz": null,
        "f_wert": null,
        "f_emotion": null,
        "raum_emotion": null,
        "route": null
      }
    },
    {
      "type": "Feature",
      "geometry": {
        "type": "Point",
        "coordinates": [
          2.3309,
          48.8566
        ]
      },
      "properties": {
        "id": 13,
        "zeile": 4,
        "tags": [
          "time"
        ],
        "perspektive": "erzaehler",
        "text": "Um halb drei klingelte er an der Tür.",
        "notiz": "Neutrale Zeitangabe durch den Erzähler — Tageszeit ohne emotionalen Bezug.",
        "ort": "Rue de Verneuil, Paris (Näherung)",
        "valenz": null,
        "intensitaet": 1,
        "gewichtete_valenz": null,
        "f_wert": null,
        "f_emotion": null,
        "raum_emotion": null,
        "route": null
      }
    },
    {
      "type": "Feature",
      "geometry": {
        "type": "Point",
        "coordinates": [
          2.3309,
          48.8566
        ]
      },
      "properties": {
        "id": 14,
        "zeile": 5,
        "tags": [
          "location"
        ],
        "perspektive": "erzaehler",
        "text": "Sie wohnte Rue de Verneuil, im vierten Stock.",
        "notiz": "Konkrete Ortsangabe durch den Erzähler — Wohnadresse Madame de Marelles.",
        "ort": "Rue de Verneuil, Paris",
        "valenz": null,
        "intensitaet": 1,
        "gewichtete_valenz": null,
        "f_wert": null,
        "f_emotion": null,
        "raum_emotion": null,
        "route": null
      }
    },
    {
      "type": "Feature",
      "geometry": {
        "type": "Point",
        "coordinates": [
          2.3309,
          48.8566
        ]
      },
      "properties": {
        "id": 15,
        "zeile": 6,
        "tags": [
          "space",
          "social"
        ],
        "perspektive": "erzaehler",
        "text": "Das Zimmer war ziemlich groß, aber nicht reich möbliert und sah etwas verwahrlost aus.",
        "notiz": "Der Erzähler beschreibt den Salon als verwahrlost und sozial nicht dem Ideal einer eleganten Hausfrau entsprechend.",
        "ort": "Salon, Rue de Verneuil",
        "valenz": null,
        "intensitaet": 2,
        "gewichtete_valenz": null,
        "f_wert": null,
        "f_emotion": null,
        "raum_emotion": null,
        "route": null
      }
    },
    {
      "type": "Feature",
      "geometry": {
        "type": "Point",
        "coordinates": [
          2.3309,
          48.8566
        ]
      },
      "properties": {
        "id": 16,
        "zeile": 7,
        "tags": [
          "material",
          "social",
          "atmosphere"
        ],
        "perspektive": "erzaehler",
        "text": "Die alten abgenutzten Sessel standen an der Wand entlang, so wie sie das Dienstmädchen hatte stehen ",
        "notiz": "Der Erzähler beschreibt die Einrichtung als Zeichen sozialer Nachlässigkeit — fehlende häusliche Eleganz.",
        "ort": "Salon, Rue de Verneuil",
        "valenz": null,
        "intensitaet": 2,
        "gewichtete_valenz": null,
        "f_wert": null,
        "f_emotion": null,
        "raum_emotion": null,
        "route": null
      }
    },
    {
      "type": "Feature",
      "geometry": {
        "type": "Point",
        "coordinates": [
          2.3309,
          48.8566
        ]
      },
      "properties": {
        "id": 17,
        "zeile": 8,
        "tags": [
          "material",
          "social",
          "atmosphere"
        ],
        "perspektive": "erzaehler",
        "text": "Vier armselige Bilder, die einen Kahn auf dem Flusse, ein Schiff auf dem Meere, eine Mühle in einer ",
        "notiz": "Der Erzähler beschreibt die schlecht aufgehängten Bilder als Zeichen der Gleichgültigkeit der Bewohnerin gegenüber ihrem Zuhause.",
        "ort": "Salon, Rue de Verneuil",
        "valenz": null,
        "intensitaet": 2,
        "gewichtete_valenz": null,
        "f_wert": null,
        "f_emotion": null,
        "raum_emotion": null,
        "route": null
      }
    },
    {
      "type": "Feature",
      "geometry": {
        "type": "Point",
        "coordinates": [
          2.3309,
          48.8566
        ]
      },
      "properties": {
        "id": 18,
        "zeile": 9,
        "tags": [
          "atmosphere",
          "social"
        ],
        "perspektive": "erzaehler",
        "text": "Man erriet, daß sie wahrscheinlich schon lange so schief hingen unter den nachlässigen Augen der gle",
        "notiz": "Der Erzähler kommentiert die Nachlässigkeit der Bewohnerin als charakteristisches Merkmal ihrer Persönlichkeit.",
        "ort": "Salon, Rue de Verneuil",
        "valenz": null,
        "intensitaet": 2,
        "gewichtete_valenz": null,
        "f_wert": null,
        "f_emotion": null,
        "raum_emotion": null,
        "route": null
      }
    },
    {
      "type": "Feature",
      "geometry": {
        "type": "Point",
        "coordinates": [
          2.3309,
          48.8566
        ]
      },
      "properties": {
        "id": 19,
        "zeile": 10,
        "tags": [
          "george_duroy",
          "time",
          "mood"
        ],
        "perspektive": "figur",
        "text": "Duroy setzte sich und wartete. Er wartete lange.",
        "notiz": "Duroy wartet — das lange Warten wird als Erlebnis der Figur dargestellt, implizit mit Ungeduld verbunden.",
        "ort": "Salon, Rue de Verneuil",
        "valenz": -1,
        "intensitaet": 1,
        "gewichtete_valenz": -1,
        "f_wert": "ort_loest_emotion_aus",
        "f_emotion": "Ungeduld, Warten",
        "raum_emotion": {
          "ort": "Salon, Rue de Verneuil",
          "emotion": "Ungeduld, Warten",
          "richtung": "ort_loest_emotion_aus"
        },
        "route": null
      }
    },
    {
      "type": "Feature",
      "geometry": {
        "type": "Point",
        "coordinates": [
          2.3309,
          48.8566
        ]
      },
      "properties": {
        "id": 20,
        "zeile": 11,
        "tags": [
          "social",
          "material"
        ],
        "perspektive": "erzaehler",
        "text": "Endlich öffnete sich die Tür und Madame de Marelle trat eilig herein. Sie trug ein japanisches Morge",
        "notiz": "Der Erzähler beschreibt Madame de Marelles Erscheinen und ihr exotisch-dekoriertes Morgenkleid als sozialen Marker.",
        "ort": "Salon, Rue de Verneuil",
        "valenz": null,
        "intensitaet": 2,
        "gewichtete_valenz": null,
        "f_wert": null,
        "f_emotion": null,
        "raum_emotion": null,
        "route": null
      }
    },
    {
      "type": "Feature",
      "geometry": {
        "type": "Point",
        "coordinates": [
          2.33275,
          48.8681
        ]
      },
      "properties": {
        "id": 21,
        "zeile": 1,
        "tags": [
          "george_duroy",
          "social",
          "mood"
        ],
        "perspektive": "erzaehler",
        "text": "Mit strahlendem Gesicht streckte sie ihm beide Hände entgegen, und Duroy, dem die verwahrloste Einri",
        "notiz": "Duroys Selbstsicherheit wird durch die verwahrloste Einrichtung des Zimmers ausgelöst — sozialer Raum als emotionaler Auslöser.",
        "ort": "Zimmer einer Frau (nicht näher spezifiziert)",
        "valenz": null,
        "intensitaet": null,
        "gewichtete_valenz": null,
        "f_wert": "ort_loest_emotion_aus",
        "f_emotion": "Sicherheit, Selbstvertrauen",
        "raum_emotion": {
          "ort": "verwahrlostes Zimmer",
          "emotion": "Sicherheit, Selbstvertrauen",
          "richtung": "ort_loest_emotion_aus"
        },
        "route": null
      }
    },
    {
      "type": "Feature",
      "geometry": {
        "type": "Point",
        "coordinates": [
          2.33275,
          48.8681
        ]
      },
      "properties": {
        "id": 22,
        "zeile": 2,
        "tags": [
          "george_duroy",
          "space",
          "social",
          "mood"
        ],
        "perspektive": "figur",
        "text": "Duroy, dem die verwahrloste Einrichtung des Zimmers seine volle Sicherheit wiedergab",
        "notiz": "Duroy erlebt die ärmliche Raumqualität als sozial entlastend und gewinnt dadurch innere Sicherheit.",
        "ort": "Zimmer einer Frau (nicht näher spezifiziert)",
        "valenz": null,
        "intensitaet": null,
        "gewichtete_valenz": null,
        "f_wert": "ort_loest_emotion_aus",
        "f_emotion": "Sicherheit",
        "raum_emotion": {
          "ort": "verwahrlostes Zimmer",
          "emotion": "Sicherheit",
          "richtung": "ort_loest_emotion_aus"
        },
        "route": null
      }
    },
    {
      "type": "Feature",
      "geometry": {
        "type": "Point",
        "coordinates": [
          2.33275,
          48.8681
        ]
      },
      "properties": {
        "id": 23,
        "zeile": 3,
        "tags": [
          "atmosphere"
        ],
        "perspektive": "erzaehler",
        "text": "Damit begannen sie zu plaudern, als ob sie alte Bekannte wären. Und sie fühlten, wie zwischen ihnen ",
        "notiz": "Maupassant beschreibt von aussen die entstehende Vertrautheit zwischen den beiden Figuren.",
        "ort": "Zimmer einer Frau (nicht näher spezifiziert)",
        "valenz": 1,
        "intensitaet": 2,
        "gewichtete_valenz": 2,
        "f_wert": null,
        "f_emotion": null,
        "raum_emotion": null,
        "route": null
      }
    },
    {
      "type": "Feature",
      "geometry": {
        "type": "Point",
        "coordinates": [
          2.33275,
          48.8681
        ]
      },
      "properties": {
        "id": 24,
        "zeile": 4,
        "tags": [
          "george_duroy",
          "mood",
          "social",
          "material"
        ],
        "perspektive": "figur",
        "text": "Er fand sie höchst verführerisch in ihrem weichen, leuchtenden Gewand, vielleicht weniger zärtlich u",
        "notiz": "Duroy vergleicht die beiden Frauen aus seiner eigenen Perspektive und bewertet sie nach Erscheinung und erotischer Wirkung.",
        "ort": "Zimmer einer Frau (nicht näher spezifiziert)",
        "valenz": 1,
        "intensitaet": 2,
        "gewichtete_valenz": 2,
        "f_wert": null,
        "f_emotion": null,
        "raum_emotion": null,
        "route": null
      }
    },
    {
      "type": "Feature",
      "geometry": {
        "type": "Point",
        "coordinates": [
          2.33275,
          48.8681
        ]
      },
      "properties": {
        "id": 25,
        "zeile": 5,
        "tags": [
          "george_duroy",
          "mood",
          "smell",
          "material",
          "location_erinnerung"
        ],
        "perspektive": "figur",
        "text": "Bei Madame Forestier mit ihrem unveränderlichen, zärtlichen Lächeln, das gleichzeitig anzog und abst",
        "notiz": "Duroy erinnert sich an sein Erleben bei Madame Forestier — sinnliche Erinnerung mit erotischer Valenz, inklusive Geruchsempfindung.",
        "ort": "Wohnung Forestier (erinnert)",
        "valenz": 1,
        "intensitaet": 2,
        "gewichtete_valenz": 2,
        "f_wert": "ort_loest_emotion_aus",
        "f_emotion": "erotisches Begehren, Faszination",
        "raum_emotion": {
          "ort": "Wohnung Forestier (Erinnerung)",
          "emotion": "erotisches Begehren, Faszination",
          "richtung": "ort_loest_emotion_aus"
        },
        "route": null
      }
    },
    {
      "type": "Feature",
      "geometry": {
        "type": "Point",
        "coordinates": [
          2.33275,
          48.8681
        ]
      },
      "properties": {
        "id": 26,
        "zeile": 1,
        "tags": [
          "george_duroy",
          "mood",
          "koerper_als_akteur"
        ],
        "perspektive": "figur",
        "text": "Bei Madame de Marelle empfand er ein etwas brutaleres und bestimmteres Verlangen, eine Begierde, die",
        "notiz": "Duroy empfindet körperliches Begehren gegenüber Madame de Marelle — inneres Erleben mit somatischer Reaktion.",
        "ort": "Wohnung Madame de Marelle (unbekannte Adresse, Paris)",
        "valenz": 1,
        "intensitaet": 3,
        "gewichtete_valenz": 3,
        "f_wert": "ort_loest_emotion_aus",
        "f_emotion": "Begehren, körperliche Erregung",
        "raum_emotion": {
          "ort": "Wohnung Madame de Marelle",
          "emotion": "Begehren, körperliche Erregung",
          "richtung": "ort_loest_emotion_aus"
        },
        "route": null
      }
    },
    {
      "type": "Feature",
      "geometry": {
        "type": "Point",
        "coordinates": [
          2.33275,
          48.8681
        ]
      },
      "properties": {
        "id": 27,
        "zeile": 4,
        "tags": [
          "george_duroy",
          "mood",
          "social"
        ],
        "perspektive": "figur",
        "text": "Er hörte zu und dachte: »Das müßte man sich merken. Man könnte die hübschesten Feuilletons schreiben",
        "notiz": "Duroy erkennt den Nutzen von Madame de Marelles Geist für seine journalistische Karriere — strategisches Kalkül aus innerer Perspektive.",
        "ort": "Wohnung Madame de Marelle (unbekannte Adresse, Paris)",
        "valenz": 1,
        "intensitaet": 2,
        "gewichtete_valenz": 2,
        "f_wert": null,
        "f_emotion": null,
        "raum_emotion": null,
        "route": null
      }
    },
    {
      "type": "Feature",
      "geometry": {
        "type": "Point",
        "coordinates": [
          2.33275,
          48.8681
        ]
      },
      "properties": {
        "id": 28,
        "zeile": 14,
        "tags": [
          "time"
        ],
        "perspektive": "erzaehler",
        "text": "Die Uhr schlug drei. Der Journalist erhob sich.",
        "notiz": "Neutrale Zeitangabe durch den Erzähler — Uhrzeit markiert das Ende des Besuchs.",
        "ort": "Wohnung Madame de Marelle (unbekannte Adresse, Paris)",
        "valenz": null,
        "intensitaet": 1,
        "gewichtete_valenz": null,
        "f_wert": null,
        "f_emotion": null,
        "raum_emotion": null,
        "route": null
      }
    },
    {
      "type": "Feature",
      "geometry": {
        "type": "Point",
        "coordinates": [
          2.33275,
          48.8681
        ]
      },
      "properties": {
        "id": 29,
        "zeile": 20,
        "tags": [
          "george_duroy",
          "mood",
          "move"
        ],
        "perspektive": "figur",
        "text": "Und er ging, innerlich voller Hoffnung, ohne recht zu wissen, warum.",
        "notiz": "Duroy verlässt die Wohnung mit einem diffusen Hoffnungsgefühl — Bewegung verbunden mit innerer Stimmung.",
        "ort": "Wohnung Madame de Marelle (unbekannte Adresse, Paris)",
        "valenz": null,
        "intensitaet": null,
        "gewichtete_valenz": null,
        "f_wert": "ort_loest_emotion_aus",
        "f_emotion": "diffuse Hoffnung",
        "raum_emotion": {
          "ort": "Wohnung Madame de Marelle",
          "emotion": "diffuse Hoffnung",
          "richtung": "ort_loest_emotion_aus"
        },
        "route": null
      }
    },
    {
      "type": "Feature",
      "geometry": {
        "type": "Point",
        "coordinates": [
          2.33275,
          48.8681
        ]
      },
      "properties": {
        "id": 30,
        "zeile": 21,
        "tags": [
          "george_duroy",
          "mood",
          "time"
        ],
        "perspektive": "figur",
        "text": "Forestier sagte er nichts über diesen Besuch, aber die Erinnerung daran wich während des ganzen folg",
        "notiz": "Duroy erlebt die Nachwirkung des Besuchs als anhaltende emotionale Präsenz — Zeit wird als inneres Erleben gespürt.",
        "ort": "unspezifisch, Paris (folgender Tag)",
        "valenz": 1,
        "intensitaet": 2,
        "gewichtete_valenz": 2,
        "f_wert": "emotion_faerbt_raum",
        "f_emotion": "anhaltende Präsenz, Sehnsucht",
        "raum_emotion": {
          "ort": "unspezifisch",
          "emotion": "anhaltende Präsenz, Sehnsucht",
          "richtung": "emotion_faerbt_raum"
        },
        "route": null
      }
    },
    {
      "type": "Feature",
      "geometry": {
        "type": "Point",
        "coordinates": [
          2.33275,
          48.8681
        ]
      },
      "properties": {
        "id": 31,
        "zeile": 22,
        "tags": [
          "george_duroy",
          "mood",
          "koerper_als_akteur"
        ],
        "perspektive": "figur",
        "text": "Ihm war es, als hätte er einen Teil von ihr fortgetragen, als wäre das Bild ihres Körpers in seinen ",
        "notiz": "Duroy erlebt das körperliche und emotionale Nachhallen der Begegnung — das Bild der Frau ist in seinen Sinnen und Gefühlen verankert.",
        "ort": "unspezifisch, Paris (folgender Tag)",
        "valenz": 1,
        "intensitaet": 3,
        "gewichtete_valenz": 3,
        "f_wert": "koerper_als_sensor",
        "f_emotion": "körperliche Erinnerung, Begehren",
        "raum_emotion": {
          "ort": "unspezifisch",
          "emotion": "körperliche Erinnerung, Begehren",
          "richtung": "koerper_als_sensor"
        },
        "route": null
      }
    },
    {
      "type": "Feature",
      "geometry": {
        "type": "Point",
        "coordinates": [
          2.33275,
          48.8681
        ]
      },
      "properties": {
        "id": 32,
        "zeile": 1,
        "tags": [
          "george_duroy",
          "mood",
          "location_erinnerung"
        ],
        "perspektive": "figur",
        "text": "Und er blieb im Banne dieser Vorstellung, wie es manchmal geschieht, wenn man schöne Stunden mit ein",
        "notiz": "Duroy bleibt im Bann einer angenehmen Erinnerung an vergangene Stunden mit einer Person — innerer Gefühlszustand.",
        "ort": "unbestimmt",
        "valenz": 1,
        "intensitaet": 2,
        "gewichtete_valenz": 2,
        "f_wert": null,
        "f_emotion": null,
        "raum_emotion": null,
        "route": null
      }
    },
    {
      "type": "Feature",
      "geometry": {
        "type": "Point",
        "coordinates": [
          2.33275,
          48.8681
        ]
      },
      "properties": {
        "id": 33,
        "zeile": 4,
        "tags": [
          "time"
        ],
        "perspektive": "erzaehler",
        "text": "Nach ein paar Tagen wiederholte er seinen Besuch.",
        "notiz": "Neutrale Zeitangabe des Erzählers ohne emotionalen Bezug.",
        "ort": "unbestimmt",
        "valenz": null,
        "intensitaet": 1,
        "gewichtete_valenz": null,
        "f_wert": null,
        "f_emotion": null,
        "raum_emotion": null,
        "route": null
      }
    },
    {
      "type": "Feature",
      "geometry": {
        "type": "Point",
        "coordinates": [
          2.3346,
          48.8796
        ]
      },
      "properties": {
        "id": 34,
        "zeile": 5,
        "tags": [
          "location",
          "space"
        ],
        "perspektive": "erzaehler",
        "text": "Die Zofe führte ihn in den Salon und gleich darauf erschien Laurine.",
        "notiz": "Erzähler beschreibt den Empfang im Salon von aussen.",
        "ort": "Salon der Wohnung, Rue Notre-Dame de Lorette (Näherung)",
        "valenz": null,
        "intensitaet": 1,
        "gewichtete_valenz": null,
        "f_wert": null,
        "f_emotion": null,
        "raum_emotion": null,
        "route": null
      }
    },
    {
      "type": "Feature",
      "geometry": {
        "type": "Point",
        "coordinates": [
          2.3346,
          48.8796
        ]
      },
      "properties": {
        "id": 35,
        "zeile": 10,
        "tags": [
          "george_duroy",
          "mood"
        ],
        "perspektive": "figur",
        "text": "Duroy, dem das würdige Benehmen der Kleinen Spaß machte",
        "notiz": "Duroy erlebt Belustigung über das ernsthafte Auftreten des Kindes — innere Gefühlswahrnehmung.",
        "ort": "Salon der Wohnung, Rue Notre-Dame de Lorette (Näherung)",
        "valenz": 1,
        "intensitaet": 1,
        "gewichtete_valenz": 1,
        "f_wert": null,
        "f_emotion": null,
        "raum_emotion": null,
        "route": null
      }
    },
    {
      "type": "Feature",
      "geometry": {
        "type": "Point",
        "coordinates": [
          2.3346,
          48.8796
        ]
      },
      "properties": {
        "id": 36,
        "zeile": 22,
        "tags": [
          "move",
          "space"
        ],
        "perspektive": "erzaehler",
        "text": "Und er begann um den Tisch herumzulaufen; sie folgte ihm und lächelte, als täte sie das nur aus Höfl",
        "notiz": "Erzähler beschreibt Duroys Bewegung im Raum von aussen.",
        "ort": "Salon der Wohnung, Rue Notre-Dame de Lorette (Näherung)",
        "valenz": null,
        "intensitaet": null,
        "gewichtete_valenz": null,
        "f_wert": null,
        "f_emotion": null,
        "raum_emotion": null,
        "route": [
          [
            2.3347626,
            48.8793634
          ]
        ]
      }
    },
    {
      "type": "Feature",
      "geometry": {
        "type": "Point",
        "coordinates": [
          2.3346,
          48.8796
        ]
      },
      "properties": {
        "id": 37,
        "zeile": 24,
        "tags": [
          "move",
          "koerper_als_akteur",
          "space"
        ],
        "perspektive": "erzaehler",
        "text": "Er blieb stehen, duckte sich, und wenn sie mit ihrem kleinen, zögernden Schritt ankam, sprang er in ",
        "notiz": "Erzähler beschreibt Duroys körperliche Bewegungen im Raum von aussen.",
        "ort": "Salon der Wohnung, Rue Notre-Dame de Lorette (Näherung)",
        "valenz": null,
        "intensitaet": null,
        "gewichtete_valenz": null,
        "f_wert": null,
        "f_emotion": null,
        "raum_emotion": null,
        "route": [
          [
            2.3347626,
            48.8793634
          ]
        ]
      }
    },
    {
      "type": "Feature",
      "geometry": {
        "type": "Point",
        "coordinates": [
          2.3346,
          48.8796
        ]
      },
      "properties": {
        "id": 38,
        "zeile": 27,
        "tags": [
          "move",
          "koerper_als_akteur",
          "space"
        ],
        "perspektive": "erzaehler",
        "text": "Er schob die Stühle hin und her, um ihr Hindernisse in den Weg zu legen.",
        "notiz": "Erzähler beschreibt, wie Duroy den Raum durch Möbelrücken aktiv umgestaltet.",
        "ort": "Salon der Wohnung, Rue Notre-Dame de Lorette (Näherung)",
        "valenz": null,
        "intensitaet": null,
        "gewichtete_valenz": null,
        "f_wert": null,
        "f_emotion": null,
        "raum_emotion": null,
        "route": [
          [
            2.3347626,
            48.8793634
          ],
          [
            2.3347262,
            48.8793518
          ],
          [
            2.3339048,
            48.8795189
          ],
          [
            2.3338764,
            48.8794949
          ],
          [
            2.333784,
            48.8795143
          ],
          [
            2.3337234,
            48.879466
          ],
          [
            2.3336673,
            48.8794799
          ],
          [
            2.3319666,
            48.8779731
          ],
          [
            2.3319312,
            48.8779743
          ],
          [
            2.3318419,
            48.8779392
          ],
          [
            2.3318752,
            48.8778277
          ],
          [
            2.3315969,
            48.877774
          ],
          [
            2.330507,
            48.877577
          ],
          [
            2.3304966,
            48.8775945
          ],
          [
            2.3302011,
            48.8781038
          ],
          [
            2.330088,
            48.8780707
          ],
          [
            2.3300614,
            48.8780839
          ],
          [
            2.3271897,
            48.8778616
          ],
          [
            2.3270585,
            48.8779609
          ],
          [
            2.3270084,
            48.8779928
          ],
          [
            2.3268883,
            48.877996
          ],
          [
            2.3268227,
            48.8779504
          ],
          [
            2.3263374,
            48.8781021
          ],
          [
            2.3262622,
            48.8780111
          ],
          [
            2.3259131,
            48.8781253
          ],
          [
            2.3258874,
            48.8780874
          ],
          [
            2.3257736,
            48.8779507
          ],
          [
            2.3257265,
            48.8779362
          ],
          [
            2.3256107,
            48.8779008
          ],
          [
            2.3253831,
            48.8778207
          ],
          [
            2.3253343,
            48.877802
          ],
          [
            2.3252603,
            48.8777734
          ],
          [
            2.3251797,
            48.877742
          ],
          [
            2.3250881,
            48.877706
          ],
          [
            2.3250589,
            48.8776938
          ],
          [
            2.3249621,
            48.8776535
          ],
          [
            2.3248223,
            48.8775992
          ],
          [
            2.3246293,
            48.8775243
          ],
          [
            2.3245592,
            48.8776298
          ],
          [
            2.3238495,
            48.8783959
          ]
        ]
      }
    },
    {
      "type": "Feature",
      "geometry": {
        "type": "Point",
        "coordinates": [
          2.33505,
          48.87565
        ]
      },
      "properties": {
        "id": 39,
        "zeile": 1,
        "tags": [
          "george_duroy",
          "move"
        ],
        "perspektive": "erzaehler",
        "text": "Bald ließ er sie eine Minute lang um einen und denselben Stuhl herumlaufen, bald sprang er von einem",
        "notiz": "Maupassant beschreibt Duroys Bewegung im Spiel mit Laurine von aussen.",
        "ort": "Wohnung Madame de Marelle (Paris, unspezifisch)",
        "valenz": null,
        "intensitaet": null,
        "gewichtete_valenz": null,
        "f_wert": null,
        "f_emotion": null,
        "raum_emotion": null,
        "route": null
      }
    },
    {
      "type": "Feature",
      "geometry": {
        "type": "Point",
        "coordinates": [
          2.33505,
          48.87565
        ]
      },
      "properties": {
        "id": 40,
        "zeile": 2,
        "tags": [
          "atmosphere",
          "social"
        ],
        "perspektive": "erzaehler",
        "text": "Laurine lief jetzt richtig und gab sich ganz dem Vergnügen dieses Spieles hin. Mit rosigem Gesichtch",
        "notiz": "Maupassant beschreibt die spielerische Atmosphäre von aussen, Duroy als Spielgefährte Laurines.",
        "ort": "Wohnung Madame de Marelle (Paris, unspezifisch)",
        "valenz": null,
        "intensitaet": 2,
        "gewichtete_valenz": null,
        "f_wert": "ort_loest_emotion_aus",
        "f_emotion": "Verspieltheit, kindliche Freude",
        "raum_emotion": {
          "ort": "Wohnung Madame de Marelle",
          "emotion": "Verspieltheit, kindliche Freude",
          "richtung": "ort_loest_emotion_aus"
        },
        "route": null
      }
    },
    {
      "type": "Feature",
      "geometry": {
        "type": "Point",
        "coordinates": [
          2.33505,
          48.87565
        ]
      },
      "properties": {
        "id": 41,
        "zeile": 3,
        "tags": [
          "george_duroy",
          "koerper_als_akteur"
        ],
        "perspektive": "erzaehler",
        "text": "da ergriff er sie mit beiden Armen, hob sie bis zur Decke empor und rief: »Gefangen, gefangen!«",
        "notiz": "Maupassant beschreibt Duroys körperliche Handlung im Spiel von aussen.",
        "ort": "Wohnung Madame de Marelle (Paris, unspezifisch)",
        "valenz": null,
        "intensitaet": null,
        "gewichtete_valenz": null,
        "f_wert": null,
        "f_emotion": null,
        "raum_emotion": null,
        "route": null
      }
    },
    {
      "type": "Feature",
      "geometry": {
        "type": "Point",
        "coordinates": [
          2.33505,
          48.87565
        ]
      },
      "properties": {
        "id": 42,
        "zeile": 4,
        "tags": [
          "atmosphere"
        ],
        "perspektive": "erzaehler",
        "text": "Als Madame de Marelle eintrat, war sie verblüfft:",
        "notiz": "Erzähler schildert den Moment des Eintretens und die Reaktion Madame de Marelles von aussen.",
        "ort": "Wohnung Madame de Marelle (Paris, unspezifisch)",
        "valenz": null,
        "intensitaet": 1,
        "gewichtete_valenz": null,
        "f_wert": null,
        "f_emotion": null,
        "raum_emotion": null,
        "route": null
      }
    },
    {
      "type": "Feature",
      "geometry": {
        "type": "Point",
        "coordinates": [
          2.33505,
          48.87565
        ]
      },
      "properties": {
        "id": 43,
        "zeile": 5,
        "tags": [
          "george_duroy",
          "social"
        ],
        "perspektive": "erzaehler",
        "text": "Er setzte die Kleine wieder zu Boden und küßte der Mutter die Hand. Sie setzten sich, die Kleine saß",
        "notiz": "Maupassant beschreibt Duroys höfliche Geste und die Sitzordnung von aussen als sozialen Vorgang.",
        "ort": "Wohnung Madame de Marelle (Paris, unspezifisch)",
        "valenz": null,
        "intensitaet": 1,
        "gewichtete_valenz": null,
        "f_wert": null,
        "f_emotion": null,
        "raum_emotion": null,
        "route": null
      }
    },
    {
      "type": "Feature",
      "geometry": {
        "type": "Point",
        "coordinates": [
          2.33505,
          48.87565
        ]
      },
      "properties": {
        "id": 44,
        "zeile": 6,
        "tags": [
          "atmosphere",
          "sound"
        ],
        "perspektive": "erzaehler",
        "text": "Sie wollten plaudern, aber Laurine, die sonst immer schwieg, war wie berauscht und schwatzte unaufhö",
        "notiz": "Erzähler beschreibt die Gesprächsatmosphäre und Laurines Verhalten als Kulisse von aussen.",
        "ort": "Wohnung Madame de Marelle (Paris, unspezifisch)",
        "valenz": null,
        "intensitaet": 2,
        "gewichtete_valenz": null,
        "f_wert": null,
        "f_emotion": null,
        "raum_emotion": null,
        "route": null
      }
    },
    {
      "type": "Feature",
      "geometry": {
        "type": "Point",
        "coordinates": [
          2.3355,
          48.8717
        ]
      },
      "properties": {
        "id": 45,
        "zeile": 7,
        "tags": [
          "location"
        ],
        "perspektive": "erzaehler",
        "text": "Sie fassen es also nicht falsch auf, wenn ich Sie bitte, am Sonnabend um acht im Café Riche zu speis",
        "notiz": "Madame de Marelle nennt das Café Riche als konkreten Treffpunkt — Ortsnennung für Geo-Verknüpfung.",
        "ort": "Café Riche, Boulevard des Capucines, Paris",
        "valenz": null,
        "intensitaet": 1,
        "gewichtete_valenz": null,
        "f_wert": null,
        "f_emotion": null,
        "raum_emotion": null,
        "route": null
      }
    },
    {
      "type": "Feature",
      "geometry": {
        "type": "Point",
        "coordinates": [
          2.3411,
          48.87195
        ]
      },
      "properties": {
        "id": 46,
        "zeile": 1,
        "tags": [
          "george_duroy",
          "mood"
        ],
        "perspektive": "figur",
        "text": "Er nahm die Einladung erfreut an",
        "notiz": "Duroy nimmt die Einladung freudig an — positiver innerer Zustand.",
        "ort": "unbekannt",
        "valenz": 1,
        "intensitaet": 1,
        "gewichtete_valenz": 1,
        "f_wert": null,
        "f_emotion": null,
        "raum_emotion": null,
        "route": null
      }
    },
    {
      "type": "Feature",
      "geometry": {
        "type": "Point",
        "coordinates": [
          2.3411,
          48.87195
        ]
      },
      "properties": {
        "id": 47,
        "zeile": 3,
        "tags": [
          "social",
          "material"
        ],
        "perspektive": "erzaehler",
        "text": "Sie trug ein dunkelblaues Kleid, das ihre Taille, ihre Hüften, ihre Brust und ihre Arme in aufreizen",
        "notiz": "Maupassant beschreibt die Kleidung der Frau von aussen als sozialen und sinnlichen Marker.",
        "ort": "Wohnung der Frau",
        "valenz": null,
        "intensitaet": 2,
        "gewichtete_valenz": null,
        "f_wert": null,
        "f_emotion": null,
        "raum_emotion": null,
        "route": null
      }
    },
    {
      "type": "Feature",
      "geometry": {
        "type": "Point",
        "coordinates": [
          2.3411,
          48.87195
        ]
      },
      "properties": {
        "id": 48,
        "zeile": 3,
        "tags": [
          "george_duroy",
          "mood",
          "social",
          "space"
        ],
        "perspektive": "figur",
        "text": "Duroy fühlte ein verwirrtes Erstaunen, ja fast eine Verlegenheit, deren Grund er sich nicht erklären",
        "notiz": "Duroy erlebt Verwirrung und Verlegenheit angesichts des Kontrasts zwischen gepflegter Kleidung und verwahrlostem Wohnraum.",
        "ort": "Wohnung der Frau",
        "valenz": -1,
        "intensitaet": 2,
        "gewichtete_valenz": -2,
        "f_wert": "ort_loest_emotion_aus",
        "f_emotion": "Verwirrtes Erstaunen, Verlegenheit",
        "raum_emotion": {
          "ort": "Wohnung der Frau",
          "emotion": "Verwirrtes Erstaunen, Verlegenheit",
          "richtung": "ort_loest_emotion_aus"
        },
        "route": null
      }
    },
    {
      "type": "Feature",
      "geometry": {
        "type": "Point",
        "coordinates": [
          2.3411,
          48.87195
        ]
      },
      "properties": {
        "id": 49,
        "zeile": 4,
        "tags": [
          "social",
          "space",
          "material"
        ],
        "perspektive": "erzaehler",
        "text": "Alles, was ihren Körper umgab, was sie unmittelbar berührte, war fein, zart und peinlich sauber, abe",
        "notiz": "Maupassant beschreibt von aussen den Widerspruch zwischen persönlicher Pflege und vernachlässigter Umgebung.",
        "ort": "Wohnung der Frau",
        "valenz": null,
        "intensitaet": 2,
        "gewichtete_valenz": null,
        "f_wert": null,
        "f_emotion": null,
        "raum_emotion": null,
        "route": null
      }
    },
    {
      "type": "Feature",
      "geometry": {
        "type": "Point",
        "coordinates": [
          2.3411,
          48.87195
        ]
      },
      "properties": {
        "id": 50,
        "zeile": 5,
        "tags": [
          "george_duroy",
          "mood",
          "move"
        ],
        "perspektive": "figur",
        "text": "Er verließ sie und bewahrte noch stärker als das erstemal das Gefühl ihrer fortdauernden Gegenwart i",
        "notiz": "Duroy verlässt die Frau, ist aber körperlich-sinnlich von ihr durchdrungen — ein Fieberzustand der Sinne.",
        "ort": "Wohnung der Frau",
        "valenz": null,
        "intensitaet": null,
        "gewichtete_valenz": null,
        "f_wert": "ort_loest_emotion_aus",
        "f_emotion": "Fieberwahn der Sinne",
        "raum_emotion": {
          "ort": "Wohnung der Frau",
          "emotion": "Fieberwahn der Sinne",
          "richtung": "ort_loest_emotion_aus"
        },
        "route": null
      }
    },
    {
      "type": "Feature",
      "geometry": {
        "type": "Point",
        "coordinates": [
          2.3411,
          48.87195
        ]
      },
      "properties": {
        "id": 51,
        "zeile": 5,
        "tags": [
          "george_duroy",
          "mood",
          "time"
        ],
        "perspektive": "figur",
        "text": "Er wartete mit wachsender Ungeduld auf den verabredeten Tag.",
        "notiz": "Duroy erlebt das Warten emotional — Zeit wird als Ungeduld gefühlt.",
        "ort": "unbekannt",
        "valenz": 1,
        "intensitaet": 2,
        "gewichtete_valenz": 2,
        "f_wert": null,
        "f_emotion": null,
        "raum_emotion": null,
        "route": null
      }
    },
    {
      "type": "Feature",
      "geometry": {
        "type": "Point",
        "coordinates": [
          2.3411,
          48.87195
        ]
      },
      "properties": {
        "id": 52,
        "zeile": 6,
        "tags": [
          "george_duroy",
          "social"
        ],
        "perspektive": "figur",
        "text": "Er lieh sich zum zweiten Male einen Frackanzug, da seine Mittel ihm noch immer nicht erlaubten, eine",
        "notiz": "Duroys finanzielle Not zwingt ihn zum Leihen eines Frackanzugs — innere Erfahrung sozialer Einschränkung.",
        "ort": "unbekannt",
        "valenz": -1,
        "intensitaet": 2,
        "gewichtete_valenz": -2,
        "f_wert": null,
        "f_emotion": null,
        "raum_emotion": null,
        "route": null
      }
    },
    {
      "type": "Feature",
      "geometry": {
        "type": "Point",
        "coordinates": [
          2.3411,
          48.87195
        ]
      },
      "properties": {
        "id": 53,
        "zeile": 6,
        "tags": [
          "time"
        ],
        "perspektive": "erzaehler",
        "text": "Er erschien als erster einige Minuten vor der Zeit.",
        "notiz": "Maupassant notiert neutral Duroys frühes Erscheinen als Erzählerangabe.",
        "ort": "Restaurant",
        "valenz": null,
        "intensitaet": 1,
        "gewichtete_valenz": null,
        "f_wert": null,
        "f_emotion": null,
        "raum_emotion": null,
        "route": null
      }
    },
    {
      "type": "Feature",
      "geometry": {
        "type": "Point",
        "coordinates": [
          2.3467,
          48.8722
        ]
      },
      "properties": {
        "id": 54,
        "zeile": 7,
        "tags": [
          "location",
          "space"
        ],
        "perspektive": "erzaehler",
        "text": "Man ließ ihn zum zweiten Stockwerk hinaufsteigen und führte ihn in einen kleinen, rot tapezierten Sa",
        "notiz": "Maupassant beschreibt Duroys Weg in den Sepsalon des Restaurants mit Blick auf den Boulevard.",
        "ort": "Restaurant-Separé, Boulevard Poissonière (Näherung)",
        "valenz": null,
        "intensitaet": 2,
        "gewichtete_valenz": null,
        "f_wert": null,
        "f_emotion": null,
        "raum_emotion": null,
        "route": null
      }
    },
    {
      "type": "Feature",
      "geometry": {
        "type": "Point",
        "coordinates": [
          2.3467,
          48.8722
        ]
      },
      "properties": {
        "id": 55,
        "zeile": 8,
        "tags": [
          "material",
          "atmosphere",
          "social"
        ],
        "perspektive": "erzaehler",
        "text": "Auf einem viereckigen Tisch mit blendend weißem Tischtuch waren vier Kuverts gedeckt, und die Gläser",
        "notiz": "Maupassant beschreibt von aussen die festliche, elegante Tischdeckung des Separés.",
        "ort": "Restaurant-Separé, Boulevard Poissonière (Näherung)",
        "valenz": null,
        "intensitaet": 2,
        "gewichtete_valenz": null,
        "f_wert": null,
        "f_emotion": null,
        "raum_emotion": null,
        "route": null
      }
    },
    {
      "type": "Feature",
      "geometry": {
        "type": "Point",
        "coordinates": [
          2.3467,
          48.8722
        ]
      },
      "properties": {
        "id": 56,
        "zeile": 9,
        "tags": [
          "space",
          "atmosphere"
        ],
        "perspektive": "erzaehler",
        "text": "Vor dem Fenster sah man einen sehr großen, hellgrünen Fleck, der von den Baumblättern herrührte, auf",
        "notiz": "Maupassant beschreibt atmosphärisch den Blick aus dem Fenster auf die beleuchteten Bäume.",
        "ort": "Restaurant-Separé mit Blick auf Boulevard, Boulevard Poissonière (Näherung)",
        "valenz": null,
        "intensitaet": 2,
        "gewichtete_valenz": null,
        "f_wert": null,
        "f_emotion": null,
        "raum_emotion": null,
        "route": null
      }
    },
    {
      "type": "Feature",
      "geometry": {
        "type": "Point",
        "coordinates": [
          2.3467,
          48.8722
        ]
      },
      "properties": {
        "id": 57,
        "zeile": 10,
        "tags": [
          "george_duroy",
          "material",
          "koerper_als_akteur",
          "space"
        ],
        "perspektive": "figur",
        "text": "Duroy setzte sich auf ein niedriges Sofa, das ebenso rot war wie die Tapete. Die abgenutzten Federn ",
        "notiz": "Duroy erlebt körperlich das Einsinken in das abgenutzte Sofa — der Raum wirkt auf seinen Körper ein.",
        "ort": "Restaurant-Separé, Boulevard Poissonière (Näherung)",
        "valenz": null,
        "intensitaet": null,
        "gewichtete_valenz": null,
        "f_wert": "ort_loest_emotion_aus",
        "f_emotion": "Gefühl des Sturzes, Bodenlosigkeit",
        "raum_emotion": {
          "ort": "Separé im Restaurant",
          "emotion": "Gefühl des Sturzes, Bodenlosigkeit",
          "richtung": "ort_loest_emotion_aus"
        },
        "route": null
      }
    },
    {
      "type": "Feature",
      "geometry": {
        "type": "Point",
        "coordinates": [
          2.3353,
          48.8753
        ]
      },
      "properties": {
        "id": 58,
        "zeile": 1,
        "tags": [
          "george_duroy",
          "sound",
          "space"
        ],
        "perspektive": "figur",
        "text": "In dem ganzen, großen Gebäude vernahm er ein verworrenes Getöse, das Geräusch der großen Restaurants",
        "notiz": "Duroy nimmt aktiv das akustische Treiben des Restaurants wahr — Getöse, Klingen, Schritte, Türknarren.",
        "ort": "Privates Separée-Restaurant (nicht näher spezifiziert)",
        "valenz": 0,
        "intensitaet": 2,
        "gewichtete_valenz": 0,
        "f_wert": "ort_loest_emotion_aus",
        "f_emotion": "sensorische Überwältigung durch Lärm",
        "raum_emotion": {
          "ort": "Restaurant/Separée",
          "emotion": "sensorische Überwältigung durch Lärm",
          "richtung": "ort_loest_emotion_aus"
        },
        "route": null
      }
    },
    {
      "type": "Feature",
      "geometry": {
        "type": "Point",
        "coordinates": [
          2.3353,
          48.8753
        ]
      },
      "properties": {
        "id": 59,
        "zeile": 1,
        "tags": [
          "location",
          "space"
        ],
        "perspektive": "erzaehler",
        "text": "In dem ganzen, großen Gebäude",
        "notiz": "Maupassant situiert die Szene in einem großen Restaurantgebäude — neutrale Ortsangabe.",
        "ort": "Großes Restaurant-Gebäude (nicht spezifiziert)",
        "valenz": null,
        "intensitaet": 1,
        "gewichtete_valenz": null,
        "f_wert": null,
        "f_emotion": null,
        "raum_emotion": null,
        "route": null
      }
    },
    {
      "type": "Feature",
      "geometry": {
        "type": "Point",
        "coordinates": [
          2.3353,
          48.8753
        ]
      },
      "properties": {
        "id": 60,
        "zeile": 1,
        "tags": [
          "space",
          "sound"
        ],
        "perspektive": "erzaehler",
        "text": "den Stimmenlärm aller Insassen der engen Salons",
        "notiz": "Maupassant beschreibt die räumliche Enge der Salons als atmosphärische Kulisse.",
        "ort": "Separée-Salons im Restaurant",
        "valenz": null,
        "intensitaet": 1,
        "gewichtete_valenz": null,
        "f_wert": null,
        "f_emotion": null,
        "raum_emotion": null,
        "route": null
      }
    },
    {
      "type": "Feature",
      "geometry": {
        "type": "Point",
        "coordinates": [
          2.3353,
          48.8753
        ]
      },
      "properties": {
        "id": 61,
        "zeile": 3,
        "tags": [
          "location",
          "social"
        ],
        "perspektive": "erzaehler",
        "text": "Nach einer Weile kam Forestier und drückte ihm die Hand mit einer herzlichen Vertraulichkeit, wie er",
        "notiz": "Maupassant vergleicht Forestiers Verhalten im Restaurant mit seinem Auftreten in der Redaktion der Vie Française — neutrale Ortsreferenz.",
        "ort": "La Vie Française (Redaktion)",
        "valenz": null,
        "intensitaet": 2,
        "gewichtete_valenz": null,
        "f_wert": null,
        "f_emotion": null,
        "raum_emotion": null,
        "route": null
      }
    },
    {
      "type": "Feature",
      "geometry": {
        "type": "Point",
        "coordinates": [
          2.3353,
          48.8753
        ]
      },
      "properties": {
        "id": 62,
        "zeile": 6,
        "tags": [
          "atmosphere",
          "social"
        ],
        "perspektive": "erzaehler",
        "text": "Die Tür ging auf und die beiden Frauen erschienen, gefolgt von dem Oberkellner. Sie waren verschleie",
        "notiz": "Maupassant beschreibt von aussen die geheimnisvolle Atmosphäre, die Frauen an halbweltlichen Orten ausstrahlen.",
        "ort": "Privates Restaurant-Separée",
        "valenz": 1,
        "intensitaet": 2,
        "gewichtete_valenz": 2,
        "f_wert": "ort_loest_emotion_aus",
        "f_emotion": "geheimnisvolle, leicht anrüchige Atmosphäre",
        "raum_emotion": {
          "ort": "Privates Restaurant-Separée",
          "emotion": "geheimnisvolle, leicht anrüchige Atmosphäre",
          "richtung": "ort_loest_emotion_aus"
        },
        "route": null
      }
    },
    {
      "type": "Feature",
      "geometry": {
        "type": "Point",
        "coordinates": [
          2.3353,
          48.8753
        ]
      },
      "properties": {
        "id": 63,
        "zeile": 7,
        "tags": [
          "george_duroy",
          "social"
        ],
        "perspektive": "figur",
        "text": "Als Duroy Madame Forestier begrüßte, machte sie ihm heftige Vorwürfe, warum er sie nicht besucht hät",
        "notiz": "Duroy agiert im sozialen Raum des Dinners und wird mit Vorwürfen konfrontiert.",
        "ort": "Privates Restaurant-Separée",
        "valenz": null,
        "intensitaet": null,
        "gewichtete_valenz": null,
        "f_wert": null,
        "f_emotion": null,
        "raum_emotion": null,
        "route": null
      }
    },
    {
      "type": "Feature",
      "geometry": {
        "type": "Point",
        "coordinates": [
          2.3353,
          48.8753
        ]
      },
      "properties": {
        "id": 64,
        "zeile": 1,
        "tags": [
          "george_duroy"
        ],
        "perspektive": "erzaehler",
        "text": "Er stand auf, machte auch den zweiten Fensterflügel zu und setzte sich dann beruhigt und vergnügt wi",
        "notiz": "Maupassant beschreibt Forestiers Handlung von aussen — Duroy ist zwar anwesend, handelnde Figur ist hier Forestier.",
        "ort": "Restaurant-Separé, Paris (unspezifisch)",
        "valenz": null,
        "intensitaet": null,
        "gewichtete_valenz": null,
        "f_wert": null,
        "f_emotion": null,
        "raum_emotion": null,
        "route": null
      }
    },
    {
      "type": "Feature",
      "geometry": {
        "type": "Point",
        "coordinates": [
          2.3353,
          48.8753
        ]
      },
      "properties": {
        "id": 65,
        "zeile": 2,
        "tags": [
          "social",
          "atmosphere"
        ],
        "perspektive": "erzaehler",
        "text": "Seine Frau sagte nichts; ihre Gedanken schienen ganz woanders zu sein. Ihre Augen waren gesenkt, ihr",
        "notiz": "Erzähler beschreibt Madame Forestiers Haltung und Mimik von aussen als soziale und atmosphärische Beobachtung.",
        "ort": "Restaurant-Separé, Paris (unspezifisch)",
        "valenz": 0,
        "intensitaet": 2,
        "gewichtete_valenz": 0,
        "f_wert": null,
        "f_emotion": null,
        "raum_emotion": null,
        "route": null
      }
    },
    {
      "type": "Feature",
      "geometry": {
        "type": "Point",
        "coordinates": [
          2.3353,
          48.8753
        ]
      },
      "properties": {
        "id": 66,
        "zeile": 3,
        "tags": [
          "material",
          "social"
        ],
        "perspektive": "erzaehler",
        "text": "Es wurden Ostender Austern serviert. Sie waren klein und fett, sie sahen in ihren Schalen wie Ohren ",
        "notiz": "Erzähler beschreibt die Austern mit sensorisch-materieller Qualität als Kulisse des gehobenen Diners.",
        "ort": "Restaurant-Separé, Paris (unspezifisch)",
        "valenz": null,
        "intensitaet": 2,
        "gewichtete_valenz": null,
        "f_wert": null,
        "f_emotion": null,
        "raum_emotion": null,
        "route": null
      }
    },
    {
      "type": "Feature",
      "geometry": {
        "type": "Point",
        "coordinates": [
          2.3353,
          48.8753
        ]
      },
      "properties": {
        "id": 67,
        "zeile": 4,
        "tags": [
          "material",
          "atmosphere"
        ],
        "perspektive": "erzaehler",
        "text": "Nach der Suppe gab es Lachsforelle, rosig wie das Fleisch eines jungen Mädchens, und nun begann die ",
        "notiz": "Erzähler beschreibt den Fortgang des Menüs und den Gesprächsverlauf als atmosphärische Rahmung des Abends.",
        "ort": "Restaurant-Separé, Paris (unspezifisch)",
        "valenz": null,
        "intensitaet": 2,
        "gewichtete_valenz": null,
        "f_wert": null,
        "f_emotion": null,
        "raum_emotion": null,
        "route": null
      }
    },
    {
      "type": "Feature",
      "geometry": {
        "type": "Point",
        "coordinates": [
          2.3353,
          48.8753
        ]
      },
      "properties": {
        "id": 68,
        "zeile": 5,
        "tags": [
          "social",
          "atmosphere"
        ],
        "perspektive": "erzaehler",
        "text": "Man sprach zuerst über einen Stadtklatsch, der damals überall besprochen wurde; es war die Geschicht",
        "notiz": "Erzähler schildert den gesellschaftlichen Klatsch als Spiegel der sozialen Verhältnisse der Pariser Oberschicht.",
        "ort": "Paris (allgemein, gesellschaftliches Milieu)",
        "valenz": 0,
        "intensitaet": 2,
        "gewichtete_valenz": 0,
        "f_wert": null,
        "f_emotion": null,
        "raum_emotion": null,
        "route": null
      }
    },
    {
      "type": "Feature",
      "geometry": {
        "type": "Point",
        "coordinates": [
          2.3353,
          48.8753
        ]
      },
      "properties": {
        "id": 69,
        "zeile": 6,
        "tags": [
          "george_duroy",
          "social",
          "mood"
        ],
        "perspektive": "figur",
        "text": "Duroy schloß sich ihrer Meinung an und erklärte laut und deutlich, in derartigen Fällen wäre für den",
        "notiz": "Duroy positioniert sich aktiv in der Diskussion und gibt seine moralische Haltung zu gesellschaftlichen Diskretion kund — inneres Erleben seiner sozialen Rolle.",
        "ort": "Restaurant-Separé, Paris (unspezifisch)",
        "valenz": null,
        "intensitaet": null,
        "gewichtete_valenz": null,
        "f_wert": null,
        "f_emotion": null,
        "raum_emotion": null,
        "route": null
      }
    },
    {
      "type": "Feature",
      "geometry": {
        "type": "Point",
        "coordinates": [
          2.3353,
          48.8753
        ]
      },
      "properties": {
        "id": 70,
        "zeile": 7,
        "tags": [
          "george_duroy",
          "mood",
          "social"
        ],
        "perspektive": "figur",
        "text": "Er fügte hinzu, wie voll von wundervollen Dingen das Leben wäre, wenn wir immer auf eine gegenseitig",
        "notiz": "Duroy reflektiert über Diskretion und Liebesleben — innere Überzeugung mit sozial-strategischem Kalkül.",
        "ort": "Restaurant-Separé, Paris (unspezifisch)",
        "valenz": null,
        "intensitaet": null,
        "gewichtete_valenz": null,
        "f_wert": null,
        "f_emotion": null,
        "raum_emotion": null,
        "route": null
      }
    },
    {
      "type": "Feature",
      "geometry": {
        "type": "Point",
        "coordinates": [
          2.3353,
          48.8753
        ]
      },
      "properties": {
        "id": 71,
        "zeile": 8,
        "tags": [
          "george_duroy",
          "mood",
          "social"
        ],
        "perspektive": "figur",
        "text": "Er lächelte und fuhr fort: »Nicht wahr? — Wie viele würden sich, dem heftigen Verlangen und der vorü",
        "notiz": "Duroy setzt sein Argument mit einem Lächeln fort — soziales Kalkül und innere Überzeugung verbinden sich zu strategischem Charme.",
        "ort": "Restaurant-Separé, Paris (unspezifisch)",
        "valenz": null,
        "intensitaet": null,
        "gewichtete_valenz": null,
        "f_wert": null,
        "f_emotion": null,
        "raum_emotion": null,
        "route": null
      }
    },
    {
      "type": "Feature",
      "geometry": {
        "type": "Point",
        "coordinates": [
          2.3353,
          48.8753
        ]
      },
      "properties": {
        "id": 72,
        "zeile": 1,
        "tags": [
          "george_duroy",
          "atmosphere"
        ],
        "perspektive": "erzaehler",
        "text": "Er sprach mit ansteckender Überzeugungskraft, als plädierte er für sich selbst, als wollte er sagen:",
        "notiz": "Der Erzähler beschreibt Duroys Redeweise und die implizite Selbstdarstellung von außen.",
        "ort": "Wohnung Forestier (Paris)",
        "valenz": null,
        "intensitaet": null,
        "gewichtete_valenz": null,
        "f_wert": null,
        "f_emotion": null,
        "raum_emotion": null,
        "route": null
      }
    },
    {
      "type": "Feature",
      "geometry": {
        "type": "Point",
        "coordinates": [
          2.3353,
          48.8753
        ]
      },
      "properties": {
        "id": 73,
        "zeile": 2,
        "tags": [
          "george_duroy",
          "mood"
        ],
        "perspektive": "figur",
        "text": "Die beiden Frauen sahen ihn an und ihre Blicke schienen ihm zuzustimmen.",
        "notiz": "Duroy nimmt die Blicke der Frauen wahr und interpretiert sie als Zustimmung — innere Wahrnehmung.",
        "ort": "Wohnung Forestier (Paris)",
        "valenz": null,
        "intensitaet": null,
        "gewichtete_valenz": null,
        "f_wert": "ort_loest_emotion_aus",
        "f_emotion": "Bestätigung, Genugtuung",
        "raum_emotion": {
          "ort": "Salon bei Forestiers",
          "emotion": "Bestätigung, Genugtuung",
          "richtung": "ort_loest_emotion_aus"
        },
        "route": null
      }
    },
    {
      "type": "Feature",
      "geometry": {
        "type": "Point",
        "coordinates": [
          2.3353,
          48.8753
        ]
      },
      "properties": {
        "id": 74,
        "zeile": 3,
        "tags": [
          "social",
          "material"
        ],
        "perspektive": "erzaehler",
        "text": "Forestier, der fast auf dem Sofa lag, ein Bein an sich gezogen und die Serviette in die Weste gestec",
        "notiz": "Der Erzähler beschreibt Forestiers Körperhaltung und Kleidung als soziale Signale von außen.",
        "ort": "Wohnung Forestier (Paris)",
        "valenz": null,
        "intensitaet": 1,
        "gewichtete_valenz": null,
        "f_wert": null,
        "f_emotion": null,
        "raum_emotion": null,
        "route": null
      }
    },
    {
      "type": "Feature",
      "geometry": {
        "type": "Point",
        "coordinates": [
          2.3353,
          48.8753
        ]
      },
      "properties": {
        "id": 75,
        "zeile": 4,
        "tags": [
          "george_duroy",
          "mood"
        ],
        "perspektive": "figur",
        "text": "Duroy hielt sie zwar nicht für ewig, aber für dauerhaft. Sie mußte zu einer zärtlichen Freundschaft ",
        "notiz": "Duroys innere Überzeugungen und emotionale Abneigungen gegenüber Eifersucht und Liebesleid werden aus seiner Perspektive geschildert.",
        "ort": "Wohnung Forestier (Paris)",
        "valenz": null,
        "intensitaet": null,
        "gewichtete_valenz": null,
        "f_wert": null,
        "f_emotion": null,
        "raum_emotion": null,
        "route": null
      }
    },
    {
      "type": "Feature",
      "geometry": {
        "type": "Point",
        "coordinates": [
          2.3353,
          48.8753
        ]
      },
      "properties": {
        "id": 76,
        "zeile": 1,
        "tags": [
          "time",
          "material",
          "atmosphere"
        ],
        "perspektive": "erzaehler",
        "text": "Da das erste Zwischengericht auf sich warten ließ, so schlürften sie von Zeit zu Zeit einen Schluck ",
        "notiz": "Der Erzähler beschreibt das gemächliche Warten und Knabbern am Tisch als kulinarische Kulisse.",
        "ort": "Restaurant-Privatraum (unspezifiziert)",
        "valenz": null,
        "intensitaet": 1,
        "gewichtete_valenz": null,
        "f_wert": null,
        "f_emotion": null,
        "raum_emotion": null,
        "route": null
      }
    },
    {
      "type": "Feature",
      "geometry": {
        "type": "Point",
        "coordinates": [
          2.3353,
          48.8753
        ]
      },
      "properties": {
        "id": 77,
        "zeile": 1,
        "tags": [
          "atmosphere",
          "mood",
          "koerper_als_akteur"
        ],
        "perspektive": "erzaehler",
        "text": "ihre Gedanken weilten bei der Liebe, schwollen langsam an und wirkten berauschend auf ihre Seelen, w",
        "notiz": "Der Erzähler beschreibt den berauschenden Effekt des Champagners auf die gesamte Tischgesellschaft als kollektiven Stimmungszustand.",
        "ort": "Restaurant-Privatraum (unspezifiziert)",
        "valenz": 1,
        "intensitaet": 2,
        "gewichtete_valenz": 2,
        "f_wert": "ort_loest_emotion_aus",
        "f_emotion": "Rausch, Verliebtheit, Berauschung",
        "raum_emotion": {
          "ort": "Restaurantraum",
          "emotion": "Rausch, Verliebtheit, Berauschung",
          "richtung": "ort_loest_emotion_aus"
        },
        "route": null
      }
    },
    {
      "type": "Feature",
      "geometry": {
        "type": "Point",
        "coordinates": [
          2.3353,
          48.8753
        ]
      },
      "properties": {
        "id": 78,
        "zeile": 2,
        "tags": [
          "material",
          "social"
        ],
        "perspektive": "erzaehler",
        "text": "Man servierte zarte, leichte Hammelkoteletts, die auf einer dichten Unterlage von Spargelspitzen lag",
        "notiz": "Der Erzähler beschreibt das servierte Gericht als sozialen Marker gehobener Tafelkultur.",
        "ort": "Restaurant-Privatraum (unspezifiziert)",
        "valenz": null,
        "intensitaet": 1,
        "gewichtete_valenz": null,
        "f_wert": null,
        "f_emotion": null,
        "raum_emotion": null,
        "route": null
      }
    },
    {
      "type": "Feature",
      "geometry": {
        "type": "Point",
        "coordinates": [
          2.3353,
          48.8753
        ]
      },
      "properties": {
        "id": 79,
        "zeile": 4,
        "tags": [
          "george_duroy",
          "mood",
          "koerper_als_akteur"
        ],
        "perspektive": "figur",
        "text": "Er sagte das aus voller Überzeugung und berauschte sich an diesem Vorgefühl von Liebesfreude, wie er",
        "notiz": "Duroy erlebt innerlich eine Parallelität zwischen dem sinnlichen Tafelgenuss und einem aufsteigenden Liebesgefühl — ein körperlich-emotionaler Rausch.",
        "ort": "Restaurant-Privatraum (unspezifiziert)",
        "valenz": null,
        "intensitaet": null,
        "gewichtete_valenz": null,
        "f_wert": "koerper_als_sensor",
        "f_emotion": "Liebesrausch, sinnliche Begeisterung",
        "raum_emotion": {
          "ort": "Restaurantraum",
          "emotion": "Liebesrausch, sinnliche Begeisterung",
          "richtung": "koerper_als_sensor"
        },
        "route": null
      }
    },
    {
      "type": "Feature",
      "geometry": {
        "type": "Point",
        "coordinates": [
          2.3353,
          48.8753
        ]
      },
      "properties": {
        "id": 80,
        "zeile": 1,
        "tags": [
          "atmosphere",
          "social"
        ],
        "perspektive": "erzaehler",
        "text": "Dann glitt die Unterhaltung langsam von den allgemeinen Theorien über Liebe auf jene schlüpfrigen Ge",
        "notiz": "Maupassant beschreibt von aussen, wie das Gespräch in erotisch-zweideutiges Terrain abgleitet.",
        "ort": "Privates Dinner, Paris (unspezifisch)",
        "valenz": null,
        "intensitaet": 2,
        "gewichtete_valenz": null,
        "f_wert": null,
        "f_emotion": null,
        "raum_emotion": null,
        "route": null
      }
    },
    {
      "type": "Feature",
      "geometry": {
        "type": "Point",
        "coordinates": [
          2.3353,
          48.8753
        ]
      },
      "properties": {
        "id": 81,
        "zeile": 2,
        "tags": [
          "atmosphere",
          "social"
        ],
        "perspektive": "erzaehler",
        "text": "Es kam zu witzigen, geschickten Zweideutigkeiten, zu einem Schleierlüften mit Worten. Es überstürzte",
        "notiz": "Maupassant beschreibt als Erzähler das gesellschaftliche Ritual erotischer Andeutungen in der vornehmen Gesellschaft.",
        "ort": "Privates Dinner, Paris (unspezifisch)",
        "valenz": null,
        "intensitaet": 2,
        "gewichtete_valenz": null,
        "f_wert": null,
        "f_emotion": null,
        "raum_emotion": null,
        "route": null
      }
    },
    {
      "type": "Feature",
      "geometry": {
        "type": "Point",
        "coordinates": [
          2.3353,
          48.8753
        ]
      },
      "properties": {
        "id": 82,
        "zeile": 3,
        "tags": [
          "material",
          "social"
        ],
        "perspektive": "erzaehler",
        "text": "Man brachte den Braten: Rebhühner, mit Wachteln garniert, junge Erbsen und dann eine Terrine Gänsele",
        "notiz": "Maupassant beschreibt die Speisen des Diners detailliert als sozialen Marker für gehobene Gesellschaft.",
        "ort": "Privates Dinner, Paris (unspezifisch)",
        "valenz": null,
        "intensitaet": 1,
        "gewichtete_valenz": null,
        "f_wert": null,
        "f_emotion": null,
        "raum_emotion": null,
        "route": null
      }
    },
    {
      "type": "Feature",
      "geometry": {
        "type": "Point",
        "coordinates": [
          2.3353,
          48.8753
        ]
      },
      "properties": {
        "id": 83,
        "zeile": 4,
        "tags": [
          "atmosphere",
          "mood"
        ],
        "perspektive": "erzaehler",
        "text": "Sie kosteten von allem, ohne darauf zu achten, was sie eigentlich aßen, so sehr waren sie mit ihren ",
        "notiz": "Maupassant beschreibt von aussen, wie die Tischgesellschaft in erotischer Versunkenheit isst.",
        "ort": "Privates Dinner, Paris (unspezifisch)",
        "valenz": 1,
        "intensitaet": 2,
        "gewichtete_valenz": 2,
        "f_wert": "ort_loest_emotion_aus",
        "f_emotion": "erotische Versunkenheit, Rausch",
        "raum_emotion": {
          "ort": "Dinnertisch",
          "emotion": "erotische Versunkenheit, Rausch",
          "richtung": "ort_loest_emotion_aus"
        },
        "route": null
      }
    },
    {
      "type": "Feature",
      "geometry": {
        "type": "Point",
        "coordinates": [
          2.3353,
          48.8753
        ]
      },
      "properties": {
        "id": 84,
        "zeile": 5,
        "tags": [
          "social",
          "atmosphere"
        ],
        "perspektive": "erzaehler",
        "text": "Madame de Marelle tat es mit einer natürlichen Kühnheit, die fast herausfordernd wirkte, während Mad",
        "notiz": "Maupassant beschreibt von aussen das Verhalten der beiden Frauen — sozialer Kontrast zwischen kühner Offenheit und reizender Zurückhaltung.",
        "ort": "Privates Dinner, Paris (unspezifisch)",
        "valenz": null,
        "intensitaet": 2,
        "gewichtete_valenz": null,
        "f_wert": null,
        "f_emotion": null,
        "raum_emotion": null,
        "route": null
      }
    },
    {
      "type": "Feature",
      "geometry": {
        "type": "Point",
        "coordinates": [
          2.3353,
          48.8753
        ]
      },
      "properties": {
        "id": 85,
        "zeile": 6,
        "tags": [
          "social",
          "atmosphere",
          "koerper_als_akteur"
        ],
        "perspektive": "erzaehler",
        "text": "Forestier hatte sich ganz und gar zwischen die Sofakissen vergraben; er lachte, trank und aß ununter",
        "notiz": "Maupassant beschreibt Forestiers physisches Verhalten und die soziale Reaktion der Frauen von aussen.",
        "ort": "Privates Dinner, Paris (unspezifisch)",
        "valenz": null,
        "intensitaet": 2,
        "gewichtete_valenz": null,
        "f_wert": null,
        "f_emotion": null,
        "raum_emotion": null,
        "route": null
      }
    },
    {
      "type": "Feature",
      "geometry": {
        "type": "Point",
        "coordinates": [
          2.3353,
          48.8753
        ]
      },
      "properties": {
        "id": 86,
        "zeile": 1,
        "tags": [
          "atmosphere",
          "social"
        ],
        "perspektive": "erzaehler",
        "text": "Nach dem Dessert wurde Kaffee serviert, und die Liköre weckten in den erregten Gemütern eine noch sc",
        "notiz": "Maupassant beschreibt die Stimmung am Tisch nach dem Essen von aussen — Kaffee und Liköre steigern die erregte Atmosphäre.",
        "ort": "Restaurant (unspezifisch, Paris)",
        "valenz": null,
        "intensitaet": 2,
        "gewichtete_valenz": null,
        "f_wert": "ort_loest_emotion_aus",
        "f_emotion": "Erregung, Unruhe",
        "raum_emotion": {
          "ort": "Restaurant",
          "emotion": "Erregung, Unruhe",
          "richtung": "ort_loest_emotion_aus"
        },
        "route": null
      }
    },
    {
      "type": "Feature",
      "geometry": {
        "type": "Point",
        "coordinates": [
          2.3353,
          48.8753
        ]
      },
      "properties": {
        "id": 87,
        "zeile": 2,
        "tags": [
          "atmosphere",
          "social"
        ],
        "perspektive": "erzaehler",
        "text": "Madame de Marelle war angeheitert, wie sie es sich bei Beginn der Mahlzeit vorgenommen hatte, und da",
        "notiz": "Maupassant beschreibt Madame de Marelles Zustand und Verhalten von aussen als soziales Spiel.",
        "ort": "Restaurant (unspezifisch, Paris)",
        "valenz": null,
        "intensitaet": 2,
        "gewichtete_valenz": null,
        "f_wert": null,
        "f_emotion": null,
        "raum_emotion": null,
        "route": null
      }
    },
    {
      "type": "Feature",
      "geometry": {
        "type": "Point",
        "coordinates": [
          2.3353,
          48.8753
        ]
      },
      "properties": {
        "id": 88,
        "zeile": 3,
        "tags": [
          "george_duroy",
          "mood"
        ],
        "perspektive": "figur",
        "text": "auch Duroy, der fühlte, daß er in seinem angeregten Zustande leicht einen Mißgriff begehen konnte, b",
        "notiz": "Duroy erlebt seinen eigenen angeregten Zustand und steuert sein Verhalten bewusst aus innerer Selbstwahrnehmung.",
        "ort": "Restaurant (unspezifisch, Paris)",
        "valenz": null,
        "intensitaet": null,
        "gewichtete_valenz": null,
        "f_wert": "koerper_als_sensor",
        "f_emotion": "Anregung, Selbstkontrolle",
        "raum_emotion": {
          "ort": "Restaurant",
          "emotion": "Anregung, Selbstkontrolle",
          "richtung": "koerper_als_sensor"
        },
        "route": null
      }
    },
    {
      "type": "Feature",
      "geometry": {
        "type": "Point",
        "coordinates": [
          2.3353,
          48.8753
        ]
      },
      "properties": {
        "id": 89,
        "zeile": 4,
        "tags": [
          "atmosphere",
          "social"
        ],
        "perspektive": "erzaehler",
        "text": "Jetzt wurden Zigaretten herumgereicht und Forestier begann plötzlich zu husten. Es war ein schreckli",
        "notiz": "Maupassant beschreibt Forestiers Hustenanfall von aussen — ein atmosphärischer Bruch im geselligen Abend.",
        "ort": "Restaurant (unspezifisch, Paris)",
        "valenz": null,
        "intensitaet": 2,
        "gewichtete_valenz": null,
        "f_wert": "ort_loest_emotion_aus",
        "f_emotion": "Schrecken, Unbehagen",
        "raum_emotion": {
          "ort": "Restaurant",
          "emotion": "Schrecken, Unbehagen",
          "richtung": "ort_loest_emotion_aus"
        },
        "route": null
      }
    },
    {
      "type": "Feature",
      "geometry": {
        "type": "Point",
        "coordinates": [
          2.3353,
          48.8753
        ]
      },
      "properties": {
        "id": 90,
        "zeile": 5,
        "tags": [
          "mood",
          "atmosphere"
        ],
        "perspektive": "erzaehler",
        "text": "Seine ganze, gute Laune verschwand vor der Angst, die ihm der Gedanke an seine Krankheit einflößte",
        "notiz": "Maupassant beschreibt Forestiers emotionalen Umschwung von aussen — Angst vor der Krankheit verdrängt die gute Laune.",
        "ort": "Restaurant (unspezifisch, Paris)",
        "valenz": null,
        "intensitaet": 2,
        "gewichtete_valenz": null,
        "f_wert": null,
        "f_emotion": null,
        "raum_emotion": null,
        "route": null
      }
    },
    {
      "type": "Feature",
      "geometry": {
        "type": "Point",
        "coordinates": [
          2.3353,
          48.8753
        ]
      },
      "properties": {
        "id": 91,
        "zeile": 6,
        "tags": [
          "george_duroy",
          "social"
        ],
        "perspektive": "figur",
        "text": "Duroy prüfte sie, gab zwei Banknoten, ließ sich herausgeben und fragte halblaut: »Wieviel soll ich d",
        "notiz": "Duroy handelt aktiv mit Geld — soziale Unsicherheit bezüglich Trinkgeld spiegelt seinen Status wider.",
        "ort": "Restaurant (unspezifisch, Paris)",
        "valenz": -1,
        "intensitaet": 2,
        "gewichtete_valenz": -2,
        "f_wert": "ort_loest_emotion_aus",
        "f_emotion": "soziale Unsicherheit",
        "raum_emotion": {
          "ort": "Restaurant",
          "emotion": "soziale Unsicherheit",
          "richtung": "ort_loest_emotion_aus"
        },
        "route": null
      }
    },
    {
      "type": "Feature",
      "geometry": {
        "type": "Point",
        "coordinates": [
          2.3353,
          48.8753
        ]
      },
      "properties": {
        "id": 92,
        "zeile": 7,
        "tags": [
          "george_duroy",
          "social",
          "move"
        ],
        "perspektive": "figur",
        "text": "Er legte fünf Francs auf den Teller, gab der jungen Frau ihre Börse zurück und sagte: »Darf ich Sie ",
        "notiz": "Duroy handelt und initiiert die Begleitung Madame de Marelles — aktives soziales Manöver mit räumlicher Konsequenz.",
        "ort": "Restaurant (unspezifisch, Paris)",
        "valenz": null,
        "intensitaet": null,
        "gewichtete_valenz": null,
        "f_wert": null,
        "f_emotion": null,
        "raum_emotion": null,
        "route": null
      }
    },
    {
      "type": "Feature",
      "geometry": {
        "type": "Point",
        "coordinates": [
          2.3353,
          48.8753
        ]
      },
      "properties": {
        "id": 93,
        "zeile": 1,
        "tags": [
          "location",
          "social"
        ],
        "perspektive": "erzaehler",
        "text": "gleich darauf saß Duroy allein mit Madame de Marelle in einer rollenden Droschke.",
        "notiz": "Erzähler beschreibt Duroy und Madame de Marelle in einer Droschke — sozialer Kontext und Ausgangssituation.",
        "ort": "Droschke, Paris (Nähe Forestiers Wohnung)",
        "valenz": null,
        "intensitaet": 1,
        "gewichtete_valenz": null,
        "f_wert": null,
        "f_emotion": null,
        "raum_emotion": null,
        "route": null
      }
    },
    {
      "type": "Feature",
      "geometry": {
        "type": "Point",
        "coordinates": [
          2.3353,
          48.8753
        ]
      },
      "properties": {
        "id": 94,
        "zeile": 2,
        "tags": [
          "space",
          "atmosphere"
        ],
        "perspektive": "figur",
        "text": "Sie waren jetzt dicht aneinander gedrängt in diesem schwarzen Kasten eingeschlossen, der dann und wa",
        "notiz": "Duroy erlebt die enge, dunkle Droschke als beklemmenden Raum mit gelegentlichen Lichtblitzen — der Raum erzeugt Spannung.",
        "ort": "Droschke, Paris",
        "valenz": -1,
        "intensitaet": 2,
        "gewichtete_valenz": -2,
        "f_wert": "ort_loest_emotion_aus",
        "f_emotion": "Bedrängnis, Erregung",
        "raum_emotion": {
          "ort": "Droschke",
          "emotion": "Bedrängnis, Erregung",
          "richtung": "ort_loest_emotion_aus"
        },
        "route": null
      }
    },
    {
      "type": "Feature",
      "geometry": {
        "type": "Point",
        "coordinates": [
          2.3353,
          48.8753
        ]
      },
      "properties": {
        "id": 95,
        "zeile": 3,
        "tags": [
          "george_duroy",
          "koerper_als_akteur",
          "mood",
          "material"
        ],
        "perspektive": "figur",
        "text": "Er fühlte durch seinen Ärmel die Wärme ihrer Schulter, und er wußte ihr nichts zu sagen, absolut nic",
        "notiz": "Duroy nimmt körperliche Nähe sensuell wahr — Wärme der Schulter löst heftiges Begehren aus.",
        "ort": "Droschke, Paris",
        "valenz": null,
        "intensitaet": null,
        "gewichtete_valenz": null,
        "f_wert": "koerper_als_sensor",
        "f_emotion": "sexuelles Begehren, Sprachlosigkeit",
        "raum_emotion": {
          "ort": "Droschke",
          "emotion": "sexuelles Begehren, Sprachlosigkeit",
          "richtung": "koerper_als_sensor"
        },
        "route": null
      }
    },
    {
      "type": "Feature",
      "geometry": {
        "type": "Point",
        "coordinates": [
          2.3353,
          48.8753
        ]
      },
      "properties": {
        "id": 96,
        "zeile": 4,
        "tags": [
          "george_duroy",
          "mood"
        ],
        "perspektive": "figur",
        "text": "»Was würde sie denn tun, wenn ich es wagte?«",
        "notiz": "Duroy spekuliert innerlich über die Konsequenzen einer möglichen Handlung — innerer Zwiespalt.",
        "ort": "Droschke, Paris",
        "valenz": -1,
        "intensitaet": 1,
        "gewichtete_valenz": -1,
        "f_wert": null,
        "f_emotion": null,
        "raum_emotion": null,
        "route": null
      }
    },
    {
      "type": "Feature",
      "geometry": {
        "type": "Point",
        "coordinates": [
          2.3353,
          48.8753
        ]
      },
      "properties": {
        "id": 97,
        "zeile": 5,
        "tags": [
          "george_duroy",
          "mood",
          "location_erinnerung"
        ],
        "perspektive": "figur",
        "text": "Und die Erinnerung an alle anzüglichen Bemerkungen während des Essens erregten ihn, während ihn die ",
        "notiz": "Duroy erinnert sich an das Dinner und ist erotisch erregt, zugleich von sozialer Angst gebremst.",
        "ort": "Erinnerung an Forestiers Wohnung",
        "valenz": -1,
        "intensitaet": 2,
        "gewichtete_valenz": -2,
        "f_wert": null,
        "f_emotion": null,
        "raum_emotion": null,
        "route": null
      }
    },
    {
      "type": "Feature",
      "geometry": {
        "type": "Point",
        "coordinates": [
          2.3353,
          48.8753
        ]
      },
      "properties": {
        "id": 98,
        "zeile": 6,
        "tags": [
          "george_duroy",
          "mood"
        ],
        "perspektive": "figur",
        "text": "Er fühlte zwar, daß er nicht sprechen dürfe, daß ein Wort, ein einziges Wort, das das Schweigen unte",
        "notiz": "Duroy erkennt die Zerbrechlichkeit des Moments und kämpft mit sich — Begehren gegen Feigheit.",
        "ort": "Droschke, Paris",
        "valenz": -1,
        "intensitaet": 2,
        "gewichtete_valenz": -2,
        "f_wert": null,
        "f_emotion": null,
        "raum_emotion": null,
        "route": null
      }
    },
    {
      "type": "Feature",
      "geometry": {
        "type": "Point",
        "coordinates": [
          2.3353,
          48.8753
        ]
      },
      "properties": {
        "id": 99,
        "zeile": 7,
        "tags": [
          "george_duroy",
          "sound",
          "atmosphere"
        ],
        "perspektive": "figur",
        "text": "Er hätte gedacht, sie schliefe, hätte er nicht jedesmal, wenn ein Lichtschein in das Kupee fiel, ihr",
        "notiz": "Duroy beobachtet Madame de Marelle aufmerksam — das intermittierende Licht im Kupee strukturiert seine Wahrnehmung.",
        "ort": "Droschke, Paris",
        "valenz": 0,
        "intensitaet": 1,
        "gewichtete_valenz": 0,
        "f_wert": "ort_loest_emotion_aus",
        "f_emotion": "Spannung, Unsicherheit",
        "raum_emotion": {
          "ort": "Droschke (Kupee)",
          "emotion": "Spannung, Unsicherheit",
          "richtung": "ort_loest_emotion_aus"
        },
        "route": null
      }
    },
    {
      "type": "Feature",
      "geometry": {
        "type": "Point",
        "coordinates": [
          2.3353,
          48.8753
        ]
      },
      "properties": {
        "id": 100,
        "zeile": 8,
        "tags": [
          "george_duroy",
          "koerper_als_akteur",
          "mood",
          "material"
        ],
        "perspektive": "figur",
        "text": "Plötzlich fühlte er, wie ihr Fuß sich rührte. Es war eine harte, nervöse, ungeduldige Bewegung, viel",
        "notiz": "Duroys Körper reagiert auf eine minimale Geste der anderen Figur mit einem totalen physischen Schauer — Körper als Sensor.",
        "ort": "Droschke, Paris",
        "valenz": null,
        "intensitaet": null,
        "gewichtete_valenz": null,
        "f_wert": "koerper_als_sensor",
        "f_emotion": "Erschaudern, Erregung",
        "raum_emotion": {
          "ort": "Droschke",
          "emotion": "Erschaudern, Erregung",
          "richtung": "koerper_als_sensor"
        },
        "route": null
      }
    },
    {
      "type": "Feature",
      "geometry": {
        "type": "Point",
        "coordinates": [
          2.3353,
          48.8753
        ]
      },
      "properties": {
        "id": 101,
        "zeile": 9,
        "tags": [
          "george_duroy",
          "koerper_als_akteur",
          "move"
        ],
        "perspektive": "figur",
        "text": "Mit einem Ruck wandte er sich um und warf sich über sie. Er suchte ihren Mund mit seinen Lippen und ",
        "notiz": "Duroy handelt impulsiv und körperlich — die Enge des Raums wird zum Schauplatz des Übergriffs.",
        "ort": "Droschke, Paris",
        "valenz": null,
        "intensitaet": null,
        "gewichtete_valenz": null,
        "f_wert": "emotion_faerbt_raum",
        "f_emotion": "Begehren, Impulsivität",
        "raum_emotion": {
          "ort": "Droschke",
          "emotion": "Begehren, Impulsivität",
          "richtung": "emotion_faerbt_raum"
        },
        "route": null
      }
    },
    {
      "type": "Feature",
      "geometry": {
        "type": "Point",
        "coordinates": [
          2.3353,
          48.8753
        ]
      },
      "properties": {
        "id": 102,
        "zeile": 10,
        "tags": [
          "location",
          "move",
          "atmosphere"
        ],
        "perspektive": "erzaehler",
        "text": "Aber die Droschke hielt schon nach kurzer Zeit vor dem Hause, wo sie wohnte, und Duroy fand vor Über",
        "notiz": "Erzähler beschreibt das Anhalten der Droschke vor Madame de Marelles Wohnung und Duroys sprachlose Überraschung.",
        "ort": "Wohnung Madame de Marelle, Paris",
        "valenz": null,
        "intensitaet": 1,
        "gewichtete_valenz": null,
        "f_wert": null,
        "f_emotion": null,
        "raum_emotion": null,
        "route": null
      }
    },
    {
      "type": "Feature",
      "geometry": {
        "type": "Point",
        "coordinates": [
          2.3353,
          48.8753
        ]
      },
      "properties": {
        "id": 103,
        "zeile": 11,
        "tags": [
          "george_duroy",
          "mood"
        ],
        "perspektive": "figur",
        "text": "Duroy fand vor Überraschung kein leidenschaftliches Wort, um ihr seine dankbare Liebe zu gestehen.",
        "notiz": "Duroy erlebt seine eigene Sprachlosigkeit als emotionalen Zustand — Überraschung und Überwältigung.",
        "ort": "Vor Madame de Marelles Wohnung, Paris",
        "valenz": -1,
        "intensitaet": 1,
        "gewichtete_valenz": -1,
        "f_wert": null,
        "f_emotion": null,
        "raum_emotion": null,
        "route": null
      }
    },
    {
      "type": "Feature",
      "geometry": {
        "type": "Point",
        "coordinates": [
          2.3353,
          48.8753
        ]
      },
      "properties": {
        "id": 104,
        "zeile": 12,
        "tags": [
          "atmosphere"
        ],
        "perspektive": "erzaehler",
        "text": "Indessen erhob sie sich nicht und rührte sich nicht; sie schien wie betäubt von dem, was geschehen w",
        "notiz": "Erzähler beschreibt Madame de Marelles reglose, betäubte Haltung nach dem Geschehen — atmosphärische Erstarrung.",
        "ort": "Droschke / vor Wohnung Madame de Marelle, Paris",
        "valenz": -1,
        "intensitaet": 2,
        "gewichtete_valenz": -2,
        "f_wert": null,
        "f_emotion": null,
        "raum_emotion": null,
        "route": null
      }
    },
    {
      "type": "Feature",
      "geometry": {
        "type": "Point",
        "coordinates": [
          2.3353,
          48.8753
        ]
      },
      "properties": {
        "id": 105,
        "zeile": 1,
        "tags": [
          "george_duroy",
          "mood",
          "koerper_als_akteur"
        ],
        "perspektive": "figur",
        "text": "Da fürchtete er, der Kutscher könnte Verdacht schöpfen und stieg zuerst aus, um der jungen Dame die ",
        "notiz": "Duroy handelt strategisch aus Angst, der Kutscher könnte Verdacht schöpfen — soziales Kalkül und innere Anspannung.",
        "ort": "Vor dem Hauseingang, Paris (unbestimmt)",
        "valenz": -1,
        "intensitaet": 2,
        "gewichtete_valenz": -2,
        "f_wert": "ort_loest_emotion_aus",
        "f_emotion": "Anspannung, strategische Kontrolle",
        "raum_emotion": {
          "ort": "Hauseingang",
          "emotion": "Anspannung, strategische Kontrolle",
          "richtung": "ort_loest_emotion_aus"
        },
        "route": null
      }
    },
    {
      "type": "Feature",
      "geometry": {
        "type": "Point",
        "coordinates": [
          2.3353,
          48.8753
        ]
      },
      "properties": {
        "id": 106,
        "zeile": 2,
        "tags": [
          "social"
        ],
        "perspektive": "erzaehler",
        "text": "Stolpernd, und ohne ein Wort zu sagen, stieg sie endlich aus der Droschke.",
        "notiz": "Maupassant beschreibt den Zustand der jungen Dame von aussen — stolpernd, schweigend.",
        "ort": "Vor dem Hauseingang, Paris (unbestimmt)",
        "valenz": null,
        "intensitaet": 2,
        "gewichtete_valenz": null,
        "f_wert": null,
        "f_emotion": null,
        "raum_emotion": null,
        "route": null
      }
    },
    {
      "type": "Feature",
      "geometry": {
        "type": "Point",
        "coordinates": [
          2.3353,
          48.8753
        ]
      },
      "properties": {
        "id": 107,
        "zeile": 3,
        "tags": [
          "george_duroy",
          "mood",
          "koerper_als_akteur"
        ],
        "perspektive": "figur",
        "text": "Er läutete, und als die Tür aufging, fragte er zitternd: »Wann darf ich Sie wiedersehen?«",
        "notiz": "Duroy handelt mit emotionaler Aufgewühltheit — das Zittern zeigt seine innere Erregung.",
        "ort": "Hauseingang, Paris (unbestimmt)",
        "valenz": null,
        "intensitaet": null,
        "gewichtete_valenz": null,
        "f_wert": "ort_loest_emotion_aus",
        "f_emotion": "Aufregung, Begehren",
        "raum_emotion": {
          "ort": "Hauseingang",
          "emotion": "Aufregung, Begehren",
          "richtung": "ort_loest_emotion_aus"
        },
        "route": null
      }
    },
    {
      "type": "Feature",
      "geometry": {
        "type": "Point",
        "coordinates": [
          2.3353,
          48.8753
        ]
      },
      "properties": {
        "id": 108,
        "zeile": 5,
        "tags": [
          "space",
          "sound",
          "material"
        ],
        "perspektive": "erzaehler",
        "text": "Und sie verschwand im Schatten des Hausflurs, nachdem sie die schwere, laut dröhnende Tür zugeworfen",
        "notiz": "Maupassant beschreibt den Hausflur als Schatten-Raum mit akustischem Detail der dröhnenden Tür — atmosphärische Kulisse.",
        "ort": "Hausflur, Paris (unbestimmt)",
        "valenz": null,
        "intensitaet": 2,
        "gewichtete_valenz": null,
        "f_wert": null,
        "f_emotion": null,
        "raum_emotion": null,
        "route": null
      }
    },
    {
      "type": "Feature",
      "geometry": {
        "type": "Point",
        "coordinates": [
          2.3353,
          48.8753
        ]
      },
      "properties": {
        "id": 109,
        "zeile": 6,
        "tags": [
          "george_duroy",
          "move",
          "mood",
          "social"
        ],
        "perspektive": "figur",
        "text": "Er gab dem Kutscher fünf Francs und ging dann rasch und siegesgewiß, voll übermütiger Freude, seinen",
        "notiz": "Duroy bewegt sich siegesgewiss zurück — die Geste des Trinkgelds und die Freude markieren seinen sozialen Triumph.",
        "ort": "Strasse, Paris (unbestimmt)",
        "valenz": null,
        "intensitaet": null,
        "gewichtete_valenz": null,
        "f_wert": "emotion_faerbt_raum",
        "f_emotion": "übermütige Freude, Triumph",
        "raum_emotion": {
          "ort": "Strasse",
          "emotion": "übermütige Freude, Triumph",
          "richtung": "emotion_faerbt_raum"
        },
        "route": null
      }
    },
    {
      "type": "Feature",
      "geometry": {
        "type": "Point",
        "coordinates": [
          2.3353,
          48.8753
        ]
      },
      "properties": {
        "id": 110,
        "zeile": 7,
        "tags": [
          "george_duroy",
          "mood",
          "social"
        ],
        "perspektive": "figur",
        "text": "Endlich hatte er eine Frau gefunden, eine Frau aus der Gesellschaft, aus der besten Pariser Gesellsc",
        "notiz": "Duroy reflektiert seinen sozialen Aufstieg durch die Eroberung einer Frau aus der gehobenen Pariser Gesellschaft.",
        "ort": "Paris (allgemein)",
        "valenz": null,
        "intensitaet": null,
        "gewichtete_valenz": null,
        "f_wert": "ort_loest_emotion_aus",
        "f_emotion": "Triumph, soziale Genugtuung",
        "raum_emotion": {
          "ort": "Paris, gesellschaftliche Sphäre",
          "emotion": "Triumph, soziale Genugtuung",
          "richtung": "ort_loest_emotion_aus"
        },
        "route": null
      }
    },
    {
      "type": "Feature",
      "geometry": {
        "type": "Point",
        "coordinates": [
          2.3353,
          48.8753
        ]
      },
      "properties": {
        "id": 111,
        "zeile": 8,
        "tags": [
          "george_duroy",
          "mood",
          "social"
        ],
        "perspektive": "figur",
        "text": "Wie leicht war es gewesen und wie unverhofft. Er hatte sich eingebildet, daß, um eines von diesen er",
        "notiz": "Duroy reflektiert über seine Erwartungen und die überraschende Leichtigkeit der Verführung — inneres Staunen über seinen Erfolg.",
        "ort": "Paris (allgemein)",
        "valenz": null,
        "intensitaet": null,
        "gewichtete_valenz": null,
        "f_wert": null,
        "f_emotion": null,
        "raum_emotion": null,
        "route": null
      }
    },
    {
      "type": "Feature",
      "geometry": {
        "type": "Point",
        "coordinates": [
          2.3353,
          48.8753
        ]
      },
      "properties": {
        "id": 112,
        "zeile": 10,
        "tags": [
          "george_duroy",
          "mood"
        ],
        "perspektive": "figur",
        "text": "»Sie war berauscht,« dachte er, »morgen wird die Tonart anders sein. Ich fürchte, es gibt Tränen.« D",
        "notiz": "Duroy denkt kalkulierend über die möglichen Konsequenzen nach — Beunruhigung weicht entschlossenem Besitzanspruch.",
        "ort": "Strasse, Paris (unbestimmt)",
        "valenz": null,
        "intensitaet": null,
        "gewichtete_valenz": null,
        "f_wert": null,
        "f_emotion": null,
        "raum_emotion": null,
        "route": null
      }
    },
    {
      "type": "Feature",
      "geometry": {
        "type": "Point",
        "coordinates": [
          2.3353,
          48.8753
        ]
      },
      "properties": {
        "id": 113,
        "zeile": 12,
        "tags": [
          "george_duroy",
          "mood",
          "social",
          "location_erinnerung"
        ],
        "perspektive": "figur",
        "text": "Und in einer wirren Vision, in der sich alle seine Zukunftshoffnungen auf Ruhm und Ehre, auf Reichtu",
        "notiz": "Duroy erlebt eine visionäre Imagination zukünftiger Frauen und sozialen Aufstiegs — eine persönliche Sehnsucht ohne konkreten Ort.",
        "ort": "imaginierter Raum (Vision)",
        "valenz": null,
        "intensitaet": null,
        "gewichtete_valenz": null,
        "f_wert": "emotion_faerbt_raum",
        "f_emotion": "Sehnsucht, Ehrgeiz, Euphorie",
        "raum_emotion": {
          "ort": "imaginierter Raum",
          "emotion": "Sehnsucht, Ehrgeiz, Euphorie",
          "richtung": "emotion_faerbt_raum"
        },
        "route": null
      }
    },
    {
      "type": "Feature",
      "geometry": {
        "type": "Point",
        "coordinates": [
          2.3353,
          48.8753
        ]
      },
      "properties": {
        "id": 114,
        "zeile": 14,
        "tags": [
          "atmosphere"
        ],
        "perspektive": "erzaehler",
        "text": "Und auch sein Schlaf war reich von solchen Träumen.",
        "notiz": "Maupassant fasst Duroys Traumwelt von aussen zusammen — atmosphärische Überleitung zur nächsten Szene.",
        "ort": "unbestimmt",
        "valenz": 1,
        "intensitaet": 1,
        "gewichtete_valenz": 1,
        "f_wert": null,
        "f_emotion": null,
        "raum_emotion": null,
        "route": null
      }
    },
    {
      "type": "Feature",
      "geometry": {
        "type": "Point",
        "coordinates": [
          2.3353,
          48.8753
        ]
      },
      "properties": {
        "id": 115,
        "zeile": 15,
        "tags": [
          "george_duroy",
          "move",
          "mood",
          "time"
        ],
        "perspektive": "figur",
        "text": "Am nächsten Tage war er etwas aufgeregt, als er die Treppe zur Wohnung der Madame de Marelle hinaufs",
        "notiz": "Duroy steigt aufgeregt die Treppe hoch — die Bewegung ist mit emotionaler Anspannung verbunden.",
        "ort": "Wohnung der Madame de Marelle, Paris (unbestimmt)",
        "valenz": null,
        "intensitaet": null,
        "gewichtete_valenz": null,
        "f_wert": "ort_loest_emotion_aus",
        "f_emotion": "Aufregung, Erwartung",
        "raum_emotion": {
          "ort": "Treppenhaus, Wohnung Madame de Marelle",
          "emotion": "Aufregung, Erwartung",
          "richtung": "ort_loest_emotion_aus"
        },
        "route": null
      }
    },
    {
      "type": "Feature",
      "geometry": {
        "type": "Point",
        "coordinates": [
          2.3353,
          48.8753
        ]
      },
      "properties": {
        "id": 116,
        "zeile": 1,
        "tags": [
          "george_duroy",
          "mood"
        ],
        "perspektive": "figur",
        "text": "Wie würde sie ihn empfangen? Würde sie überhaupt gestatten, ihn hereinzulassen? Womöglich war sie fü",
        "notiz": "Duroy grübelt innerlich über die Reaktion der Frau und analysiert seine Machtposition — reine Innenperspektive.",
        "ort": "unbekannt / vor dem Besuch",
        "valenz": null,
        "intensitaet": null,
        "gewichtete_valenz": null,
        "f_wert": null,
        "f_emotion": null,
        "raum_emotion": null,
        "route": null
      }
    },
    {
      "type": "Feature",
      "geometry": {
        "type": "Point",
        "coordinates": [
          2.3353,
          48.8753
        ]
      },
      "properties": {
        "id": 117,
        "zeile": 5,
        "tags": [
          "social"
        ],
        "perspektive": "erzaehler",
        "text": "Das kleine Dienstmädchen öffnete die Tür und hatte einen Gesichtsausdruck wie immer.",
        "notiz": "Maupassant beschreibt das Dienstmädchen von aussen als sozialen Marker der bürgerlichen Haushaltsordnung.",
        "ort": "Wohnung von Madame de Marelle (Paris, Näherung)",
        "valenz": null,
        "intensitaet": 1,
        "gewichtete_valenz": null,
        "f_wert": null,
        "f_emotion": null,
        "raum_emotion": null,
        "route": null
      }
    },
    {
      "type": "Feature",
      "geometry": {
        "type": "Point",
        "coordinates": [
          2.3353,
          48.8753
        ]
      },
      "properties": {
        "id": 118,
        "zeile": 6,
        "tags": [
          "george_duroy",
          "mood"
        ],
        "perspektive": "figur",
        "text": "fast hatte er erwartet, daß das Dienstmädchen auch ein verstörtes Aussehen zur Schau tragen würde.",
        "notiz": "Duroy projiziert seine innere Anspannung auf das Dienstmädchen — emotionale Innenperspektive.",
        "ort": "Wohnung von Madame de Marelle (Paris, Näherung)",
        "valenz": null,
        "intensitaet": null,
        "gewichtete_valenz": null,
        "f_wert": "ort_loest_emotion_aus",
        "f_emotion": "Anspannung, Erwartung",
        "raum_emotion": {
          "ort": "Wohnungseingang",
          "emotion": "Anspannung, Erwartung",
          "richtung": "ort_loest_emotion_aus"
        },
        "route": null
      }
    },
    {
      "type": "Feature",
      "geometry": {
        "type": "Point",
        "coordinates": [
          2.3353,
          48.8753
        ]
      },
      "properties": {
        "id": 119,
        "zeile": 10,
        "tags": [
          "location",
          "space"
        ],
        "perspektive": "erzaehler",
        "text": "Sie ließ ihn in den Salon hinein.",
        "notiz": "Maupassant benennt den Salon als konkreten Raum, in den Duroy eingelassen wird.",
        "ort": "Salon der Wohnung von Madame de Marelle (Paris)",
        "valenz": null,
        "intensitaet": 1,
        "gewichtete_valenz": null,
        "f_wert": null,
        "f_emotion": null,
        "raum_emotion": null,
        "route": null
      }
    },
    {
      "type": "Feature",
      "geometry": {
        "type": "Point",
        "coordinates": [
          2.3353,
          48.8753
        ]
      },
      "properties": {
        "id": 120,
        "zeile": 10,
        "tags": [
          "george_duroy",
          "social",
          "koerper_als_akteur"
        ],
        "perspektive": "figur",
        "text": "Er ging direkt auf den Kamin zu, um den Zustand seiner Frisur und seines Anzugs zu prüfen. Er zog si",
        "notiz": "Duroy kontrolliert bewusst sein äusseres Erscheinungsbild als sozialen Auftritt — selbstbewusstes Körpermanagement.",
        "ort": "Salon der Wohnung von Madame de Marelle (Paris)",
        "valenz": null,
        "intensitaet": null,
        "gewichtete_valenz": null,
        "f_wert": null,
        "f_emotion": null,
        "raum_emotion": null,
        "route": null
      }
    },
    {
      "type": "Feature",
      "geometry": {
        "type": "Point",
        "coordinates": [
          2.3353,
          48.8753
        ]
      },
      "properties": {
        "id": 121,
        "zeile": 11,
        "tags": [
          "george_duroy",
          "space"
        ],
        "perspektive": "figur",
        "text": "sah in diesem die junge Frau, die an der Schwelle ihres Zimmers stand und ihn anschaute.",
        "notiz": "Duroy nimmt über den Spiegel die räumliche Position der Frau wahr — vermittelte Raumwahrnehmung.",
        "ort": "Salon der Wohnung von Madame de Marelle (Paris)",
        "valenz": null,
        "intensitaet": null,
        "gewichtete_valenz": null,
        "f_wert": "ort_loest_emotion_aus",
        "f_emotion": "angespannte Beobachtung",
        "raum_emotion": {
          "ort": "Salon / Türschwelle zum Zimmer",
          "emotion": "angespannte Beobachtung",
          "richtung": "ort_loest_emotion_aus"
        },
        "route": null
      }
    },
    {
      "type": "Feature",
      "geometry": {
        "type": "Point",
        "coordinates": [
          2.3353,
          48.8753
        ]
      },
      "properties": {
        "id": 122,
        "zeile": 12,
        "tags": [
          "george_duroy",
          "mood",
          "koerper_als_akteur"
        ],
        "perspektive": "figur",
        "text": "Er tat so, als bemerke er sie nicht, und so beobachteten sie sich erst einander prüfend eine Zeitlan",
        "notiz": "Duroy setzt eine bewusste Körperstrategie ein — das Vortäuschen von Nicht-Wahrnehmen als soziales Machtspiel.",
        "ort": "Salon der Wohnung von Madame de Marelle (Paris)",
        "valenz": null,
        "intensitaet": null,
        "gewichtete_valenz": null,
        "f_wert": null,
        "f_emotion": null,
        "raum_emotion": null,
        "route": null
      }
    },
    {
      "type": "Feature",
      "geometry": {
        "type": "Point",
        "coordinates": [
          2.3353,
          48.8753
        ]
      },
      "properties": {
        "id": 123,
        "zeile": 14,
        "tags": [
          "george_duroy",
          "mood",
          "koerper_als_akteur"
        ],
        "perspektive": "figur",
        "text": "Er eilte auf sie zu und stammelte: »Wie ich Sie liebe! Wie ich Sie liebe!«",
        "notiz": "Duroy agiert mit körperlicher Bewegung und emotionalem Ausdruck — bewusstes Spiel mit Gefühlsinszenierung.",
        "ort": "Salon der Wohnung von Madame de Marelle (Paris)",
        "valenz": null,
        "intensitaet": null,
        "gewichtete_valenz": null,
        "f_wert": null,
        "f_emotion": null,
        "raum_emotion": null,
        "route": null
      }
    },
    {
      "type": "Feature",
      "geometry": {
        "type": "Point",
        "coordinates": [
          2.3353,
          48.8753
        ]
      },
      "properties": {
        "id": 124,
        "zeile": 17,
        "tags": [
          "george_duroy",
          "mood"
        ],
        "perspektive": "figur",
        "text": "Er dachte: »Das war leichter, als ich geglaubt hatte, die Sache klappt ausgezeichnet!«",
        "notiz": "Duroy reflektiert innerlich seinen taktischen Erfolg — kalkulierendes Selbstgespräch hinter der Gefühlsinszenierung.",
        "ort": "Salon der Wohnung von Madame de Marelle (Paris)",
        "valenz": null,
        "intensitaet": null,
        "gewichtete_valenz": null,
        "f_wert": null,
        "f_emotion": null,
        "raum_emotion": null,
        "route": null
      }
    },
    {
      "type": "Feature",
      "geometry": {
        "type": "Point",
        "coordinates": [
          2.3353,
          48.8753
        ]
      },
      "properties": {
        "id": 125,
        "zeile": 18,
        "tags": [
          "george_duroy",
          "mood",
          "koerper_als_akteur"
        ],
        "perspektive": "figur",
        "text": "versuchte, in seine Blicke den Ausdruck einer unendlichen Liebe hineinzulegen.",
        "notiz": "Duroy inszeniert Emotionen bewusst über seinen Körperausdruck — performatives Gefühlsmanagement.",
        "ort": "Salon der Wohnung von Madame de Marelle (Paris)",
        "valenz": null,
        "intensitaet": null,
        "gewichtete_valenz": null,
        "f_wert": null,
        "f_emotion": null,
        "raum_emotion": null,
        "route": null
      }
    },
    {
      "type": "Feature",
      "geometry": {
        "type": "Point",
        "coordinates": [
          2.3353,
          48.8753
        ]
      },
      "properties": {
        "id": 126,
        "zeile": 24,
        "tags": [
          "move",
          "social",
          "space"
        ],
        "perspektive": "erzaehler",
        "text": "Sie nahm ihn am Arm, als ob er ihr Gatte wäre, und sie gingen zum Sofa, wo sie sich nebeneinander hi",
        "notiz": "Maupassant beschreibt die Bewegung zum Sofa als Geste sozialer Vertrautheit — von aussen beobachtet.",
        "ort": "Salon der Wohnung von Madame de Marelle (Paris)",
        "valenz": null,
        "intensitaet": 1,
        "gewichtete_valenz": null,
        "f_wert": null,
        "f_emotion": null,
        "raum_emotion": null,
        "route": null
      }
    },
    {
      "type": "Feature",
      "geometry": {
        "type": "Point",
        "coordinates": [
          2.3353,
          48.8753
        ]
      },
      "properties": {
        "id": 127,
        "zeile": 25,
        "tags": [
          "george_duroy",
          "mood"
        ],
        "perspektive": "figur",
        "text": "Er versuchte eine leichte und angenehme Unterhaltung anzufangen.",
        "notiz": "Duroy bemüht sich bewusst um Kontrolle der sozialen Situation — Strategie hinter der Konversation.",
        "ort": "Salon der Wohnung von Madame de Marelle (Paris)",
        "valenz": null,
        "intensitaet": null,
        "gewichtete_valenz": null,
        "f_wert": null,
        "f_emotion": null,
        "raum_emotion": null,
        "route": null
      }
    },
    {
      "type": "Feature",
      "geometry": {
        "type": "Point",
        "coordinates": [
          2.3353,
          48.8753
        ]
      },
      "properties": {
        "id": 128,
        "zeile": 1,
        "tags": [
          "george_duroy",
          "mood",
          "atmosphere"
        ],
        "perspektive": "figur",
        "text": "Und so saßen sie schweigend, die Blicke ineinander versenkt, mit verschlungenen Händen, liebebedürft",
        "notiz": "Duroy erlebt einen Moment intensiver emotionaler und körperlicher Nähe — inneres Erleben von Leidenschaft und Verlangen.",
        "ort": "Salon/Wohnung Madame de Marelles (Paris, unspezifisch)",
        "valenz": null,
        "intensitaet": null,
        "gewichtete_valenz": null,
        "f_wert": "ort_loest_emotion_aus",
        "f_emotion": "Verlangen, Liebebedürftigkeit",
        "raum_emotion": {
          "ort": "Salon",
          "emotion": "Verlangen, Liebebedürftigkeit",
          "richtung": "ort_loest_emotion_aus"
        },
        "route": null
      }
    },
    {
      "type": "Feature",
      "geometry": {
        "type": "Point",
        "coordinates": [
          2.3353,
          48.8753
        ]
      },
      "properties": {
        "id": 129,
        "zeile": 5,
        "tags": [
          "sound",
          "space"
        ],
        "perspektive": "erzaehler",
        "text": "Man hörte das Mädchen im Eßzimmer hinter der Wand mit dem Geschirr klappern.",
        "notiz": "Maupassant beschreibt als neutraler Erzähler das Geräusch aus dem Esszimmer als räumliche Kulisse.",
        "ort": "Esszimmer der Wohnung Madame de Marelles (Paris, unspezifisch)",
        "valenz": 0,
        "intensitaet": 1,
        "gewichtete_valenz": 0,
        "f_wert": null,
        "f_emotion": null,
        "raum_emotion": null,
        "route": null
      }
    },
    {
      "type": "Feature",
      "geometry": {
        "type": "Point",
        "coordinates": [
          2.3353,
          48.8753
        ]
      },
      "properties": {
        "id": 130,
        "zeile": 7,
        "tags": [
          "george_duroy",
          "mood",
          "koerper_als_akteur"
        ],
        "perspektive": "figur",
        "text": "»Ich kann nicht so dicht neben Ihnen bleiben, sonst verliere ich den Kopf.«",
        "notiz": "Duroy erlebt seine räumliche Nähe zu Clotilde als bedrohlich für seine Selbstkontrolle — Leidenschaft als körperlicher Zustand.",
        "ort": "Salon der Wohnung Madame de Marelles (Paris, unspezifisch)",
        "valenz": null,
        "intensitaet": null,
        "gewichtete_valenz": null,
        "f_wert": "koerper_als_sensor",
        "f_emotion": "Verlust der Beherrschung, überwältigendes Verlangen",
        "raum_emotion": {
          "ort": "Salon",
          "emotion": "Verlust der Beherrschung, überwältigendes Verlangen",
          "richtung": "koerper_als_sensor"
        },
        "route": null
      }
    },
    {
      "type": "Feature",
      "geometry": {
        "type": "Point",
        "coordinates": [
          2.3353,
          48.8753
        ]
      },
      "properties": {
        "id": 131,
        "zeile": 10,
        "tags": [
          "atmosphere",
          "social"
        ],
        "perspektive": "erzaehler",
        "text": "Duroy bot der jungen Dame mit Würde den Arm. Sie saßen sich bei Tisch gegenüber; sie sahen sich an u",
        "notiz": "Maupassant beschreibt die Szene am Tisch von aussen und charakterisiert die Atmosphäre aufkeimender Leidenschaft als Kulisse.",
        "ort": "Esszimmer der Wohnung Madame de Marelles (Paris, unspezifisch)",
        "valenz": null,
        "intensitaet": 2,
        "gewichtete_valenz": null,
        "f_wert": "ort_loest_emotion_aus",
        "f_emotion": "Zauber aufblühender Leidenschaft",
        "raum_emotion": {
          "ort": "Esszimmer",
          "emotion": "Zauber aufblühender Leidenschaft",
          "richtung": "ort_loest_emotion_aus"
        },
        "route": null
      }
    },
    {
      "type": "Feature",
      "geometry": {
        "type": "Point",
        "coordinates": [
          2.3353,
          48.8753
        ]
      },
      "properties": {
        "id": 132,
        "zeile": 12,
        "tags": [
          "george_duroy",
          "mood",
          "koerper_als_akteur",
          "material"
        ],
        "perspektive": "figur",
        "text": "Sie aßen, ohne zu merken, was. Er fühlte einen Fuß, einen kleinen Fuß, der unter dem Tisch sich regt",
        "notiz": "Duroy nimmt den Fuß Clotildes körperlich wahr und reagiert darauf — heimliche Intimität als taktiles Erlebnis.",
        "ort": "Esszimmer der Wohnung Madame de Marelles (Paris, unspezifisch)",
        "valenz": null,
        "intensitaet": null,
        "gewichtete_valenz": null,
        "f_wert": "koerper_als_sensor",
        "f_emotion": "Verlangen, heimliche Intimität",
        "raum_emotion": {
          "ort": "Esszimmer, unter dem Tisch",
          "emotion": "Verlangen, heimliche Intimität",
          "richtung": "koerper_als_sensor"
        },
        "route": null
      }
    },
    {
      "type": "Feature",
      "geometry": {
        "type": "Point",
        "coordinates": [
          2.3353,
          48.8753
        ]
      },
      "properties": {
        "id": 133,
        "zeile": 16,
        "tags": [
          "space",
          "atmosphere"
        ],
        "perspektive": "erzaehler",
        "text": "Das Mädchen kam und ging, brachte die Speisen und trug sie wieder ab, ohne daß sie irgend etwas zu m",
        "notiz": "Maupassant schildert von aussen das Kommen und Gehen der Dienerin als neutrale Kulisse der verdeckten Intimszene.",
        "ort": "Esszimmer der Wohnung Madame de Marelles (Paris, unspezifisch)",
        "valenz": 0,
        "intensitaet": 1,
        "gewichtete_valenz": 0,
        "f_wert": null,
        "f_emotion": null,
        "raum_emotion": null,
        "route": null
      }
    },
    {
      "type": "Feature",
      "geometry": {
        "type": "Point",
        "coordinates": [
          2.3353,
          48.8753
        ]
      },
      "properties": {
        "id": 134,
        "zeile": 18,
        "tags": [
          "move",
          "location",
          "space"
        ],
        "perspektive": "erzaehler",
        "text": "Als die Mahlzeit beendet war, kehrten sie in den Salon zurück und setzten sich wieder auf das Sofa, ",
        "notiz": "Maupassant beschreibt die Bewegung zurück in den Salon als neutralen Raumwechsel.",
        "ort": "Salon der Wohnung Madame de Marelles (Paris, unspezifisch)",
        "valenz": null,
        "intensitaet": 1,
        "gewichtete_valenz": null,
        "f_wert": null,
        "f_emotion": null,
        "raum_emotion": null,
        "route": null
      }
    },
    {
      "type": "Feature",
      "geometry": {
        "type": "Point",
        "coordinates": [
          2.3353,
          48.8753
        ]
      },
      "properties": {
        "id": 135,
        "zeile": 20,
        "tags": [
          "george_duroy",
          "mood",
          "koerper_als_akteur"
        ],
        "perspektive": "figur",
        "text": "Er wollte zärtlich sein und sie umarmen; sie wies ihn sanft zurück.",
        "notiz": "Duroys Impuls zur körperlichen Nähe wird beschrieben — aus seiner Perspektive als aktives Begehren erlebt.",
        "ort": "Salon der Wohnung Madame de Marelles (Paris, unspezifisch)",
        "valenz": null,
        "intensitaet": null,
        "gewichtete_valenz": null,
        "f_wert": "ort_loest_emotion_aus",
        "f_emotion": "Verlangen, Zärtlichkeitsdrang",
        "raum_emotion": {
          "ort": "Salon",
          "emotion": "Verlangen, Zärtlichkeitsdrang",
          "richtung": "ort_loest_emotion_aus"
        },
        "route": null
      }
    },
    {
      "type": "Feature",
      "geometry": {
        "type": "Point",
        "coordinates": [
          2.3353,
          48.8753
        ]
      },
      "properties": {
        "id": 136,
        "zeile": 26,
        "tags": [
          "george_duroy",
          "mood",
          "social",
          "koerper_als_akteur"
        ],
        "perspektive": "figur",
        "text": "Er fühlte, wie er rot wurde. »Zu mir? ... Es ist ... ja so ... ich meine nur... es ist sehr bescheid",
        "notiz": "Duroy errötet und empfindet Scham über seine bescheidenen Verhältnisse — soziales Bewusstsein wird körperlich spürbar.",
        "ort": "Salon der Wohnung Madame de Marelles (Paris, unspezifisch)",
        "valenz": -1,
        "intensitaet": 2,
        "gewichtete_valenz": -2,
        "f_wert": "koerper_als_sensor",
        "f_emotion": "Scham, soziales Unbehagen",
        "raum_emotion": {
          "ort": "Salon",
          "emotion": "Scham, soziales Unbehagen",
          "richtung": "koerper_als_sensor"
        },
        "route": null
      }
    },
    {
      "type": "Feature",
      "geometry": {
        "type": "Point",
        "coordinates": [
          2.3353,
          48.8753
        ]
      },
      "properties": {
        "id": 137,
        "zeile": 30,
        "tags": [
          "george_duroy",
          "mood",
          "time",
          "koerper_als_akteur"
        ],
        "perspektive": "figur",
        "text": "Nun drängte er sie, zu sagen, wann sie kommen würde. Sie bestimmte einen der letzten Tage der nächst",
        "notiz": "Duroy erlebt die Zeitspanne bis zum nächsten Treffen als emotional unerträgliche Wartezeit — Ungeduld und Begehren prägen sein Handeln.",
        "ort": "Salon der Wohnung Madame de Marelles (Paris, unspezifisch)",
        "valenz": -1,
        "intensitaet": 2,
        "gewichtete_valenz": -2,
        "f_wert": "koerper_als_sensor",
        "f_emotion": "Ungeduld, Verlangen, Drängen",
        "raum_emotion": {
          "ort": "Salon",
          "emotion": "Ungeduld, Verlangen, Drängen",
          "richtung": "koerper_als_sensor"
        },
        "route": null
      }
    },
    {
      "type": "Feature",
      "geometry": {
        "type": "Point",
        "coordinates": [
          2.3353,
          48.8753
        ]
      },
      "properties": {
        "id": 138,
        "zeile": 1,
        "tags": [
          "george_duroy",
          "koerper_als_akteur",
          "atmosphere"
        ],
        "perspektive": "erzaehler",
        "text": "Sein Gesicht glühte fieberhaft, verzerrt von Verlangen, das einer Mahlzeit zu zweien zu folgen pfleg",
        "notiz": "Maupassant beschreibt Duroys körperlich-sinnliches Verlangen von aussen als sichtbares Zeichen im Gesicht.",
        "ort": "Wohnung Madame de Marelles (unbestimmt)",
        "valenz": null,
        "intensitaet": null,
        "gewichtete_valenz": null,
        "f_wert": null,
        "f_emotion": null,
        "raum_emotion": null,
        "route": null
      }
    },
    {
      "type": "Feature",
      "geometry": {
        "type": "Point",
        "coordinates": [
          2.3353,
          48.8753
        ]
      },
      "properties": {
        "id": 139,
        "zeile": 6,
        "tags": [
          "george_duroy",
          "mood"
        ],
        "perspektive": "figur",
        "text": "Freudig und erleichtert seufzte er auf und nun plauderten sie wieder ganz ruhig; sie waren so vertra",
        "notiz": "Duroy erlebt Freude und Erleichterung nach der Zusage der Geliebten — innerer Stimmungsumschwung.",
        "ort": "Wohnung Madame de Marelles (unbestimmt)",
        "valenz": 1,
        "intensitaet": 2,
        "gewichtete_valenz": 2,
        "f_wert": "ort_loest_emotion_aus",
        "f_emotion": "Freude und Erleichterung",
        "raum_emotion": {
          "ort": "Wohnung Madame de Marelles",
          "emotion": "Freude und Erleichterung",
          "richtung": "ort_loest_emotion_aus"
        },
        "route": null
      }
    },
    {
      "type": "Feature",
      "geometry": {
        "type": "Point",
        "coordinates": [
          2.3353,
          48.8753
        ]
      },
      "properties": {
        "id": 140,
        "zeile": 14,
        "tags": [
          "george_duroy"
        ],
        "perspektive": "erzaehler",
        "text": "Er nahm das Mädchen auf die Knie und mußte nun mit ihr alle die Spiele spielen, die er sie gelehrt h",
        "notiz": "Maupassant beschreibt Duroys Verhalten mit dem Kind von aussen, ohne inneres Erleben.",
        "ort": "Wohnung Madame de Marelles (unbestimmt)",
        "valenz": null,
        "intensitaet": null,
        "gewichtete_valenz": null,
        "f_wert": null,
        "f_emotion": null,
        "raum_emotion": null,
        "route": null
      }
    },
    {
      "type": "Feature",
      "geometry": {
        "type": "Point",
        "coordinates": [
          2.3353,
          48.8753
        ]
      },
      "properties": {
        "id": 141,
        "zeile": 17,
        "tags": [
          "george_duroy",
          "move",
          "time"
        ],
        "perspektive": "figur",
        "text": "Zwanzig Minuten vor drei brach er auf, um auf die Redaktion zu gehen.",
        "notiz": "Duroy bricht auf — Bewegung mit konkreter Zeitangabe, die die Tagesstruktur seiner Arbeit markiert.",
        "ort": "Richtung Redaktion (La Vie française, Nähe Boulevard des Capucines)",
        "valenz": null,
        "intensitaet": null,
        "gewichtete_valenz": null,
        "f_wert": null,
        "f_emotion": null,
        "raum_emotion": null,
        "route": null
      }
    },
    {
      "type": "Feature",
      "geometry": {
        "type": "Point",
        "coordinates": [
          2.3353,
          48.8753
        ]
      },
      "properties": {
        "id": 142,
        "zeile": 17,
        "tags": [
          "george_duroy",
          "space",
          "location"
        ],
        "perspektive": "erzaehler",
        "text": "Auf der Treppe flüsterte er nochmals durch die halboffene Tür: »Morgen, um fünf.«",
        "notiz": "Maupassant beschreibt den Abschied auf der Treppe als Übergangsraum zwischen Wohnung und Strasse.",
        "ort": "Treppenhaus der Wohnung Madame de Marelles",
        "valenz": null,
        "intensitaet": 1,
        "gewichtete_valenz": null,
        "f_wert": null,
        "f_emotion": null,
        "raum_emotion": null,
        "route": null
      }
    },
    {
      "type": "Feature",
      "geometry": {
        "type": "Point",
        "coordinates": [
          2.3353,
          48.8753
        ]
      },
      "properties": {
        "id": 143,
        "zeile": 21,
        "tags": [
          "george_duroy",
          "mood",
          "social",
          "space"
        ],
        "perspektive": "figur",
        "text": "Sobald er seine Tagesarbeit erledigt hatte, überlegte er sich, wie er sein Zimmer ausschmücken sollt",
        "notiz": "Duroy denkt über die Ärmlichkeit seines Zimmers nach — soziale Scham und Planung aus innerer Perspektive.",
        "ort": "Redaktion La Vie française / Duroys Zimmer (unbestimmt)",
        "valenz": -1,
        "intensitaet": 2,
        "gewichtete_valenz": -2,
        "f_wert": "ort_loest_emotion_aus",
        "f_emotion": "Scham über Armut, Wunsch zu verbergen",
        "raum_emotion": {
          "ort": "Duroys Zimmer",
          "emotion": "Scham über Armut, Wunsch zu verbergen",
          "richtung": "ort_loest_emotion_aus"
        },
        "route": null
      }
    },
    {
      "type": "Feature",
      "geometry": {
        "type": "Point",
        "coordinates": [
          2.3353,
          48.8753
        ]
      },
      "properties": {
        "id": 144,
        "zeile": 22,
        "tags": [
          "george_duroy",
          "social",
          "material",
          "space"
        ],
        "perspektive": "figur",
        "text": "Er kam auf den Gedanken, allerlei kleine japanische Gegenstände mit Stecknadeln an den Wänden zu bef",
        "notiz": "Duroy kauft billige Dekoration, um seine armselige Unterkunft aufzuwerten — soziale Kaschierungsstrategie aus innerer Handlungsperspektive.",
        "ort": "Duroys Zimmer (unbestimmt, Paris)",
        "valenz": -1,
        "intensitaet": 2,
        "gewichtete_valenz": -2,
        "f_wert": "emotion_faerbt_raum",
        "f_emotion": "Verlangen nach Aufwertung des sozialen Erscheinungsbildes",
        "raum_emotion": {
          "ort": "Duroys Zimmer",
          "emotion": "Verlangen nach Aufwertung des sozialen Erscheinungsbildes",
          "richtung": "emotion_faerbt_raum"
        },
        "route": null
      }
    },
    {
      "type": "Feature",
      "geometry": {
        "type": "Point",
        "coordinates": [
          2.3353,
          48.8753
        ]
      },
      "properties": {
        "id": 145,
        "zeile": 24,
        "tags": [
          "george_duroy",
          "material",
          "space",
          "atmosphere"
        ],
        "perspektive": "figur",
        "text": "Auf die Fensterscheiben klebte er durchscheinende Bilder von Flüssen mit Kähnen, von Vogelschwärmen ",
        "notiz": "Duroy gestaltet seinen Raum mit visuellen Bildern — die japanische Dekoration schafft eine imaginäre Gegenwelt zur städtischen Ärmlichkeit.",
        "ort": "Duroys Zimmer (unbestimmt, Paris)",
        "valenz": null,
        "intensitaet": 2,
        "gewichtete_valenz": null,
        "f_wert": "emotion_faerbt_raum",
        "f_emotion": "Sehnsucht nach Schönheit und Verklärung des armselig Realen",
        "raum_emotion": {
          "ort": "Duroys Zimmer",
          "emotion": "Sehnsucht nach Schönheit und Verklärung des armselig Realen",
          "richtung": "emotion_faerbt_raum"
        },
        "route": null
      }
    },
    {
      "type": "Feature",
      "geometry": {
        "type": "Point",
        "coordinates": [
          2.3353,
          48.8753
        ]
      },
      "properties": {
        "id": 146,
        "zeile": 1,
        "tags": [
          "george_duroy",
          "space",
          "atmosphere"
        ],
        "perspektive": "figur",
        "text": "Auf diese Weise sah sein Zimmer, das gerade groß genug war, um darin zu schlafen und zu sitzen, sehr",
        "notiz": "Duroy nimmt sein kleines Zimmer wahr und vergleicht es mit einer bemalten Papierlaterne — subjektive Raumwahrnehmung aus seiner Perspektive.",
        "ort": "Duroys Zimmer (genaue Adresse unbekannt)",
        "valenz": 1,
        "intensitaet": 2,
        "gewichtete_valenz": 2,
        "f_wert": "emotion_faerbt_raum",
        "f_emotion": "ästhetisches Wohlgefallen",
        "raum_emotion": {
          "ort": "Zimmer",
          "emotion": "ästhetisches Wohlgefallen",
          "richtung": "emotion_faerbt_raum"
        },
        "route": null
      }
    },
    {
      "type": "Feature",
      "geometry": {
        "type": "Point",
        "coordinates": [
          2.3353,
          48.8753
        ]
      },
      "properties": {
        "id": 147,
        "zeile": 2,
        "tags": [
          "george_duroy",
          "mood"
        ],
        "perspektive": "figur",
        "text": "Er hielt die Wirkung für hinreichend und verbrachte den Abend damit, aus kolorierten Blättern, die e",
        "notiz": "Duroy bewertet die Wirkung seines dekorierten Zimmers als ausreichend und beschäftigt sich kreativ — inneres Erleben seiner Zufriedenheit.",
        "ort": "Duroys Zimmer",
        "valenz": 1,
        "intensitaet": 1,
        "gewichtete_valenz": 1,
        "f_wert": null,
        "f_emotion": null,
        "raum_emotion": null,
        "route": null
      }
    },
    {
      "type": "Feature",
      "geometry": {
        "type": "Point",
        "coordinates": [
          2.3353,
          48.8753
        ]
      },
      "properties": {
        "id": 148,
        "zeile": 3,
        "tags": [
          "george_duroy",
          "sound",
          "mood"
        ],
        "perspektive": "figur",
        "text": "Dann legte er sich schlafen, eingewiegt durch das Pfeifen der Eisenbahnzüge.",
        "notiz": "Duroy hört das Pfeifen der Eisenbahnzüge und schläft ein — akustische Wahrnehmung aus seiner Perspektive.",
        "ort": "Duroys Zimmer",
        "valenz": 1,
        "intensitaet": 1,
        "gewichtete_valenz": 1,
        "f_wert": "ort_loest_emotion_aus",
        "f_emotion": "Geborgenheit, Einschlafen",
        "raum_emotion": {
          "ort": "Zimmer",
          "emotion": "Geborgenheit, Einschlafen",
          "richtung": "ort_loest_emotion_aus"
        },
        "route": null
      }
    },
    {
      "type": "Feature",
      "geometry": {
        "type": "Point",
        "coordinates": [
          2.3353,
          48.8753
        ]
      },
      "properties": {
        "id": 150,
        "zeile": 5,
        "tags": [
          "social",
          "material"
        ],
        "perspektive": "erzaehler",
        "text": "Dann mußte er nochmals hinunter, um zwei Teller und zwei Gläser zu besorgen, worauf er alles auf den",
        "notiz": "Maupassant beschreibt von aussen die ärmliche Einrichtung und Duroys Bemühen, die Schäbigkeit zu kaschieren — sozialer Marker.",
        "ort": "Duroys Zimmer",
        "valenz": null,
        "intensitaet": 1,
        "gewichtete_valenz": null,
        "f_wert": null,
        "f_emotion": null,
        "raum_emotion": null,
        "route": null
      }
    },
    {
      "type": "Feature",
      "geometry": {
        "type": "Point",
        "coordinates": [
          2.3353,
          48.8753
        ]
      },
      "properties": {
        "id": 151,
        "zeile": 6,
        "tags": [
          "time"
        ],
        "perspektive": "erzaehler",
        "text": "Und nun wartete er.",
        "notiz": "Neutrale Erzählerangabe über das Warten Duroys — knappe zeitliche Kulisse ohne explizites inneres Erleben.",
        "ort": "Duroys Zimmer",
        "valenz": null,
        "intensitaet": 1,
        "gewichtete_valenz": null,
        "f_wert": null,
        "f_emotion": null,
        "raum_emotion": null,
        "route": null
      }
    },
    {
      "type": "Feature",
      "geometry": {
        "type": "Point",
        "coordinates": [
          2.3353,
          48.8753
        ]
      },
      "properties": {
        "id": 152,
        "zeile": 7,
        "tags": [
          "time"
        ],
        "perspektive": "erzaehler",
        "text": "Um viertel nach fünf erschien sie",
        "notiz": "Neutrale Zeitangabe durch den Erzähler — Ankunft der Besucherin ohne emotionalen Bezug Duroys.",
        "ort": "Duroys Zimmer",
        "valenz": null,
        "intensitaet": 1,
        "gewichtete_valenz": null,
        "f_wert": null,
        "f_emotion": null,
        "raum_emotion": null,
        "route": null
      }
    },
    {
      "type": "Feature",
      "geometry": {
        "type": "Point",
        "coordinates": [
          2.3353,
          48.8753
        ]
      },
      "properties": {
        "id": 153,
        "zeile": 8,
        "tags": [
          "george_duroy",
          "mood",
          "koerper_als_akteur"
        ],
        "perspektive": "figur",
        "text": "Er nahm sie in seine Arme und küßte leidenschaftlich ihre Haare durch den Schleier hindurch zwischen",
        "notiz": "Duroy handelt leidenschaftlich — körperliche Aktion als Ausdruck innerer Emotion.",
        "ort": "Duroys Zimmer",
        "valenz": null,
        "intensitaet": null,
        "gewichtete_valenz": null,
        "f_wert": null,
        "f_emotion": null,
        "raum_emotion": null,
        "route": null
      }
    },
    {
      "type": "Feature",
      "geometry": {
        "type": "Point",
        "coordinates": [
          2.3239,
          48.8784
        ]
      },
      "properties": {
        "id": 154,
        "zeile": 9,
        "tags": [
          "george_duroy",
          "move",
          "location"
        ],
        "perspektive": "figur",
        "text": "Anderthalb Stunden später begleitete er sie zu einer Droschkenhaltestelle in der Rue de Rome.",
        "notiz": "Duroy begleitet die Besucherin zu einer Droschkenhaltestelle in der Rue de Rome — konkrete Ortsnennung mit Bewegung.",
        "ort": "Rue de Rome, Paris",
        "valenz": null,
        "intensitaet": null,
        "gewichtete_valenz": null,
        "f_wert": null,
        "f_emotion": null,
        "raum_emotion": null,
        "route": [
          [
            2.3238495,
            48.8783959
          ]
        ]
      }
    },
    {
      "type": "Feature",
      "geometry": {
        "type": "Point",
        "coordinates": [
          2.3239,
          48.8784
        ]
      },
      "properties": {
        "id": 155,
        "zeile": 10,
        "tags": [
          "time",
          "atmosphere"
        ],
        "perspektive": "erzaehler",
        "text": "Da es schon dunkelte, zog sie seinen Kopf noch einmal an sich und küßte ihn auf den Mund.",
        "notiz": "Maupassant setzt die Dämmerung als atmosphärische Kulisse für den Abschiedskuss.",
        "ort": "Rue de Rome, Paris",
        "valenz": null,
        "intensitaet": 2,
        "gewichtete_valenz": null,
        "f_wert": "ort_loest_emotion_aus",
        "f_emotion": "romantische Stimmung",
        "raum_emotion": {
          "ort": "Rue de Rome",
          "emotion": "romantische Stimmung",
          "richtung": "ort_loest_emotion_aus"
        },
        "route": null
      }
    },
    {
      "type": "Feature",
      "geometry": {
        "type": "Point",
        "coordinates": [
          2.3239,
          48.8784
        ]
      },
      "properties": {
        "id": 156,
        "zeile": 11,
        "tags": [
          "move"
        ],
        "perspektive": "erzaehler",
        "text": "Der Schimmel begann langsam zu traben und die Droschke rollte davon.",
        "notiz": "Maupassant beschreibt von aussen das Davonfahren der Droschke als neutrale Bewegungsangabe.",
        "ort": "Rue de Rome, Paris",
        "valenz": null,
        "intensitaet": 1,
        "gewichtete_valenz": null,
        "f_wert": null,
        "f_emotion": null,
        "raum_emotion": null,
        "route": [
          [
            2.3238495,
            48.8783959
          ],
          [
            2.3245592,
            48.8776298
          ],
          [
            2.3246293,
            48.8775243
          ],
          [
            2.3244096,
            48.877439
          ],
          [
            2.3242537,
            48.8773997
          ],
          [
            2.3240838,
            48.8773672
          ],
          [
            2.3239142,
            48.877335
          ],
          [
            2.3237766,
            48.8773236
          ],
          [
            2.3236047,
            48.877309
          ],
          [
            2.3234571,
            48.877308
          ],
          [
            2.3233921,
            48.87731
          ],
          [
            2.3231358,
            48.8774559
          ],
          [
            2.3231166,
            48.8774517
          ],
          [
            2.3230806,
            48.8774439
          ],
          [
            2.32316,
            48.8772959
          ],
          [
            2.3229356,
            48.8772467
          ],
          [
            2.3229423,
            48.8772324
          ],
          [
            2.3219617,
            48.8770964
          ],
          [
            2.3219557,
            48.8771102
          ],
          [
            2.3218058,
            48.8771581
          ],
          [
            2.3216352,
            48.8770142
          ],
          [
            2.320042,
            48.8781799
          ],
          [
            2.3186086,
            48.8792657
          ],
          [
            2.3185033,
            48.8792142
          ],
          [
            2.3181613,
            48.8794615
          ],
          [
            2.3180752,
            48.8795445
          ],
          [
            2.3173076,
            48.879424
          ],
          [
            2.3172657,
            48.8794373
          ],
          [
            2.3170892,
            48.8794232
          ]
        ]
      }
    },
    {
      "type": "Feature",
      "geometry": {
        "type": "Point",
        "coordinates": [
          2.33805,
          48.8675
        ]
      },
      "properties": {
        "id": 157,
        "zeile": 12,
        "tags": [
          "time"
        ],
        "perspektive": "erzaehler",
        "text": "Drei Wochen lang besuchte Frau de Marelle jeden zweiten oder dritten Tag ihren Freund, manchmal des ",
        "notiz": "Erzähler gibt einen neutralen Zeitrahmen über die Häufigkeit der Besuche an.",
        "ort": "Duroys Zimmer",
        "valenz": null,
        "intensitaet": 1,
        "gewichtete_valenz": null,
        "f_wert": null,
        "f_emotion": null,
        "raum_emotion": null,
        "route": null
      }
    },
    {
      "type": "Feature",
      "geometry": {
        "type": "Point",
        "coordinates": [
          2.33805,
          48.8675
        ]
      },
      "properties": {
        "id": 158,
        "zeile": 13,
        "tags": [
          "george_duroy",
          "sound",
          "move"
        ],
        "perspektive": "figur",
        "text": "Eines Nachmittags, als er sie erwartete, hörte er lauten Lärm auf der Treppe und eilte nach der Tür.",
        "notiz": "Duroy hört Lärm auf der Treppe und reagiert — akustische Wahrnehmung aus seiner Perspektive mit Bewegungsimpuls.",
        "ort": "Duroys Zimmer / Treppe",
        "valenz": null,
        "intensitaet": null,
        "gewichtete_valenz": null,
        "f_wert": "ort_loest_emotion_aus",
        "f_emotion": "Aufmerksamkeit, Alarm",
        "raum_emotion": {
          "ort": "Treppe im Mietshaus",
          "emotion": "Aufmerksamkeit, Alarm",
          "richtung": "ort_loest_emotion_aus"
        },
        "route": null
      }
    },
    {
      "type": "Feature",
      "geometry": {
        "type": "Point",
        "coordinates": [
          2.33805,
          48.8675
        ]
      },
      "properties": {
        "id": 159,
        "zeile": 1,
        "tags": [
          "george_duroy",
          "mood",
          "sound"
        ],
        "perspektive": "figur",
        "text": "Duroy war entsetzt und zog sich zurück, denn schon hörte er das Rauschen von Röcken und hastige Schr",
        "notiz": "Duroy reagiert erschrocken auf das Gehörte und zieht sich zurück — inneres Erleben verbunden mit akustischer Wahrnehmung.",
        "ort": "Duroys Mietwohnung (genaue Adresse unbekannt)",
        "valenz": null,
        "intensitaet": null,
        "gewichtete_valenz": null,
        "f_wert": "ort_loest_emotion_aus",
        "f_emotion": "Entsetzen, Rückzug",
        "raum_emotion": {
          "ort": "Treppenhaus/Zimmer",
          "emotion": "Entsetzen, Rückzug",
          "richtung": "ort_loest_emotion_aus"
        },
        "route": null
      }
    },
    {
      "type": "Feature",
      "geometry": {
        "type": "Point",
        "coordinates": [
          2.33805,
          48.8675
        ]
      },
      "properties": {
        "id": 160,
        "zeile": 2,
        "tags": [
          "george_duroy"
        ],
        "perspektive": "figur",
        "text": "Er tat, als ob er von nichts wüßte",
        "notiz": "Duroy spielt Unwissenheit vor — bewusste Handlung und soziale Verstellung.",
        "ort": "Duroys Zimmer",
        "valenz": null,
        "intensitaet": null,
        "gewichtete_valenz": null,
        "f_wert": null,
        "f_emotion": null,
        "raum_emotion": null,
        "route": null
      }
    },
    {
      "type": "Feature",
      "geometry": {
        "type": "Point",
        "coordinates": [
          2.33805,
          48.8675
        ]
      },
      "properties": {
        "id": 161,
        "zeile": 3,
        "tags": [
          "social"
        ],
        "perspektive": "erzaehler",
        "text": "Er mußte ihr den Hut abnehmen, ihr Korsett öffnen, sie aufs Bett legen und ihre Schläfen mit einem f",
        "notiz": "Maupassant beschreibt von aussen Duroys fürsorgliche Handlungen gegenüber der aufgelösten Madame de Marelle.",
        "ort": "Duroys Zimmer",
        "valenz": null,
        "intensitaet": 2,
        "gewichtete_valenz": null,
        "f_wert": null,
        "f_emotion": null,
        "raum_emotion": null,
        "route": null
      }
    },
    {
      "type": "Feature",
      "geometry": {
        "type": "Point",
        "coordinates": [
          2.33805,
          48.8675
        ]
      },
      "properties": {
        "id": 162,
        "zeile": 4,
        "tags": [
          "george_duroy",
          "social"
        ],
        "perspektive": "figur",
        "text": "»Das sind doch Arbeiter, rohe Menschen«, wiederholte er immer wieder. »Bedenke doch, man müßte sie d",
        "notiz": "Duroy denkt in sozialen Kategorien und mahnt zur Vorsicht vor dem Klassengefälle — inneres Kalkül über soziale Gefährdung.",
        "ort": "Duroys Zimmer",
        "valenz": -1,
        "intensitaet": 2,
        "gewichtete_valenz": -2,
        "f_wert": null,
        "f_emotion": null,
        "raum_emotion": null,
        "route": null
      }
    },
    {
      "type": "Feature",
      "geometry": {
        "type": "Point",
        "coordinates": [
          2.33805,
          48.8675
        ]
      },
      "properties": {
        "id": 163,
        "zeile": 5,
        "tags": [
          "historical",
          "location"
        ],
        "perspektive": "erzaehler",
        "text": "»Nein, höre mal, ich weiß etwas. Überlaß es mir, kümmere dich um nichts. Ich schicke dir morgen ein ",
        "notiz": "Erzählerkommentar erklärt den zeitgenössischen Pariser Rohrpost-Telegrammdienst (pneumatique) als historisch-kulturelle Praxis.",
        "ort": "Duroys Zimmer",
        "valenz": null,
        "intensitaet": 1,
        "gewichtete_valenz": null,
        "f_wert": null,
        "f_emotion": null,
        "raum_emotion": null,
        "route": null
      }
    },
    {
      "type": "Feature",
      "geometry": {
        "type": "Point",
        "coordinates": [
          2.3345,
          48.86825
        ]
      },
      "properties": {
        "id": 164,
        "zeile": 1,
        "tags": [
          "space",
          "atmosphere"
        ],
        "perspektive": "erzaehler",
        "text": "Trotzdem war sie sehr aufgeregt, als sie die Treppe wieder hinunterging; sie stützte sich mit aller ",
        "notiz": "Der Erzähler beschreibt den Abgang über die leere Treppe und den Zustand der anderen Figur aus aussenperspektive.",
        "ort": "Treppenhaus eines Gebäudes (unbestimmt)",
        "valenz": null,
        "intensitaet": 2,
        "gewichtete_valenz": null,
        "f_wert": null,
        "f_emotion": null,
        "raum_emotion": null,
        "route": null
      }
    },
    {
      "type": "Feature",
      "geometry": {
        "type": "Point",
        "coordinates": [
          2.3345,
          48.86825
        ]
      },
      "properties": {
        "id": 165,
        "zeile": 4,
        "tags": [
          "time",
          "george_duroy"
        ],
        "perspektive": "erzaehler",
        "text": "Da er spät aufstand, lag er noch im Bett, als ihm am nächsten Morgen um elf Uhr der Postbote das ver",
        "notiz": "Neutrale Erzählerangabe über Tageszeit und Situation Duroys am Morgen.",
        "ort": "Duroys Wohnung (unbestimmt)",
        "valenz": null,
        "intensitaet": 1,
        "gewichtete_valenz": null,
        "f_wert": null,
        "f_emotion": null,
        "raum_emotion": null,
        "route": null
      }
    },
    {
      "type": "Feature",
      "geometry": {
        "type": "Point",
        "coordinates": [
          2.3168,
          48.8799
        ]
      },
      "properties": {
        "id": 166,
        "zeile": 7,
        "tags": [
          "george_duroy",
          "location"
        ],
        "perspektive": "figur",
        "text": "Duroy öffnete es und las: »Rendezvous noch heute um fünf Uhr in der Rue de Constantinople 127. Laß D",
        "notiz": "Duroy liest den Brief und erfährt die konkrete Adresse des Rendezvous in der Rue de Constantinople.",
        "ort": "Rue de Constantinople 127, Paris",
        "valenz": null,
        "intensitaet": 2,
        "gewichtete_valenz": null,
        "f_wert": null,
        "f_emotion": null,
        "raum_emotion": null,
        "route": null
      }
    },
    {
      "type": "Feature",
      "geometry": {
        "type": "Point",
        "coordinates": [
          2.3168,
          48.8799
        ]
      },
      "properties": {
        "id": 167,
        "zeile": 9,
        "tags": [
          "george_duroy",
          "move",
          "location",
          "time"
        ],
        "perspektive": "figur",
        "text": "Punkt fünf Uhr trat er in die Pförtnerloge eines großen Chambre-garnie-Hauses ein und fragte: »Hat h",
        "notiz": "Duroy betritt pünktlich das Mietshaus in der Rue de Constantinople — Ortsveränderung und Zeitangabe aus Erzählerperspektive.",
        "ort": "Rue de Constantinople 127, Paris",
        "valenz": null,
        "intensitaet": null,
        "gewichtete_valenz": null,
        "f_wert": null,
        "f_emotion": null,
        "raum_emotion": null,
        "route": [
          [
            2.3170892,
            48.8794232
          ],
          [
            2.3172657,
            48.8794373
          ],
          [
            2.3173076,
            48.879424
          ],
          [
            2.3180752,
            48.8795445
          ],
          [
            2.3180829,
            48.8795666
          ],
          [
            2.3182121,
            48.8795868
          ],
          [
            2.3182857,
            48.8795643
          ],
          [
            2.3184204,
            48.8794339
          ],
          [
            2.3184885,
            48.8793753
          ],
          [
            2.3186129,
            48.8792758
          ],
          [
            2.3196232,
            48.8793317
          ],
          [
            2.3216905,
            48.8794257
          ],
          [
            2.3218189,
            48.8793471
          ],
          [
            2.3220497,
            48.8793285
          ],
          [
            2.3220657,
            48.8793528
          ],
          [
            2.3229867,
            48.8790699
          ],
          [
            2.3229708,
            48.878978
          ],
          [
            2.3229958,
            48.8789214
          ],
          [
            2.3230277,
            48.8788642
          ],
          [
            2.323119,
            48.8788001
          ],
          [
            2.3232714,
            48.878751
          ],
          [
            2.3236802,
            48.8788692
          ],
          [
            2.3259131,
            48.8781253
          ],
          [
            2.3262622,
            48.8780111
          ],
          [
            2.3267413,
            48.8778571
          ],
          [
            2.3267773,
            48.8778081
          ],
          [
            2.3268005,
            48.8777791
          ],
          [
            2.3268723,
            48.877702
          ],
          [
            2.3270697,
            48.8777043
          ],
          [
            2.3270905,
            48.8776716
          ],
          [
            2.3271943,
            48.8776526
          ],
          [
            2.3307026,
            48.8765711
          ],
          [
            2.3309619,
            48.8764087
          ],
          [
            2.3311239,
            48.8764103
          ],
          [
            2.3314328,
            48.8763738
          ],
          [
            2.3316897,
            48.8763906
          ],
          [
            2.3317025,
            48.8763403
          ],
          [
            2.3319604,
            48.8763775
          ],
          [
            2.3320357,
            48.8762171
          ],
          [
            2.3323537,
            48.8762649
          ],
          [
            2.3325435,
            48.8762837
          ],
          [
            2.3352466,
            48.8761123
          ],
          [
            2.3352627,
            48.8761058
          ],
          [
            2.3354166,
            48.8760957
          ],
          [
            2.3354473,
            48.8761011
          ],
          [
            2.3370199,
            48.8759995
          ],
          [
            2.3370833,
            48.8759835
          ],
          [
            2.3372001,
            48.8759753
          ],
          [
            2.3372212,
            48.875982
          ],
          [
            2.3383793,
            48.8759139
          ],
          [
            2.3386234,
            48.8758777
          ],
          [
            2.3387974,
            48.8758777
          ],
          [
            2.3391404,
            48.8758634
          ],
          [
            2.3396594,
            48.8758325
          ],
          [
            2.3397496,
            48.8757822
          ],
          [
            2.339935,
            48.8757595
          ],
          [
            2.3403018,
            48.8757908
          ],
          [
            2.3405184,
            48.875763
          ],
          [
            2.3410052,
            48.8752017
          ],
          [
            2.3410685,
            48.875208
          ],
          [
            2.3411912,
            48.8750854
          ],
          [
            2.341137,
            48.8750569
          ],
          [
            2.3413405,
            48.8748612
          ],
          [
            2.3413707,
            48.8748638
          ],
          [
            2.3414346,
            48.8747917
          ],
          [
            2.3423065,
            48.8741752
          ],
          [
            2.3423329,
            48.8741791
          ],
          [
            2.3424046,
            48.8741248
          ],
          [
            2.3424466,
            48.8740819
          ],
          [
            2.3432425,
            48.8740766
          ],
          [
            2.3432425,
            48.8740875
          ]
        ]
      }
    },
    {
      "type": "Feature",
      "geometry": {
        "type": "Point",
        "coordinates": [
          2.3168,
          48.8799
        ]
      },
      "properties": {
        "id": 168,
        "zeile": 14,
        "tags": [
          "social",
          "atmosphere"
        ],
        "perspektive": "erzaehler",
        "text": "Er sah ihn prüfend an, dann suchte er in der langen Reihe von Schlüsseln und fragte: »Sie sind doch ",
        "notiz": "Der Portier prüft Duroy mit Blicken — soziale Kontrolle und diskrete Atmosphäre eines Geheimquartiers, erzählerisch beschrieben.",
        "ort": "Rue de Constantinople 127, Paris — Pförtnerloge",
        "valenz": null,
        "intensitaet": 2,
        "gewichtete_valenz": null,
        "f_wert": "ort_loest_emotion_aus",
        "f_emotion": "diskrete Kontrolle, gesellschaftliche Komplizenschaft",
        "raum_emotion": {
          "ort": "Pförtnerloge des Chambre-garnie-Hauses",
          "emotion": "diskrete Kontrolle, gesellschaftliche Komplizenschaft",
          "richtung": "ort_loest_emotion_aus"
        },
        "route": null
      }
    },
    {
      "type": "Feature",
      "geometry": {
        "type": "Point",
        "coordinates": [
          2.3168,
          48.8799
        ]
      },
      "properties": {
        "id": 169,
        "zeile": 17,
        "tags": [
          "location",
          "space"
        ],
        "perspektive": "erzaehler",
        "text": "Und er öffnete eine kleine Zweizimmerwohnung im Erdgeschoß, gegenüber der Pförtnerloge.",
        "notiz": "Neutrale Beschreibung der kleinen Zweizimmerwohnung im Erdgeschoss als konkreter Ort.",
        "ort": "Rue de Constantinople 127, Paris — Zweizimmerwohnung Erdgeschoss",
        "valenz": null,
        "intensitaet": 1,
        "gewichtete_valenz": null,
        "f_wert": null,
        "f_emotion": null,
        "raum_emotion": null,
        "route": null
      }
    },
    {
      "type": "Feature",
      "geometry": {
        "type": "Point",
        "coordinates": [
          2.3168,
          48.8799
        ]
      },
      "properties": {
        "id": 170,
        "zeile": 19,
        "tags": [
          "space",
          "material",
          "social"
        ],
        "perspektive": "erzaehler",
        "text": "Der Salon war mit hellen und ziemlich neuen Tapeten beklebt und enthielt ein Mahagonisofa, das mit g",
        "notiz": "Maupassant beschreibt den Salon der gemieteten Wohnung mit seinen billigen, prätentiösen Einrichtungsgegenständen — soziale Markierung durch Objekte.",
        "ort": "Rue de Constantinople 127, Paris — Salon der Wohnung",
        "valenz": null,
        "intensitaet": 2,
        "gewichtete_valenz": null,
        "f_wert": null,
        "f_emotion": null,
        "raum_emotion": null,
        "route": null
      }
    },
    {
      "type": "Feature",
      "geometry": {
        "type": "Point",
        "coordinates": [
          2.3168,
          48.8799
        ]
      },
      "properties": {
        "id": 171,
        "zeile": 22,
        "tags": [
          "space",
          "material",
          "social",
          "atmosphere"
        ],
        "perspektive": "erzaehler",
        "text": "Das Schlafzimmer war so winzig, daß das Bett es zu dreiviertel ausfüllte. Es war ein breites Bett, w",
        "notiz": "Der Erzähler beschreibt das beengte, zwielichtige Schlafzimmer mit seinen abgenutzten Ausstattungsgegenständen — Atmosphäre des Halbweltquartiers.",
        "ort": "Rue de Constantinople 127, Paris — Schlafzimmer der Wohnung",
        "valenz": null,
        "intensitaet": 2,
        "gewichtete_valenz": null,
        "f_wert": "ort_loest_emotion_aus",
        "f_emotion": "Zwielichtigkeit, moralische Verdächtigkeit",
        "raum_emotion": {
          "ort": "Winziges Schlafzimmer der gemieteten Wohnung",
          "emotion": "Zwielichtigkeit, moralische Verdächtigkeit",
          "richtung": "ort_loest_emotion_aus"
        },
        "route": null
      }
    },
    {
      "type": "Feature",
      "geometry": {
        "type": "Point",
        "coordinates": [
          2.3168,
          48.8799
        ]
      },
      "properties": {
        "id": 172,
        "zeile": 27,
        "tags": [
          "george_duroy",
          "mood",
          "social"
        ],
        "perspektive": "figur",
        "text": "Duroy war unruhig und unzufrieden; er dachte: »Das wird mich ein Heidengeld kosten, dieses Quartier.",
        "notiz": "Duroy reagiert emotional und finanziell besorgt auf die gemietete Wohnung — seine innere Unruhe über Kosten und Abhängigkeit wird deutlich.",
        "ort": "Rue de Constantinople 127, Paris — Wohnung",
        "valenz": -1,
        "intensitaet": 2,
        "gewichtete_valenz": -2,
        "f_wert": "ort_loest_emotion_aus",
        "f_emotion": "Unruhe, Verdruss, finanzielle Sorge",
        "raum_emotion": {
          "ort": "Gemietete Wohnung Rue de Constantinople",
          "emotion": "Unruhe, Verdruss, finanzielle Sorge",
          "richtung": "ort_loest_emotion_aus"
        },
        "route": null
      }
    },
    {
      "type": "Feature",
      "geometry": {
        "type": "Point",
        "coordinates": [
          2.3168,
          48.8799
        ]
      },
      "properties": {
        "id": 173,
        "zeile": 31,
        "tags": [
          "atmosphere",
          "sound"
        ],
        "perspektive": "erzaehler",
        "text": "Die Tür ging auf und Clotilde stürzte eilig herein, mit offenen Armen und rauschenden Röcken. Sie wa",
        "notiz": "Der Erzähler beschreibt Clotildes enthusiastisches Eintreten in die Wohnung — sensorisches Detail des Röckerauschens und Stimmungsangabe.",
        "ort": "Rue de Constantinople 127, Paris — Wohnung",
        "valenz": 1,
        "intensitaet": 2,
        "gewichtete_valenz": 2,
        "f_wert": null,
        "f_emotion": null,
        "raum_emotion": null,
        "route": null
      }
    },
    {
      "type": "Feature",
      "geometry": {
        "type": "Point",
        "coordinates": [
          2.33,
          48.87715
        ]
      },
      "properties": {
        "id": 174,
        "zeile": 1,
        "tags": [
          "george_duroy",
          "mood"
        ],
        "perspektive": "erzaehler",
        "text": "Er umarmte sie kühl und wagte nicht die Frage zu stellen, die ihm auf der Zunge schwebte.",
        "notiz": "Duroy handelt zurückhaltend und zögerlich — seine innere Anspannung wird von außen beschrieben.",
        "ort": "gemietetes Zimmer / Liebesnest (Ort unbekannt)",
        "valenz": -1,
        "intensitaet": 2,
        "gewichtete_valenz": -2,
        "f_wert": null,
        "f_emotion": null,
        "raum_emotion": null,
        "route": null
      }
    },
    {
      "type": "Feature",
      "geometry": {
        "type": "Point",
        "coordinates": [
          2.33,
          48.87715
        ]
      },
      "properties": {
        "id": 175,
        "zeile": 2,
        "tags": [
          "material",
          "social"
        ],
        "perspektive": "erzaehler",
        "text": "Sie legte ein dickes Paket auf das Tischchen mitten im Zimmer. Sie öffnete es und nahm daraus ein Pa",
        "notiz": "Maupassant beschreibt die Gegenstände der Frau von außen — sie fungieren als soziale Marker einer bürgerlichen Einrichtungspraxis.",
        "ort": "gemietetes Zimmer / Liebesnest (Ort unbekannt)",
        "valenz": null,
        "intensitaet": 1,
        "gewichtete_valenz": null,
        "f_wert": null,
        "f_emotion": null,
        "raum_emotion": null,
        "route": null
      }
    },
    {
      "type": "Feature",
      "geometry": {
        "type": "Point",
        "coordinates": [
          2.33,
          48.87715
        ]
      },
      "properties": {
        "id": 176,
        "zeile": 3,
        "tags": [
          "space",
          "atmosphere"
        ],
        "perspektive": "erzaehler",
        "text": "Sie begann sich einzurichten, für jedes suchte sie ein Plätzchen und amüsierte sich dabei köstlich.",
        "notiz": "Maupassant beschreibt von außen, wie die Frau das Zimmer in Besitz nimmt und dabei Freude empfindet.",
        "ort": "gemietetes Zimmer / Liebesnest (Ort unbekannt)",
        "valenz": 1,
        "intensitaet": 1,
        "gewichtete_valenz": 1,
        "f_wert": null,
        "f_emotion": null,
        "raum_emotion": null,
        "route": null
      }
    },
    {
      "type": "Feature",
      "geometry": {
        "type": "Point",
        "coordinates": [
          2.33,
          48.87715
        ]
      },
      "properties": {
        "id": 177,
        "zeile": 4,
        "tags": [
          "george_duroy",
          "social",
          "mood"
        ],
        "perspektive": "figur",
        "text": "Jetzt fragte er: »Dann sage mir bitte, wann ich die Miete bezahlen soll?«",
        "notiz": "Duroy fragt nach der Miete — sein innerer Antrieb ist soziale Würde und Kontrolle über die Kostenfrage.",
        "ort": "gemietetes Zimmer / Liebesnest (Ort unbekannt)",
        "valenz": -1,
        "intensitaet": 1,
        "gewichtete_valenz": -1,
        "f_wert": "ort_loest_emotion_aus",
        "f_emotion": "Unbehagen über finanzielle Abhängigkeit",
        "raum_emotion": {
          "ort": "gemietetes Zimmer",
          "emotion": "Unbehagen über finanzielle Abhängigkeit",
          "richtung": "ort_loest_emotion_aus"
        },
        "route": null
      }
    },
    {
      "type": "Feature",
      "geometry": {
        "type": "Point",
        "coordinates": [
          2.33,
          48.87715
        ]
      },
      "properties": {
        "id": 178,
        "zeile": 5,
        "tags": [
          "george_duroy",
          "mood",
          "social"
        ],
        "perspektive": "figur",
        "text": "Er tat, als ob er böse wäre. »Aber bitte, nein! Das erlaube ich nicht!«",
        "notiz": "Duroy spielt Empörung, obwohl er finanziell auf die Frau angewiesen ist — innere Spannung zwischen Stolz und Abhängigkeit.",
        "ort": "gemietetes Zimmer / Liebesnest (Ort unbekannt)",
        "valenz": -1,
        "intensitaet": 2,
        "gewichtete_valenz": -2,
        "f_wert": "ort_loest_emotion_aus",
        "f_emotion": "gespielter Stolz, verdeckte Demütigung",
        "raum_emotion": {
          "ort": "gemietetes Zimmer",
          "emotion": "gespielter Stolz, verdeckte Demütigung",
          "richtung": "ort_loest_emotion_aus"
        },
        "route": null
      }
    },
    {
      "type": "Feature",
      "geometry": {
        "type": "Point",
        "coordinates": [
          2.33,
          48.87715
        ]
      },
      "properties": {
        "id": 179,
        "zeile": 3,
        "tags": [
          "george_duroy",
          "mood"
        ],
        "perspektive": "erzaehler",
        "text": "Er ließ sie bitten und weigerte sich mit entrüsteter Miene. Dann gab er nach, weil er die Sache im G",
        "notiz": "Maupassant beschreibt Duroys Verhalten und innere Haltung von aussen — er gibt nach, weil er die Sache gerechtfertigt findet.",
        "ort": "unbestimmt, Innenraum",
        "valenz": null,
        "intensitaet": 2,
        "gewichtete_valenz": null,
        "f_wert": null,
        "f_emotion": null,
        "raum_emotion": null,
        "route": null
      }
    },
    {
      "type": "Feature",
      "geometry": {
        "type": "Point",
        "coordinates": [
          2.33,
          48.87715
        ]
      },
      "properties": {
        "id": 180,
        "zeile": 4,
        "tags": [
          "george_duroy",
          "mood"
        ],
        "perspektive": "figur",
        "text": "Als sie gegangen war, rieb er sich die Hände und murmelte, ohne im Innern seines Herzens nachzuforsc",
        "notiz": "Duroy reagiert emotional und kommentiert innerlich Clotildes Charakter, ohne seine eigene Motivation zu hinterfragen.",
        "ort": "unbestimmt, Innenraum",
        "valenz": null,
        "intensitaet": 2,
        "gewichtete_valenz": null,
        "f_wert": null,
        "f_emotion": null,
        "raum_emotion": null,
        "route": null
      }
    },
    {
      "type": "Feature",
      "geometry": {
        "type": "Point",
        "coordinates": [
          2.33,
          48.87715
        ]
      },
      "properties": {
        "id": 181,
        "zeile": 8,
        "tags": [
          "george_duroy",
          "mood",
          "social"
        ],
        "perspektive": "figur",
        "text": "Duroy war starr. Er hatte gar nicht daran gedacht, daß sie verheiratet war. Er hätte gern mal den Ma",
        "notiz": "Duroy erlebt Überraschung und Neugier angesichts der Tatsache, dass Clotilde verheiratet ist — ein innerer Zustand mit sozialer Dimension.",
        "ort": "unbestimmt",
        "valenz": 0,
        "intensitaet": 2,
        "gewichtete_valenz": 0,
        "f_wert": null,
        "f_emotion": null,
        "raum_emotion": null,
        "route": null
      }
    },
    {
      "type": "Feature",
      "geometry": {
        "type": "Point",
        "coordinates": [
          2.3432,
          48.8744
        ]
      },
      "properties": {
        "id": 182,
        "zeile": 9,
        "tags": [
          "move",
          "location"
        ],
        "perspektive": "erzaehler",
        "text": "Trotzdem wartete er geduldig auf die Abreise des Gatten. Er ging inzwischen zweimal nach den Folies ",
        "notiz": "Maupassant beschreibt Duroys Aktivitäten während der Wartezeit von aussen, mit konkreter Ortsnennung der Folies Bergère.",
        "ort": "Folies Bergère",
        "valenz": null,
        "intensitaet": 1,
        "gewichtete_valenz": null,
        "f_wert": null,
        "f_emotion": null,
        "raum_emotion": null,
        "route": [
          [
            2.3432425,
            48.8740875
          ],
          [
            2.3432425,
            48.8740766
          ],
          [
            2.3442111,
            48.874072
          ],
          [
            2.3442031,
            48.8740073
          ],
          [
            2.344749,
            48.8740051
          ],
          [
            2.344757,
            48.8739988
          ],
          [
            2.3447207,
            48.8739696
          ],
          [
            2.3447865,
            48.8739065
          ],
          [
            2.3448109,
            48.8738651
          ],
          [
            2.3449232,
            48.8738523
          ],
          [
            2.3447382,
            48.8731279
          ],
          [
            2.3450225,
            48.8731116
          ],
          [
            2.345001,
            48.8730317
          ],
          [
            2.3450198,
            48.8730079
          ],
          [
            2.3448951,
            48.8724937
          ],
          [
            2.3450312,
            48.8724641
          ],
          [
            2.3460209,
            48.8723071
          ],
          [
            2.3462094,
            48.8722789
          ],
          [
            2.3466305,
            48.8722361
          ]
        ]
      }
    },
    {
      "type": "Feature",
      "geometry": {
        "type": "Point",
        "coordinates": [
          2.34495,
          48.8733
        ]
      },
      "properties": {
        "id": 183,
        "zeile": 12,
        "tags": [
          "george_duroy",
          "social",
          "mood"
        ],
        "perspektive": "figur",
        "text": "Es war gerade Anfang des Monats, und obgleich Duroy sein Gehalt lange voraus bezog und von Tag zu Ta",
        "notiz": "Duroy denkt über seine finanzielle Lage nach und erlebt eine seltene, positiv gefärbte Ausnahme seines prekären Geldlebens.",
        "ort": "unbestimmt, Innenraum",
        "valenz": -1,
        "intensitaet": 2,
        "gewichtete_valenz": -2,
        "f_wert": "ort_loest_emotion_aus",
        "f_emotion": "seltene finanzielle Erleichterung, Grosszügigkeitsimpuls",
        "raum_emotion": {
          "ort": "unbestimmter Treffpunkt",
          "emotion": "seltene finanzielle Erleichterung, Grosszügigkeitsimpuls",
          "richtung": "ort_loest_emotion_aus"
        },
        "route": null
      }
    },
    {
      "type": "Feature",
      "geometry": {
        "type": "Point",
        "coordinates": [
          2.3467,
          48.8722
        ]
      },
      "properties": {
        "id": 184,
        "zeile": 14,
        "tags": [
          "move",
          "location",
          "time"
        ],
        "perspektive": "erzaehler",
        "text": "Sie gingen also um sieben Uhr fort und lenkten ihre Schritte nach den äußeren Boulevards.",
        "notiz": "Maupassant beschreibt die Bewegung der beiden Figuren in die äusseren Boulevards — neutrale Zeitangabe und Routenbeschreibung von aussen.",
        "ort": "äußere Boulevards (Boulevard Poissonière / äußere Boulevards Richtung Norden)",
        "valenz": null,
        "intensitaet": 1,
        "gewichtete_valenz": null,
        "f_wert": null,
        "f_emotion": null,
        "raum_emotion": null,
        "route": [
          [
            2.3466305,
            48.8722361
          ],
          [
            2.3462094,
            48.8722789
          ],
          [
            2.3460209,
            48.8723071
          ],
          [
            2.3450312,
            48.8724641
          ],
          [
            2.3448951,
            48.8724937
          ],
          [
            2.3450198,
            48.8730079
          ],
          [
            2.345001,
            48.8730317
          ],
          [
            2.3450225,
            48.8731116
          ],
          [
            2.3447382,
            48.8731279
          ],
          [
            2.3449232,
            48.8738523
          ],
          [
            2.3448109,
            48.8738651
          ],
          [
            2.3447865,
            48.8739065
          ],
          [
            2.3447207,
            48.8739696
          ],
          [
            2.344757,
            48.8739988
          ],
          [
            2.344749,
            48.8740051
          ],
          [
            2.3442031,
            48.8740073
          ],
          [
            2.3442111,
            48.874072
          ],
          [
            2.3432425,
            48.8740766
          ],
          [
            2.3432425,
            48.8740875
          ]
        ]
      }
    },
    {
      "type": "Feature",
      "geometry": {
        "type": "Point",
        "coordinates": [
          2.3467,
          48.8722
        ]
      },
      "properties": {
        "id": 185,
        "zeile": 14,
        "tags": [
          "george_duroy",
          "koerper_als_akteur",
          "mood"
        ],
        "perspektive": "figur",
        "text": "Sie schmiegte sich dicht an ihn und sagte ihm ins Ohr: »Du weißt gar nicht, wie glücklich ich bin, w",
        "notiz": "Clotildes Körperkontakt wird aus Duroys unmittelbarer körperlicher Nähe wahrgenommen — Duroy als Empfänger einer körperlichen Handlung im Raum.",
        "ort": "äußere Boulevards",
        "valenz": 1,
        "intensitaet": 2,
        "gewichtete_valenz": 2,
        "f_wert": "koerper_als_sensor",
        "f_emotion": "körperliche Nähe, Intimität im öffentlichen Raum",
        "raum_emotion": {
          "ort": "äußere Boulevards",
          "emotion": "körperliche Nähe, Intimität im öffentlichen Raum",
          "richtung": "koerper_als_sensor"
        },
        "route": null
      }
    },
    {
      "type": "Feature",
      "geometry": {
        "type": "Point",
        "coordinates": [
          2.3467,
          48.8722
        ]
      },
      "properties": {
        "id": 186,
        "zeile": 15,
        "tags": [
          "george_duroy",
          "location"
        ],
        "perspektive": "figur",
        "text": "Er fragte: »Willst du zu Lathuille gehen?«",
        "notiz": "Duroy schlägt das Restaurant Lathuille als Ziel vor — konkrete Ortsnennung durch die Figur selbst.",
        "ort": "äußere Boulevards (Boulevard Poissonière / äußere Boulevards Richtung Norden)",
        "valenz": null,
        "intensitaet": 1,
        "gewichtete_valenz": null,
        "f_wert": null,
        "f_emotion": null,
        "raum_emotion": null,
        "route": null
      }
    },
    {
      "type": "Feature",
      "geometry": {
        "type": "Point",
        "coordinates": [
          2.34195,
          48.8592
        ]
      },
      "properties": {
        "id": 187,
        "zeile": 16,
        "tags": [
          "social"
        ],
        "perspektive": "erzaehler",
        "text": "»O nein,« erwiderte sie, »das ist viel zu vornehm.«",
        "notiz": "Clotildes Ablehnung des Restaurants als 'zu vornehm' verweist auf soziale Distinktion — aber dies ist direkte Rede einer anderen Figur und wird nicht weiter annotiert.",
        "ort": "unbestimmt",
        "valenz": null,
        "intensitaet": 1,
        "gewichtete_valenz": null,
        "f_wert": null,
        "f_emotion": null,
        "raum_emotion": null,
        "route": null
      }
    },
    {
      "type": "Feature",
      "geometry": {
        "type": "Point",
        "coordinates": [
          2.34195,
          48.8592
        ]
      },
      "properties": {
        "id": 188,
        "zeile": 1,
        "tags": [
          "george_duroy",
          "move",
          "location"
        ],
        "perspektive": "figur",
        "text": "Er kannte in der ganzen Gegend kein derartiges Lokal und so irrten sie den Boulevard entlang, bis si",
        "notiz": "Duroy kennt die Gegend nicht und irrt mit Clotilde den Boulevard entlang, bis sie eine Weinstube finden.",
        "ort": "Boulevard (unspezifisch, nähe Montmartre/Lorette-Viertel)",
        "valenz": null,
        "intensitaet": null,
        "gewichtete_valenz": null,
        "f_wert": null,
        "f_emotion": null,
        "raum_emotion": null,
        "route": null
      }
    },
    {
      "type": "Feature",
      "geometry": {
        "type": "Point",
        "coordinates": [
          2.34195,
          48.8592
        ]
      },
      "properties": {
        "id": 189,
        "zeile": 2,
        "tags": [
          "move",
          "location"
        ],
        "perspektive": "erzaehler",
        "text": "so irrten sie den Boulevard entlang",
        "notiz": "Maupassant beschreibt die Bewegung der beiden den Boulevard entlang als neutrale Ortsangabe.",
        "ort": "Boulevard (unspezifisch, nähe Montmartre/Lorette-Viertel)",
        "valenz": null,
        "intensitaet": 1,
        "gewichtete_valenz": null,
        "f_wert": null,
        "f_emotion": null,
        "raum_emotion": null,
        "route": null
      }
    },
    {
      "type": "Feature",
      "geometry": {
        "type": "Point",
        "coordinates": [
          2.34195,
          48.8592
        ]
      },
      "properties": {
        "id": 190,
        "zeile": 3,
        "tags": [
          "location",
          "space"
        ],
        "perspektive": "erzaehler",
        "text": "bis sie schließlich in eine Weinstube gingen, wo in einem besonderen Zimmer auch Essen verabreicht w",
        "notiz": "Maupassant beschreibt die Weinstube von aussen als konkreten Schauplatz mit sozialer Kulisse.",
        "ort": "Weinstube, Boulevard (unspezifisch, Lorette-Viertel)",
        "valenz": null,
        "intensitaet": 1,
        "gewichtete_valenz": null,
        "f_wert": null,
        "f_emotion": null,
        "raum_emotion": null,
        "route": null
      }
    },
    {
      "type": "Feature",
      "geometry": {
        "type": "Point",
        "coordinates": [
          2.34195,
          48.8592
        ]
      },
      "properties": {
        "id": 191,
        "zeile": 4,
        "tags": [
          "space",
          "social"
        ],
        "perspektive": "erzaehler",
        "text": "Im Hintergrund des schmalen, langen Raumes aßen drei Droschkenkutscher ihr Abendbrot, und noch ein a",
        "notiz": "Maupassant beschreibt den engen, langen Raum und seine sozial niedrig gestellten Gäste von aussen.",
        "ort": "Weinstube, Boulevard (unspezifisch, Lorette-Viertel)",
        "valenz": null,
        "intensitaet": 2,
        "gewichtete_valenz": null,
        "f_wert": null,
        "f_emotion": null,
        "raum_emotion": null,
        "route": null
      }
    },
    {
      "type": "Feature",
      "geometry": {
        "type": "Point",
        "coordinates": [
          2.34195,
          48.8592
        ]
      },
      "properties": {
        "id": 192,
        "zeile": 5,
        "tags": [
          "social",
          "material"
        ],
        "perspektive": "erzaehler",
        "text": "Seine Jacke war ein Sammelpunkt von Klecksen, und aus den Taschen, die wie dicke Bäuche geschwollen ",
        "notiz": "Maupassant beschreibt das äussere Erscheinungsbild der anonymen Figur als sozialen Marker von aussen.",
        "ort": "Weinstube, Boulevard (unspezifisch, Lorette-Viertel)",
        "valenz": null,
        "intensitaet": 2,
        "gewichtete_valenz": null,
        "f_wert": null,
        "f_emotion": null,
        "raum_emotion": null,
        "route": null
      }
    },
    {
      "type": "Feature",
      "geometry": {
        "type": "Point",
        "coordinates": [
          2.34195,
          48.8592
        ]
      },
      "properties": {
        "id": 193,
        "zeile": 6,
        "tags": [
          "social",
          "atmosphere"
        ],
        "perspektive": "erzaehler",
        "text": "Clotildes Eintreten erregte durch ihre elegante Kleidung Aufsehen. Die beiden Pärchen hörten auf zu ",
        "notiz": "Maupassant beschreibt von aussen, wie Clotildes Erscheinen die soziale Dynamik des Lokals verändert.",
        "ort": "Weinstube, Boulevard (unspezifisch, Lorette-Viertel)",
        "valenz": null,
        "intensitaet": 2,
        "gewichtete_valenz": null,
        "f_wert": null,
        "f_emotion": null,
        "raum_emotion": null,
        "route": null
      }
    },
    {
      "type": "Feature",
      "geometry": {
        "type": "Point",
        "coordinates": [
          2.34195,
          48.8592
        ]
      },
      "properties": {
        "id": 194,
        "zeile": 7,
        "tags": [
          "material",
          "social"
        ],
        "perspektive": "erzaehler",
        "text": "Sie setzte sich ungeniert und ohne jeden Widerwillen an den Tisch, dessen Holzplatte, über die der K",
        "notiz": "Maupassant beschreibt die schmutzige, fettige Tischoberfläche als physisches und soziales Merkmal des Lokals.",
        "ort": "Weinstube, Boulevard (unspezifisch, Lorette-Viertel)",
        "valenz": null,
        "intensitaet": 2,
        "gewichtete_valenz": null,
        "f_wert": null,
        "f_emotion": null,
        "raum_emotion": null,
        "route": null
      }
    },
    {
      "type": "Feature",
      "geometry": {
        "type": "Point",
        "coordinates": [
          2.34195,
          48.8592
        ]
      },
      "properties": {
        "id": 195,
        "zeile": 8,
        "tags": [
          "george_duroy",
          "mood",
          "social"
        ],
        "perspektive": "figur",
        "text": "Duroy war etwas verlegen und suchte vergeblich nach einem Haken, um seinen Zylinderhut aufzuhängen. ",
        "notiz": "Duroy empfindet Verlegenheit im einfachen Lokal, was seinen sozialen Unbehagen in diesem Milieu zeigt.",
        "ort": "Weinstube, Boulevard (unspezifisch, Lorette-Viertel)",
        "valenz": -1,
        "intensitaet": 2,
        "gewichtete_valenz": -2,
        "f_wert": "ort_loest_emotion_aus",
        "f_emotion": "Verlegenheit, sozialer Unbehagen",
        "raum_emotion": {
          "ort": "Weinstube",
          "emotion": "Verlegenheit, sozialer Unbehagen",
          "richtung": "ort_loest_emotion_aus"
        },
        "route": null
      }
    },
    {
      "type": "Feature",
      "geometry": {
        "type": "Point",
        "coordinates": [
          2.34195,
          48.8592
        ]
      },
      "properties": {
        "id": 196,
        "zeile": 5,
        "tags": [
          "george_duroy",
          "mood"
        ],
        "perspektive": "figur",
        "text": "Duroy fragte erstaunt: »Mit wem warst du denn da?«",
        "notiz": "Duroy reagiert erstaunt auf Rachels Erwähnung der Tanzkneipe und fragt nach — inneres Erleben von Überraschung.",
        "ort": "Restaurant/Lokal, Nähe 'Weiße Königin'",
        "valenz": -1,
        "intensitaet": 1,
        "gewichtete_valenz": -1,
        "f_wert": null,
        "f_emotion": null,
        "raum_emotion": null,
        "route": null
      }
    },
    {
      "type": "Feature",
      "geometry": {
        "type": "Point",
        "coordinates": [
          2.34195,
          48.8592
        ]
      },
      "properties": {
        "id": 197,
        "zeile": 6,
        "tags": [
          "george_duroy"
        ],
        "perspektive": "figur",
        "text": "Er sah sie an und bemerkte, daß sie errötete und verwirrt war, als hätte diese plötzliche Frage eine",
        "notiz": "Duroy nimmt aktiv Rachels Erröten und Verwirrung wahr — seine Beobachtung aus der Innenperspektive.",
        "ort": "Restaurant/Lokal, Paris",
        "valenz": -1,
        "intensitaet": 2,
        "gewichtete_valenz": -2,
        "f_wert": null,
        "f_emotion": null,
        "raum_emotion": null,
        "route": null
      }
    },
    {
      "type": "Feature",
      "geometry": {
        "type": "Point",
        "coordinates": [
          2.34195,
          48.8592
        ]
      },
      "properties": {
        "id": 198,
        "zeile": 14,
        "tags": [
          "george_duroy",
          "mood"
        ],
        "perspektive": "figur",
        "text": "Zum ersten Male dachte Duroy an alles, was er von dem Vorleben dieser Frau nicht kannte und er began",
        "notiz": "Duroy beginnt erstmals über Rachels Vergangenheit nachzudenken — inneres Grübeln als emotionaler Zustand.",
        "ort": "Restaurant/Lokal, Paris",
        "valenz": -1,
        "intensitaet": 2,
        "gewichtete_valenz": -2,
        "f_wert": null,
        "f_emotion": null,
        "raum_emotion": null,
        "route": null
      }
    },
    {
      "type": "Feature",
      "geometry": {
        "type": "Point",
        "coordinates": [
          2.34195,
          48.8592
        ]
      },
      "properties": {
        "id": 199,
        "zeile": 15,
        "tags": [
          "george_duroy",
          "mood",
          "social"
        ],
        "perspektive": "figur",
        "text": "Sicherlich hatte sie schon Liebhaber gehabt. Aber welcher Art waren sie? Aus welchen Kreisen? Eine u",
        "notiz": "Duroy erlebt Eifersucht und Hass gegenüber Rachels unbekannter Vergangenheit — intensive innere Gefühlsregung mit sozialer Dimension.",
        "ort": "Restaurant/Lokal, Paris",
        "valenz": -1,
        "intensitaet": 3,
        "gewichtete_valenz": -3,
        "f_wert": null,
        "f_emotion": null,
        "raum_emotion": null,
        "route": null
      }
    },
    {
      "type": "Feature",
      "geometry": {
        "type": "Point",
        "coordinates": [
          2.34195,
          48.8592
        ]
      },
      "properties": {
        "id": 200,
        "zeile": 17,
        "tags": [
          "george_duroy",
          "mood"
        ],
        "perspektive": "figur",
        "text": "Er sah sie an, und die Geheimnisse, die dieser schöne, stumme Frauenkopf verbarg, reizten ihn. Viell",
        "notiz": "Duroy begehrt Einsicht in Rachels Innenleben — Faszination und quälendes Verlangen nach Wissen über ihre Vergangenheit.",
        "ort": "Restaurant/Lokal, Paris",
        "valenz": -1,
        "intensitaet": 2,
        "gewichtete_valenz": -2,
        "f_wert": null,
        "f_emotion": null,
        "raum_emotion": null,
        "route": null
      }
    },
    {
      "type": "Feature",
      "geometry": {
        "type": "Point",
        "coordinates": [
          2.34195,
          48.8592
        ]
      },
      "properties": {
        "id": 201,
        "zeile": 22,
        "tags": [
          "george_duroy",
          "mood"
        ],
        "perspektive": "figur",
        "text": "Er dachte: »Ach was, was geht mich ihre Vergangenheit an? Es ist einfach dumm, mich darüber aufzureg",
        "notiz": "Duroy verdrängt seine Eifersucht bewusst — innere Selbstberuhigung und Entscheidung zur Gleichgültigkeit.",
        "ort": "Restaurant/Lokal, Paris",
        "valenz": 0,
        "intensitaet": 1,
        "gewichtete_valenz": 0,
        "f_wert": null,
        "f_emotion": null,
        "raum_emotion": null,
        "route": null
      }
    },
    {
      "type": "Feature",
      "geometry": {
        "type": "Point",
        "coordinates": [
          2.34195,
          48.8592
        ]
      },
      "properties": {
        "id": 202,
        "zeile": 25,
        "tags": [
          "location",
          "move"
        ],
        "perspektive": "erzaehler",
        "text": "Auf der Straße sagte sie ganz leise in jenem geheimnisvollen Ton, in dem man Geheimnisse zu sagen pf",
        "notiz": "Maupassant verortet die Szene auf der Straße — neutrale Ortsangabe durch den Erzähler beim Verlassen des Lokals.",
        "ort": "Straße in der Nähe der 'Weißen Königin', Paris",
        "valenz": null,
        "intensitaet": 1,
        "gewichtete_valenz": null,
        "f_wert": null,
        "f_emotion": null,
        "raum_emotion": null,
        "route": null
      }
    },
    {
      "type": "Feature",
      "geometry": {
        "type": "Point",
        "coordinates": [
          2.34195,
          48.8592
        ]
      },
      "properties": {
        "id": 203,
        "zeile": 3,
        "tags": [
          "location"
        ],
        "perspektive": "erzaehler",
        "text": "Sie heißt die 'Weiße Königin'.",
        "notiz": "Namentliche Nennung eines konkreten Lokals ('Weiße Königin') als Ortsbezug durch den Erzähler.",
        "ort": "Tanzkneipe 'Weiße Königin', Paris",
        "valenz": null,
        "intensitaet": 1,
        "gewichtete_valenz": null,
        "f_wert": null,
        "f_emotion": null,
        "raum_emotion": null,
        "route": null
      }
    },
    {
      "type": "Feature",
      "geometry": {
        "type": "Point",
        "coordinates": [
          2.34195,
          48.8592
        ]
      },
      "properties": {
        "id": 204,
        "zeile": 27,
        "tags": [
          "social",
          "location"
        ],
        "perspektive": "figur",
        "text": "wie gern ich solche Junggesellenausflüge nach solchen Lokalen mitmache, wo Damen eigentlich nicht hi",
        "notiz": "Verweis auf gesellschaftliche Normen für Frauen in bestimmten Lokalen — soziale Schranken als Teil des Stadtraums.",
        "ort": "Tanzkneipe 'Weiße Königin', Paris",
        "valenz": -1,
        "intensitaet": 2,
        "gewichtete_valenz": -2,
        "f_wert": "ort_loest_emotion_aus",
        "f_emotion": "Reiz des Verbotenen, sozialer Transgression",
        "raum_emotion": {
          "ort": "Tanzkneipe 'Weiße Königin'",
          "emotion": "Reiz des Verbotenen, sozialer Transgression",
          "richtung": "ort_loest_emotion_aus"
        },
        "route": null
      }
    },
    {
      "type": "Feature",
      "geometry": {
        "type": "Point",
        "coordinates": [
          2.34195,
          48.8592
        ]
      },
      "properties": {
        "id": 205,
        "zeile": 1,
        "tags": [
          "location",
          "social"
        ],
        "perspektive": "erzaehler",
        "text": "Als sie das Ballokal betraten, schmiegte sie sich erschrocken und doch vergnügt an ihn.",
        "notiz": "Maupassant beschreibt von aussen das Betreten des Ballokals und die körperliche Reaktion der Begleiterin.",
        "ort": "Ballokal, Paris (unspezifisch)",
        "valenz": null,
        "intensitaet": 1,
        "gewichtete_valenz": null,
        "f_wert": null,
        "f_emotion": null,
        "raum_emotion": null,
        "route": null
      }
    },
    {
      "type": "Feature",
      "geometry": {
        "type": "Point",
        "coordinates": [
          2.34195,
          48.8592
        ]
      },
      "properties": {
        "id": 206,
        "zeile": 2,
        "tags": [
          "atmosphere",
          "social"
        ],
        "perspektive": "erzaehler",
        "text": "Sie betrachtete entzückt die Kokotten und die Zuhälter, und als wollte sie sich über eine etwaige Ge",
        "notiz": "Maupassant beschreibt von aussen die soziale Atmosphäre des Ballokals mit Kokotten, Zuhältern und Polizisten.",
        "ort": "Ballokal, Paris (unspezifisch)",
        "valenz": null,
        "intensitaet": 2,
        "gewichtete_valenz": null,
        "f_wert": "ort_loest_emotion_aus",
        "f_emotion": "Gefahr und Entzücken",
        "raum_emotion": {
          "ort": "Ballokal",
          "emotion": "Gefahr und Entzücken",
          "richtung": "ort_loest_emotion_aus"
        },
        "route": null
      }
    },
    {
      "type": "Feature",
      "geometry": {
        "type": "Point",
        "coordinates": [
          2.34195,
          48.8592
        ]
      },
      "properties": {
        "id": 207,
        "zeile": 3,
        "tags": [
          "move"
        ],
        "perspektive": "erzaehler",
        "text": "Nach einer Viertelstunde hatte sie genug und er führte sie nach Hause.",
        "notiz": "Maupassant beschreibt Duroys Bewegung als er seine Begleiterin nach Hause führt.",
        "ort": "Paris (unspezifisch)",
        "valenz": null,
        "intensitaet": null,
        "gewichtete_valenz": null,
        "f_wert": null,
        "f_emotion": null,
        "raum_emotion": null,
        "route": null
      }
    },
    {
      "type": "Feature",
      "geometry": {
        "type": "Point",
        "coordinates": [
          2.34195,
          48.8592
        ]
      },
      "properties": {
        "id": 208,
        "zeile": 4,
        "tags": [
          "george_duroy",
          "move",
          "social"
        ],
        "perspektive": "figur",
        "text": "Nun begann eine Reihe von Ausflügen in alle möglichen verdächtigen Lokale, wo sich das einfache Volk",
        "notiz": "Duroy nimmt wahr und erkennt die Begeisterung seiner Geliebten für die Ausflüge in einfache Lokale.",
        "ort": "Verschiedene einfache Lokale, Paris (unspezifisch)",
        "valenz": null,
        "intensitaet": null,
        "gewichtete_valenz": null,
        "f_wert": null,
        "f_emotion": null,
        "raum_emotion": null,
        "route": null
      }
    },
    {
      "type": "Feature",
      "geometry": {
        "type": "Point",
        "coordinates": [
          2.34195,
          48.8592
        ]
      },
      "properties": {
        "id": 209,
        "zeile": 5,
        "tags": [
          "social",
          "material"
        ],
        "perspektive": "erzaehler",
        "text": "Das folgende Mal kam sie zu dem gewöhnlichen Stelldichein in einem Leinenkleid mit einer Haube auf d",
        "notiz": "Maupassant beschreibt von aussen die Verkleidung der Geliebten und den Widerspruch zwischen einfacher Kleidung und Schmuck als sozialer Marker.",
        "ort": "Stelldichein, Paris (unspezifisch)",
        "valenz": null,
        "intensitaet": 2,
        "gewichtete_valenz": null,
        "f_wert": null,
        "f_emotion": null,
        "raum_emotion": null,
        "route": null
      }
    },
    {
      "type": "Feature",
      "geometry": {
        "type": "Point",
        "coordinates": [
          2.34195,
          48.8592
        ]
      },
      "properties": {
        "id": 210,
        "zeile": 6,
        "tags": [
          "location",
          "social",
          "atmosphere"
        ],
        "perspektive": "erzaehler",
        "text": "Sie fand ihre Verkleidung großartig, und obwohl sie sich tatsächlich nicht besser versteckte als der",
        "notiz": "Maupassant beschreibt von aussen den Besuch der Kneipen von übelstem Ruf und die naïve Selbsteinschätzung der Geliebten.",
        "ort": "Kneipen von übelstem Ruf, Paris (unspezifisch)",
        "valenz": null,
        "intensitaet": 2,
        "gewichtete_valenz": null,
        "f_wert": null,
        "f_emotion": null,
        "raum_emotion": null,
        "route": null
      }
    },
    {
      "type": "Feature",
      "geometry": {
        "type": "Point",
        "coordinates": [
          2.34195,
          48.8592
        ]
      },
      "properties": {
        "id": 211,
        "zeile": 7,
        "tags": [
          "social",
          "material"
        ],
        "perspektive": "erzaehler",
        "text": "Er ging aber darauf nicht ein, behielt seinen eleganten Straßenanzug an und wollte nicht einmal sein",
        "notiz": "Maupassant beschreibt von aussen Duroys Weigerung, seinen eleganten Anzug gegen eine Arbeiterverkleidung einzutauschen — sozialer Status durch Kleidung.",
        "ort": "Paris (unspezifisch)",
        "valenz": null,
        "intensitaet": 2,
        "gewichtete_valenz": null,
        "f_wert": null,
        "f_emotion": null,
        "raum_emotion": null,
        "route": null
      }
    },
    {
      "type": "Feature",
      "geometry": {
        "type": "Point",
        "coordinates": [
          2.34195,
          48.8592
        ]
      },
      "properties": {
        "id": 212,
        "zeile": 8,
        "tags": [
          "location",
          "space",
          "atmosphere",
          "social"
        ],
        "perspektive": "erzaehler",
        "text": "Sie kamen in die gewöhnlichsten Kneipen, saßen in den verräucherten Spelunken auf wackligen Stühlen ",
        "notiz": "Maupassant beschreibt von aussen die räumliche und materielle Qualität der besuchten Spelunken.",
        "ort": "Spelunken, Paris (unspezifisch)",
        "valenz": -1,
        "intensitaet": 2,
        "gewichtete_valenz": -2,
        "f_wert": "ort_loest_emotion_aus",
        "f_emotion": "Verwahrlosung, Niedrigkeit",
        "raum_emotion": {
          "ort": "Spelunken",
          "emotion": "Verwahrlosung, Niedrigkeit",
          "richtung": "ort_loest_emotion_aus"
        },
        "route": null
      }
    },
    {
      "type": "Feature",
      "geometry": {
        "type": "Point",
        "coordinates": [
          2.34195,
          48.8592
        ]
      },
      "properties": {
        "id": 213,
        "zeile": 9,
        "tags": [
          "smell",
          "atmosphere",
          "space"
        ],
        "perspektive": "erzaehler",
        "text": "Scharfer Tabaksqualm und widriger Küchengeruch von gebackenem Fisch erfüllte die Luft.",
        "notiz": "Maupassant beschreibt von aussen die sensorische Atmosphäre der Spelunken durch Gerüche als Raumkulisse.",
        "ort": "Spelunken, Paris (unspezifisch)",
        "valenz": -1,
        "intensitaet": 2,
        "gewichtete_valenz": -2,
        "f_wert": "ort_loest_emotion_aus",
        "f_emotion": "Widerwille, Rohheit",
        "raum_emotion": {
          "ort": "Spelunken",
          "emotion": "Widerwille, Rohheit",
          "richtung": "ort_loest_emotion_aus"
        },
        "route": null
      }
    },
    {
      "type": "Feature",
      "geometry": {
        "type": "Point",
        "coordinates": [
          2.34195,
          48.8592
        ]
      },
      "properties": {
        "id": 214,
        "zeile": 1,
        "tags": [
          "social",
          "sound",
          "atmosphere"
        ],
        "perspektive": "erzaehler",
        "text": "Männer in Arbeiterblusen brüllten und tranken Schnäpse, und der Kellner betrachtete erstaunt das sel",
        "notiz": "Maupassant beschreibt von aussen die soziale Umgebung des Lokals mit Arbeitern und die Reaktion des Kellners auf das ungewöhnliche Paar.",
        "ort": "Einfaches Lokal, Paris (unspezifisch)",
        "valenz": null,
        "intensitaet": 2,
        "gewichtete_valenz": null,
        "f_wert": null,
        "f_emotion": null,
        "raum_emotion": null,
        "route": null
      }
    },
    {
      "type": "Feature",
      "geometry": {
        "type": "Point",
        "coordinates": [
          2.34195,
          48.8592
        ]
      },
      "properties": {
        "id": 215,
        "zeile": 2,
        "tags": [
          "atmosphere",
          "social"
        ],
        "perspektive": "erzaehler",
        "text": "Sie zitterte vor Angst und Entzücken, schlürfte den roten Saft mit kleinen Schlucken und sah dabei m",
        "notiz": "Maupassant beschreibt von aussen die körperliche und emotionale Reaktion der Frau auf die ungewohnte Umgebung.",
        "ort": "Einfaches Lokal, Paris (unspezifisch)",
        "valenz": null,
        "intensitaet": 2,
        "gewichtete_valenz": null,
        "f_wert": "ort_loest_emotion_aus",
        "f_emotion": "Angst und Entzücken",
        "raum_emotion": {
          "ort": "einfaches Arbeiterlokal",
          "emotion": "Angst und Entzücken",
          "richtung": "ort_loest_emotion_aus"
        },
        "route": null
      }
    },
    {
      "type": "Feature",
      "geometry": {
        "type": "Point",
        "coordinates": [
          2.34195,
          48.8592
        ]
      },
      "properties": {
        "id": 216,
        "zeile": 3,
        "tags": [
          "atmosphere",
          "material"
        ],
        "perspektive": "erzaehler",
        "text": "Bei jedem Schnaps, den sie hinunterschluckte, hatte sie das Gefühl, als begehe sie ein Verbrechen, u",
        "notiz": "Maupassant beschreibt von aussen das sinnliche und moralisch aufgeladene Erleben der Frau beim Trinken.",
        "ort": "Einfaches Lokal, Paris (unspezifisch)",
        "valenz": -1,
        "intensitaet": 2,
        "gewichtete_valenz": -2,
        "f_wert": "ort_loest_emotion_aus",
        "f_emotion": "sündhafter Genuss, aufregendes Vergnügen",
        "raum_emotion": {
          "ort": "einfaches Arbeiterlokal",
          "emotion": "sündhafter Genuss, aufregendes Vergnügen",
          "richtung": "ort_loest_emotion_aus"
        },
        "route": null
      }
    },
    {
      "type": "Feature",
      "geometry": {
        "type": "Point",
        "coordinates": [
          2.34195,
          48.8592
        ]
      },
      "properties": {
        "id": 217,
        "zeile": 4,
        "tags": [
          "move",
          "social",
          "koerper_als_akteur"
        ],
        "perspektive": "erzaehler",
        "text": "Mit niedergeschlagenen Augen und zierlichen Schritten ging sie rasch wie eine Schauspielerin mitten ",
        "notiz": "Maupassant beschreibt von aussen den Aufbruch der Frau durch das Lokal und die misstrauische Reaktion der Männer.",
        "ort": "Einfaches Lokal, Paris (unspezifisch)",
        "valenz": null,
        "intensitaet": null,
        "gewichtete_valenz": null,
        "f_wert": null,
        "f_emotion": null,
        "raum_emotion": null,
        "route": null
      }
    },
    {
      "type": "Feature",
      "geometry": {
        "type": "Point",
        "coordinates": [
          2.34195,
          48.8592
        ]
      },
      "properties": {
        "id": 218,
        "zeile": 5,
        "tags": [
          "atmosphere",
          "koerper_als_akteur"
        ],
        "perspektive": "erzaehler",
        "text": "Wenn sie die Schwelle überschritten hatte, atmete sie gewöhnlich tief auf, als wäre sie glücklich ir",
        "notiz": "Maupassant beschreibt von aussen die körperliche Erleichterung der Frau beim Verlassen des Lokals.",
        "ort": "Schwelle eines einfachen Lokals, Paris (unspezifisch)",
        "valenz": 1,
        "intensitaet": 2,
        "gewichtete_valenz": 2,
        "f_wert": "ort_loest_emotion_aus",
        "f_emotion": "Erleichterung, Gefühl des Entronnenseins",
        "raum_emotion": {
          "ort": "Schwelle des Lokals",
          "emotion": "Erleichterung, Gefühl des Entronnenseins",
          "richtung": "ort_loest_emotion_aus"
        },
        "route": null
      }
    },
    {
      "type": "Feature",
      "geometry": {
        "type": "Point",
        "coordinates": [
          2.34195,
          48.8592
        ]
      },
      "properties": {
        "id": 219,
        "zeile": 6,
        "tags": [
          "mood",
          "social"
        ],
        "perspektive": "erzaehler",
        "text": "Sie preßte glücklich seinen Arm an sich, vielleicht in dem unklaren Wunsch, beleidigt und dann besch",
        "notiz": "Maupassant beschreibt von aussen den inneren, unbewussten Wunsch der Frau nach Schutz und Gefahr als sozialer Erfahrung.",
        "ort": "Strasse nahe eines einfachen Lokals, Paris (unspezifisch)",
        "valenz": null,
        "intensitaet": 2,
        "gewichtete_valenz": null,
        "f_wert": null,
        "f_emotion": null,
        "raum_emotion": null,
        "route": null
      }
    },
    {
      "type": "Feature",
      "geometry": {
        "type": "Point",
        "coordinates": [
          2.34195,
          48.8592
        ]
      },
      "properties": {
        "id": 220,
        "zeile": 7,
        "tags": [
          "george_duroy",
          "mood",
          "social",
          "time"
        ],
        "perspektive": "figur",
        "text": "Aber diese Ausflüge, die sich zwei-dreimal die Woche wiederholten, begannen Duroy schließlich etwas ",
        "notiz": "Duroy empfindet die regelmässigen Ausflüge als lästig und leidet unter dem finanziellen Druck, die nötigen zehn Francs aufzutreiben.",
        "ort": "Paris (unspezifisch)",
        "valenz": null,
        "intensitaet": null,
        "gewichtete_valenz": null,
        "f_wert": "ort_loest_emotion_aus",
        "f_emotion": "Verdruss, finanzielle Bedrängnis",
        "raum_emotion": {
          "ort": "Paris, wiederkehrende Ausflüge",
          "emotion": "Verdruss, finanzielle Bedrängnis",
          "richtung": "ort_loest_emotion_aus"
        },
        "route": null
      }
    },
    {
      "type": "Feature",
      "geometry": {
        "type": "Point",
        "coordinates": [
          2.34195,
          48.8592
        ]
      },
      "properties": {
        "id": 221,
        "zeile": 1,
        "tags": [
          "george_duroy",
          "social"
        ],
        "perspektive": "figur",
        "text": "Er lebte jetzt in größter Armut, er hatte jetzt noch weniger Geld als damals, wo er bei der Nordbahn",
        "notiz": "Duroy reflektiert seine finanzielle Notlage und vergleicht sie mit seiner früheren Situation als Eisenbahnangestellter.",
        "ort": "unspezifisch",
        "valenz": null,
        "intensitaet": null,
        "gewichtete_valenz": null,
        "f_wert": null,
        "f_emotion": null,
        "raum_emotion": null,
        "route": null
      }
    },
    {
      "type": "Feature",
      "geometry": {
        "type": "Point",
        "coordinates": [
          2.34195,
          48.8592
        ]
      },
      "properties": {
        "id": 222,
        "zeile": 1,
        "tags": [
          "george_duroy",
          "social",
          "mood"
        ],
        "perspektive": "figur",
        "text": "denn in den ersten Monaten seiner Journalistenzeit hatte er, ohne zu rechnen, aus dem Vollen gelebt,",
        "notiz": "Duroy erkennt rückblickend seine finanziell leichtsinnige Haltung zu Beginn der Journalismuskarriere und leidet unter dem Ergebnis.",
        "ort": "unspezifisch",
        "valenz": null,
        "intensitaet": null,
        "gewichtete_valenz": null,
        "f_wert": null,
        "f_emotion": null,
        "raum_emotion": null,
        "route": null
      }
    },
    {
      "type": "Feature",
      "geometry": {
        "type": "Point",
        "coordinates": [
          2.34195,
          48.8592
        ]
      },
      "properties": {
        "id": 223,
        "zeile": 2,
        "tags": [
          "social"
        ],
        "perspektive": "erzaehler",
        "text": "Das sehr einfache Verfahren, sich Geld an der Kasse zu leihen, hatte er zu oft angewandt; er hatte s",
        "notiz": "Maupassant beschreibt von aussen Duroys Schuldensituation und die konkreten Gläubiger, die seine finanzielle Lage illustrieren.",
        "ort": "unspezifisch",
        "valenz": null,
        "intensitaet": 2,
        "gewichtete_valenz": null,
        "f_wert": null,
        "f_emotion": null,
        "raum_emotion": null,
        "route": null
      }
    },
    {
      "type": "Feature",
      "geometry": {
        "type": "Point",
        "coordinates": [
          2.34195,
          48.8592
        ]
      },
      "properties": {
        "id": 224,
        "zeile": 3,
        "tags": [
          "george_duroy",
          "mood",
          "social"
        ],
        "perspektive": "figur",
        "text": "Duroy war erbittert über seine Lage, die jetzt viel empfindlicher war, weil er mehr Bedürfnisse hatt",
        "notiz": "Duroys innerer Groll und Gereiztheit als emotionale Reaktion auf seine soziale Abstiegsangst und Armut werden beschrieben.",
        "ort": "unspezifisch",
        "valenz": null,
        "intensitaet": null,
        "gewichtete_valenz": null,
        "f_wert": "ort_loest_emotion_aus",
        "f_emotion": "Groll, Gereiztheit, Bitterkeit",
        "raum_emotion": {
          "ort": "unspezifisch",
          "emotion": "Groll, Gereiztheit, Bitterkeit",
          "richtung": "ort_loest_emotion_aus"
        },
        "route": null
      }
    },
    {
      "type": "Feature",
      "geometry": {
        "type": "Point",
        "coordinates": [
          2.34195,
          48.8592
        ]
      },
      "properties": {
        "id": 225,
        "zeile": 4,
        "tags": [
          "george_duroy",
          "social",
          "mood"
        ],
        "perspektive": "figur",
        "text": "Manchmal fragte er sich, wie er es fertig gebracht hatte, im Durchschnitt tausend Francs monatlich z",
        "notiz": "Duroy rechnet innerlich seine Ausgaben nach und erkennt, wie der Pariser Lebensstandard sein Geld aufzehrt — ein Bewusstseinsprozess der sozialen Selbstreflexion.",
        "ort": "unspezifisch",
        "valenz": null,
        "intensitaet": null,
        "gewichtete_valenz": null,
        "f_wert": null,
        "f_emotion": null,
        "raum_emotion": null,
        "route": null
      }
    },
    {
      "type": "Feature",
      "geometry": {
        "type": "Point",
        "coordinates": [
          2.34195,
          48.8592
        ]
      },
      "properties": {
        "id": 226,
        "zeile": 5,
        "tags": [
          "time"
        ],
        "perspektive": "erzaehler",
        "text": "Eines Tages, am 14.",
        "notiz": "Neutrale Zeitangabe des Erzählers, die ein konkretes Datum einleitet.",
        "ort": "unspezifisch",
        "valenz": null,
        "intensitaet": 1,
        "gewichtete_valenz": null,
        "f_wert": null,
        "f_emotion": null,
        "raum_emotion": null,
        "route": null
      }
    },
    {
      "type": "Feature",
      "geometry": {
        "type": "Point",
        "coordinates": [
          2.34195,
          48.8592
        ]
      },
      "properties": {
        "id": 227,
        "zeile": 1,
        "tags": [
          "time",
          "social"
        ],
        "perspektive": "erzaehler",
        "text": "Dezember, hatte er keinen Sou mehr in der Tasche und sah auch keine Möglichkeit, sich Geld zu versch",
        "notiz": "Erzähler setzt den zeitlichen Rahmen (Dezember) und beschreibt Duroys finanzielle Lage von aussen.",
        "ort": "unbekannt",
        "valenz": null,
        "intensitaet": 2,
        "gewichtete_valenz": null,
        "f_wert": null,
        "f_emotion": null,
        "raum_emotion": null,
        "route": null
      }
    },
    {
      "type": "Feature",
      "geometry": {
        "type": "Point",
        "coordinates": [
          2.34195,
          48.8592
        ]
      },
      "properties": {
        "id": 228,
        "zeile": 2,
        "tags": [
          "george_duroy",
          "social",
          "location_erinnerung"
        ],
        "perspektive": "figur",
        "text": "Er tat, was er schon öfter getan hatte, er sparte sich das Frühstück und arbeitete den Nachmittag in",
        "notiz": "Duroy greift auf eine eingeübte Überlebensstrategie zurück — Frühstück sparen und in der Redaktion arbeiten — was auf wiederkehrende Armutserfahrung hinweist.",
        "ort": "Redaktion La Vie française (ungefähre Lage)",
        "valenz": null,
        "intensitaet": null,
        "gewichtete_valenz": null,
        "f_wert": null,
        "f_emotion": null,
        "raum_emotion": null,
        "route": null
      }
    },
    {
      "type": "Feature",
      "geometry": {
        "type": "Point",
        "coordinates": [
          2.34195,
          48.8592
        ]
      },
      "properties": {
        "id": 229,
        "zeile": 3,
        "tags": [
          "mood"
        ],
        "perspektive": "figur",
        "text": "Er war wütend und hatte für nichts mehr Sinn.",
        "notiz": "Duroys innerer Zustand — Wut und emotionale Abstumpfung — wird aus seiner Perspektive dargestellt.",
        "ort": "unbekannt",
        "valenz": -1,
        "intensitaet": 2,
        "gewichtete_valenz": -2,
        "f_wert": null,
        "f_emotion": null,
        "raum_emotion": null,
        "route": null
      }
    },
    {
      "type": "Feature",
      "geometry": {
        "type": "Point",
        "coordinates": [
          2.34195,
          48.8592
        ]
      },
      "properties": {
        "id": 230,
        "zeile": 4,
        "tags": [
          "time"
        ],
        "perspektive": "erzaehler",
        "text": "Um vier Uhr bekam er einen blauen Brief von seiner Geliebten",
        "notiz": "Neutrales Erzähler-Datum: Uhrzeit als narrative Markierung ohne emotionalen Bezug.",
        "ort": "unbekannt",
        "valenz": null,
        "intensitaet": 1,
        "gewichtete_valenz": null,
        "f_wert": null,
        "f_emotion": null,
        "raum_emotion": null,
        "route": null
      }
    },
    {
      "type": "Feature",
      "geometry": {
        "type": "Point",
        "coordinates": [
          2.34195,
          48.8592
        ]
      },
      "properties": {
        "id": 231,
        "zeile": 6,
        "tags": [
          "george_duroy",
          "mood"
        ],
        "perspektive": "figur",
        "text": "Dann aber überlegte er, daß es töricht sei, sich der angenehmen Stunde zu berauben, die seine Gelieb",
        "notiz": "Duroy wägt innerlich ab und entscheidet sich für das angenehme Erlebnis — sein inneres Kalkül wird sichtbar.",
        "ort": "unbekannt",
        "valenz": null,
        "intensitaet": null,
        "gewichtete_valenz": null,
        "f_wert": null,
        "f_emotion": null,
        "raum_emotion": null,
        "route": null
      }
    },
    {
      "type": "Feature",
      "geometry": {
        "type": "Point",
        "coordinates": [
          2.34195,
          48.8592
        ]
      },
      "properties": {
        "id": 232,
        "zeile": 8,
        "tags": [
          "george_duroy",
          "social",
          "mood"
        ],
        "perspektive": "figur",
        "text": "Um die Kosten des Telegramms zu sparen, Ließ er den Brief durch einen Redaktionsboten besorgen und g",
        "notiz": "Duroy denkt aktiv über seine finanzielle Not nach und ergreift eine Sparmaßnahme — inneres Erleben seiner Geldknappheit.",
        "ort": "Redaktion La Vie française (ungefähre Lage)",
        "valenz": null,
        "intensitaet": null,
        "gewichtete_valenz": null,
        "f_wert": "ort_loest_emotion_aus",
        "f_emotion": "Geldnot und Grübeln",
        "raum_emotion": {
          "ort": "Redaktion",
          "emotion": "Geldnot und Grübeln",
          "richtung": "ort_loest_emotion_aus"
        },
        "route": null
      }
    },
    {
      "type": "Feature",
      "geometry": {
        "type": "Point",
        "coordinates": [
          2.34195,
          48.8592
        ]
      },
      "properties": {
        "id": 233,
        "zeile": 9,
        "tags": [
          "time"
        ],
        "perspektive": "erzaehler",
        "text": "Um sieben Uhr war ihm noch nichts eingefallen",
        "notiz": "Neutrale Zeitangabe des Erzählers, die den Fortgang der Handlung markiert.",
        "ort": "unbekannt",
        "valenz": null,
        "intensitaet": 1,
        "gewichtete_valenz": null,
        "f_wert": null,
        "f_emotion": null,
        "raum_emotion": null,
        "route": null
      }
    },
    {
      "type": "Feature",
      "geometry": {
        "type": "Point",
        "coordinates": [
          2.34195,
          48.8592
        ]
      },
      "properties": {
        "id": 234,
        "zeile": 9,
        "tags": [
          "george_duroy",
          "koerper_als_akteur",
          "mood"
        ],
        "perspektive": "figur",
        "text": "und dabei verspürte er einen furchtbaren Hunger.",
        "notiz": "Duroys Hunger wird als körperliche Empfindung aus seiner Perspektive erlebt.",
        "ort": "unbekannt",
        "valenz": null,
        "intensitaet": null,
        "gewichtete_valenz": null,
        "f_wert": "koerper_als_sensor",
        "f_emotion": "furchtbarer Hunger",
        "raum_emotion": {
          "ort": "Redaktion",
          "emotion": "furchtbarer Hunger",
          "richtung": "koerper_als_sensor"
        },
        "route": null
      }
    },
    {
      "type": "Feature",
      "geometry": {
        "type": "Point",
        "coordinates": [
          2.34195,
          48.8592
        ]
      },
      "properties": {
        "id": 235,
        "zeile": 10,
        "tags": [
          "george_duroy",
          "mood"
        ],
        "perspektive": "figur",
        "text": "Da griff er zu einem verzweifelten Mittel. Er ließ alle seine Kollegen einen nach dem andern fortgeh",
        "notiz": "Duroy handelt aus Verzweiflung — die innere Not treibt ihn zu einem listigen Manöver.",
        "ort": "Redaktion La Vie française (ungefähre Lage)",
        "valenz": null,
        "intensitaet": null,
        "gewichtete_valenz": null,
        "f_wert": null,
        "f_emotion": null,
        "raum_emotion": null,
        "route": null
      }
    },
    {
      "type": "Feature",
      "geometry": {
        "type": "Point",
        "coordinates": [
          2.34195,
          48.8592
        ]
      },
      "properties": {
        "id": 236,
        "zeile": 13,
        "tags": [
          "george_duroy",
          "koerper_als_akteur",
          "mood"
        ],
        "perspektive": "figur",
        "text": "Duroy stand und wühlte nervös in seinen Taschen und sagte mit heftiger Stimme",
        "notiz": "Duroys nervöse Körperhaltung und heftige Stimme spiegeln seine innere Anspannung wider.",
        "ort": "Redaktion La Vie française (ungefähre Lage)",
        "valenz": null,
        "intensitaet": null,
        "gewichtete_valenz": null,
        "f_wert": null,
        "f_emotion": null,
        "raum_emotion": null,
        "route": null
      }
    },
    {
      "type": "Feature",
      "geometry": {
        "type": "Point",
        "coordinates": [
          2.34195,
          48.8592
        ]
      },
      "properties": {
        "id": 237,
        "zeile": 14,
        "tags": [
          "george_duroy",
          "social",
          "location"
        ],
        "perspektive": "figur",
        "text": "»Hören Sie, Foucart, ich habe mein Portemonnaie zu Hause liegen lassen und ich muß zum Diner ins Lux",
        "notiz": "Duroy erfindet eine Ausrede und nennt das Luxembourg als vorgetäuschtes Ziel — soziale Scham und Geldnot verschmelzen.",
        "ort": "Redaktion La Vie française (ungefähre Lage)",
        "valenz": null,
        "intensitaet": null,
        "gewichtete_valenz": null,
        "f_wert": "ort_loest_emotion_aus",
        "f_emotion": "soziale Scham, Täuschungsmanöver",
        "raum_emotion": {
          "ort": "Luxembourg",
          "emotion": "soziale Scham, Täuschungsmanöver",
          "richtung": "ort_loest_emotion_aus"
        },
        "route": null
      }
    },
    {
      "type": "Feature",
      "geometry": {
        "type": "Point",
        "coordinates": [
          2.3402,
          48.8603
        ]
      },
      "properties": {
        "id": 238,
        "zeile": 19,
        "tags": [
          "george_duroy",
          "move"
        ],
        "perspektive": "figur",
        "text": "Duroy ergriff das Silberstück und eilte die Treppe hinab.",
        "notiz": "Duroy bewegt sich rasch aus der Redaktion — Erleichterung und Eile nach der gelungenen Geldleihe.",
        "ort": "Redaktion La Vie française (ungefähre Lage)",
        "valenz": null,
        "intensitaet": null,
        "gewichtete_valenz": null,
        "f_wert": null,
        "f_emotion": null,
        "raum_emotion": null,
        "route": null
      }
    },
    {
      "type": "Feature",
      "geometry": {
        "type": "Point",
        "coordinates": [
          2.3402,
          48.8603
        ]
      },
      "properties": {
        "id": 239,
        "zeile": 20,
        "tags": [
          "george_duroy",
          "location_erinnerung",
          "social"
        ],
        "perspektive": "figur",
        "text": "Er aß in einer Garküche, wo er in den schlimmsten Tagen seiner Armut oft einkehrte.",
        "notiz": "Duroy sucht eine ihm bekannte Garküche aus ärmsten Zeiten auf — persönliche Erinnerung an Armut verknüpft sich mit dem gegenwärtigen Ort.",
        "ort": "Garküche (unbekannte Lage, Nähe Redaktion)",
        "valenz": null,
        "intensitaet": null,
        "gewichtete_valenz": null,
        "f_wert": "ort_loest_emotion_aus",
        "f_emotion": "Armutserinnerung, Demütigung",
        "raum_emotion": {
          "ort": "Garküche",
          "emotion": "Armutserinnerung, Demütigung",
          "richtung": "ort_loest_emotion_aus"
        },
        "route": null
      }
    },
    {
      "type": "Feature",
      "geometry": {
        "type": "Point",
        "coordinates": [
          2.3402,
          48.8603
        ]
      },
      "properties": {
        "id": 240,
        "zeile": 21,
        "tags": [
          "time",
          "location",
          "atmosphere"
        ],
        "perspektive": "erzaehler",
        "text": "Um neun Uhr saß er im Salon am Kamin und erwartete seine Geliebte.",
        "notiz": "Erzähler situiert Duroy zeitlich und räumlich im Salon — ruhige, häusliche Atmosphäre als Kontrast zur vorangegangenen Not.",
        "ort": "Wohnung Duroys / gemeinsame Wohnung mit der Geliebten",
        "valenz": null,
        "intensitaet": 2,
        "gewichtete_valenz": null,
        "f_wert": null,
        "f_emotion": null,
        "raum_emotion": null,
        "route": null
      }
    },
    {
      "type": "Feature",
      "geometry": {
        "type": "Point",
        "coordinates": [
          2.3402,
          48.8603
        ]
      },
      "properties": {
        "id": 241,
        "zeile": 22,
        "tags": [
          "weather",
          "atmosphere"
        ],
        "perspektive": "erzaehler",
        "text": "Sie erschien sehr guter Laune, sehr lustig, angeregt von der kalten Luft auf der Straße.",
        "notiz": "Erzähler beschreibt die Geliebte und die kalte Außenluft als atmosphärische Kulisse — nicht Duroys Perspektive.",
        "ort": "Straße vor der gemeinsamen Wohnung",
        "valenz": 1,
        "intensitaet": 2,
        "gewichtete_valenz": 2,
        "f_wert": null,
        "f_emotion": null,
        "raum_emotion": null,
        "route": null
      }
    },
    {
      "type": "Feature",
      "geometry": {
        "type": "Point",
        "coordinates": [
          2.3402,
          48.8603
        ]
      },
      "properties": {
        "id": 242,
        "zeile": 1,
        "tags": [
          "george_duroy",
          "mood"
        ],
        "perspektive": "figur",
        "text": "Er antwortete in einem mürrischen Ton: »Warum sollen wir ausgehen? Hier ist es auch sehr angenehm.«",
        "notiz": "Duroy zeigt schlechte Laune und Widerwillen, die Wohnung zu verlassen.",
        "ort": "Duroys Wohnung (innen)",
        "valenz": null,
        "intensitaet": null,
        "gewichtete_valenz": null,
        "f_wert": "emotion_faerbt_raum",
        "f_emotion": "Widerwille, mürrische Stimmung",
        "raum_emotion": {
          "ort": "Duroys Wohnung",
          "emotion": "Widerwille, mürrische Stimmung",
          "richtung": "emotion_faerbt_raum"
        },
        "route": null
      }
    },
    {
      "type": "Feature",
      "geometry": {
        "type": "Point",
        "coordinates": [
          2.3402,
          48.8603
        ]
      },
      "properties": {
        "id": 243,
        "zeile": 3,
        "tags": [
          "george_duroy",
          "mood"
        ],
        "perspektive": "figur",
        "text": "»Schon möglich, aber mir liegt nichts daran.«",
        "notiz": "Duroy zeigt Gleichgültigkeit gegenüber dem Mondscheinspaziergang.",
        "ort": "Duroys Wohnung (innen)",
        "valenz": null,
        "intensitaet": null,
        "gewichtete_valenz": null,
        "f_wert": null,
        "f_emotion": null,
        "raum_emotion": null,
        "route": null
      }
    },
    {
      "type": "Feature",
      "geometry": {
        "type": "Point",
        "coordinates": [
          2.3402,
          48.8603
        ]
      },
      "properties": {
        "id": 244,
        "zeile": 4,
        "tags": [
          "george_duroy",
          "mood"
        ],
        "perspektive": "figur",
        "text": "Er sagte das in wütendem Ton.",
        "notiz": "Duroys innerer Zorn drückt sich in seiner Sprechweise aus.",
        "ort": "Duroys Wohnung (innen)",
        "valenz": null,
        "intensitaet": null,
        "gewichtete_valenz": null,
        "f_wert": null,
        "f_emotion": null,
        "raum_emotion": null,
        "route": null
      }
    },
    {
      "type": "Feature",
      "geometry": {
        "type": "Point",
        "coordinates": [
          2.3402,
          48.8603
        ]
      },
      "properties": {
        "id": 245,
        "zeile": 6,
        "tags": [
          "george_duroy",
          "mood",
          "koerper_als_akteur"
        ],
        "perspektive": "figur",
        "text": "Ganz aufgebracht, stand er auf: »Ich ärgere mich gar nicht, es ist mir bloß langweilig. Das ist alle",
        "notiz": "Duroy springt aufgebracht auf — körperliche Reaktion als Ausdruck innerer Erregung.",
        "ort": "Duroys Wohnung (innen)",
        "valenz": null,
        "intensitaet": null,
        "gewichtete_valenz": null,
        "f_wert": null,
        "f_emotion": null,
        "raum_emotion": null,
        "route": null
      }
    },
    {
      "type": "Feature",
      "geometry": {
        "type": "Point",
        "coordinates": [
          2.3402,
          48.8603
        ]
      },
      "properties": {
        "id": 246,
        "zeile": 8,
        "tags": [
          "george_duroy",
          "move",
          "koerper_als_akteur"
        ],
        "perspektive": "figur",
        "text": "Er begriff, daß die Sache ernst wurde und stürzte hinter ihr her, ergriff ihre Hände und küßte sie.",
        "notiz": "Duroy erkennt die Ernsthaftigkeit der Situation und handelt körperlich-impulsiv.",
        "ort": "Duroys Wohnung (innen)",
        "valenz": null,
        "intensitaet": null,
        "gewichtete_valenz": null,
        "f_wert": null,
        "f_emotion": null,
        "raum_emotion": null,
        "route": null
      }
    },
    {
      "type": "Feature",
      "geometry": {
        "type": "Point",
        "coordinates": [
          2.3402,
          48.8603
        ]
      },
      "properties": {
        "id": 247,
        "zeile": 9,
        "tags": [
          "george_duroy",
          "mood",
          "social"
        ],
        "perspektive": "figur",
        "text": "Er stammelte: »Verzeih mir, Liebste, verzeih mir. Ich bin heute abend ganz nervös und überreizt. Ich",
        "notiz": "Duroy offenbart seinen inneren Zustand — Nervosität und berufliche Frustration.",
        "ort": "Duroys Wohnung (innen)",
        "valenz": null,
        "intensitaet": null,
        "gewichtete_valenz": null,
        "f_wert": null,
        "f_emotion": null,
        "raum_emotion": null,
        "route": null
      }
    },
    {
      "type": "Feature",
      "geometry": {
        "type": "Point",
        "coordinates": [
          2.3402,
          48.8603
        ]
      },
      "properties": {
        "id": 248,
        "zeile": 11,
        "tags": [
          "koerper_als_akteur",
          "move"
        ],
        "perspektive": "erzaehler",
        "text": "Er schloß sie in die Arme und zog sie zum Sofa.",
        "notiz": "Maupassant beschreibt Duroys körperliche Handlung von aussen.",
        "ort": "Duroys Wohnung (innen)",
        "valenz": 0,
        "intensitaet": 1,
        "gewichtete_valenz": 0,
        "f_wert": null,
        "f_emotion": null,
        "raum_emotion": null,
        "route": null
      }
    },
    {
      "type": "Feature",
      "geometry": {
        "type": "Point",
        "coordinates": [
          2.3402,
          48.8603
        ]
      },
      "properties": {
        "id": 249,
        "zeile": 12,
        "tags": [
          "koerper_als_akteur"
        ],
        "perspektive": "erzaehler",
        "text": "Er hatte sie gezwungen, sich hinzusetzen und kniete vor ihr nieder",
        "notiz": "Maupassant beschreibt Duroys körperliche Unterwerfungsgeste von aussen.",
        "ort": "Duroys Wohnung (innen)",
        "valenz": 0,
        "intensitaet": 1,
        "gewichtete_valenz": 0,
        "f_wert": null,
        "f_emotion": null,
        "raum_emotion": null,
        "route": null
      }
    },
    {
      "type": "Feature",
      "geometry": {
        "type": "Point",
        "coordinates": [
          2.3402,
          48.8603
        ]
      },
      "properties": {
        "id": 250,
        "zeile": 14,
        "tags": [
          "george_duroy",
          "mood",
          "koerper_als_akteur",
          "atmosphere"
        ],
        "perspektive": "figur",
        "text": "Er kniete noch immer vor ihr und hielt ihre Hüften mit seinen Armen umschlungen. Er stotterte: »Ich ",
        "notiz": "Duroy fleht, am Kamin zu bleiben — sein Wunsch nach Intimität zu Hause ist emotional aufgeladen und an den Raum geknüpft.",
        "ort": "Duroys Wohnung (innen), am Kamin",
        "valenz": null,
        "intensitaet": null,
        "gewichtete_valenz": null,
        "f_wert": "emotion_faerbt_raum",
        "f_emotion": "Sehnsucht nach Intimität, Bitte um Bleiben",
        "raum_emotion": {
          "ort": "Kamin in Duroys Wohnung",
          "emotion": "Sehnsucht nach Intimität, Bitte um Bleiben",
          "richtung": "emotion_faerbt_raum"
        },
        "route": null
      }
    },
    {
      "type": "Feature",
      "geometry": {
        "type": "Point",
        "coordinates": [
          2.3402,
          48.8603
        ]
      },
      "properties": {
        "id": 251,
        "zeile": 1,
        "tags": [
          "george_duroy",
          "koerper_als_akteur"
        ],
        "perspektive": "figur",
        "text": "Er eilte ihr nach und umklammerte sie mit den Armen.",
        "notiz": "Duroy handelt körperlich-räumlich, indem er Clotilde nachjagt und festhält.",
        "ort": "Innenraum, Wohnung (nicht spezifiziert)",
        "valenz": null,
        "intensitaet": null,
        "gewichtete_valenz": null,
        "f_wert": null,
        "f_emotion": null,
        "raum_emotion": null,
        "route": null
      }
    },
    {
      "type": "Feature",
      "geometry": {
        "type": "Point",
        "coordinates": [
          2.3402,
          48.8603
        ]
      },
      "properties": {
        "id": 252,
        "zeile": 2,
        "tags": [
          "george_duroy",
          "mood"
        ],
        "perspektive": "figur",
        "text": "Er wurde rot und wußte nicht, was er sagen sollte.",
        "notiz": "Duroy erlebt Verlegenheit und Hilflosigkeit angesichts seiner Lüge.",
        "ort": "Innenraum, Wohnung (nicht spezifiziert)",
        "valenz": null,
        "intensitaet": null,
        "gewichtete_valenz": null,
        "f_wert": null,
        "f_emotion": null,
        "raum_emotion": null,
        "route": null
      }
    },
    {
      "type": "Feature",
      "geometry": {
        "type": "Point",
        "coordinates": [
          2.3402,
          48.8603
        ]
      },
      "properties": {
        "id": 253,
        "zeile": 3,
        "tags": [
          "george_duroy",
          "mood",
          "koerper_als_akteur"
        ],
        "perspektive": "figur",
        "text": "Er faßte sie noch einmal an den Schultern. Er war fassungslos und bereit, alles zu gestehen, nur um ",
        "notiz": "Duroy ist innerlich verzweifelt und greift körperlich ein, um die Situation zu retten.",
        "ort": "Innenraum, Wohnung (nicht spezifiziert)",
        "valenz": null,
        "intensitaet": null,
        "gewichtete_valenz": null,
        "f_wert": null,
        "f_emotion": null,
        "raum_emotion": null,
        "route": null
      }
    },
    {
      "type": "Feature",
      "geometry": {
        "type": "Point",
        "coordinates": [
          2.3402,
          48.8603
        ]
      },
      "properties": {
        "id": 254,
        "zeile": 4,
        "tags": [
          "george_duroy",
          "mood",
          "social"
        ],
        "perspektive": "figur",
        "text": "Mit verzweifelter Stimme erklärte er: »Der Grund ist ... ich besitze keinen einzigen Sou.«",
        "notiz": "Duroy gesteht verzweifelt seine finanzielle Not, was seinen sozialen Status offenbart.",
        "ort": "Innenraum, Wohnung (nicht spezifiziert)",
        "valenz": null,
        "intensitaet": null,
        "gewichtete_valenz": null,
        "f_wert": null,
        "f_emotion": null,
        "raum_emotion": null,
        "route": null
      }
    },
    {
      "type": "Feature",
      "geometry": {
        "type": "Point",
        "coordinates": [
          2.3402,
          48.8603
        ]
      },
      "properties": {
        "id": 255,
        "zeile": 5,
        "tags": [
          "george_duroy",
          "mood",
          "koerper_als_akteur"
        ],
        "perspektive": "figur",
        "text": "Er war bis in die Haarwurzeln rot geworden.",
        "notiz": "Duroys Körper zeigt extreme Scham als körperliche Reaktion.",
        "ort": "Innenraum, Wohnung (nicht spezifiziert)",
        "valenz": null,
        "intensitaet": null,
        "gewichtete_valenz": null,
        "f_wert": null,
        "f_emotion": null,
        "raum_emotion": null,
        "route": null
      }
    },
    {
      "type": "Feature",
      "geometry": {
        "type": "Point",
        "coordinates": [
          2.3402,
          48.8603
        ]
      },
      "properties": {
        "id": 256,
        "zeile": 6,
        "tags": [
          "george_duroy",
          "social",
          "mood"
        ],
        "perspektive": "figur",
        "text": "Ich sage, ich habe keinen Sou. Verstehst du mich? Keine zwanzig Sous, keine zehn, nicht einmal sovie",
        "notiz": "Duroy reflektiert aus seiner eigenen Perspektive seine demütigende finanzielle Lage und soziale Scham.",
        "ort": "Innenraum, Wohnung (nicht spezifiziert)",
        "valenz": -1,
        "intensitaet": 3,
        "gewichtete_valenz": -3,
        "f_wert": "ort_loest_emotion_aus",
        "f_emotion": "Scham, Demütigung",
        "raum_emotion": {
          "ort": "Wohnung / imaginiertes Café",
          "emotion": "Scham, Demütigung",
          "richtung": "ort_loest_emotion_aus"
        },
        "route": null
      }
    },
    {
      "type": "Feature",
      "geometry": {
        "type": "Point",
        "coordinates": [
          2.3402,
          48.8603
        ]
      },
      "properties": {
        "id": 257,
        "zeile": 7,
        "tags": [
          "george_duroy",
          "koerper_als_akteur",
          "social"
        ],
        "perspektive": "figur",
        "text": "Im Nu drehte er alle seine Taschen um, Hosentaschen, Rock- und Westentasche und rief: »Nun ...«",
        "notiz": "Duroy demonstriert körperlich seine Mittellosigkeit, indem er seine leeren Taschen vorzeigt.",
        "ort": "Innenraum, Wohnung (nicht spezifiziert)",
        "valenz": null,
        "intensitaet": null,
        "gewichtete_valenz": null,
        "f_wert": null,
        "f_emotion": null,
        "raum_emotion": null,
        "route": null
      }
    },
    {
      "type": "Feature",
      "geometry": {
        "type": "Point",
        "coordinates": [
          2.3402,
          48.8603
        ]
      },
      "properties": {
        "id": 258,
        "zeile": 1,
        "tags": [
          "atmosphere",
          "social"
        ],
        "perspektive": "erzaehler",
        "text": "So einen zarten und liebevollen Abend hatten sie noch nie verbracht.",
        "notiz": "Maupassant beschreibt den emotionalen Charakter des Abends von aussen als atmosphärisches Fazit.",
        "ort": "Wohnung Duroys (unspezifisch)",
        "valenz": null,
        "intensitaet": 2,
        "gewichtete_valenz": null,
        "f_wert": null,
        "f_emotion": null,
        "raum_emotion": null,
        "route": null
      }
    },
    {
      "type": "Feature",
      "geometry": {
        "type": "Point",
        "coordinates": [
          2.3402,
          48.8603
        ]
      },
      "properties": {
        "id": 259,
        "zeile": 2,
        "tags": [
          "george_duroy",
          "mood",
          "social"
        ],
        "perspektive": "figur",
        "text": "Er erfand eine rührende Geschichte. Er habe seinem Vater, der in Not geraten war, helfen müssen, und",
        "notiz": "Duroy erfindet aktiv eine Geschichte, die seine soziale und finanzielle Notlage kaschiert — inneres Handeln und soziale Strategie.",
        "ort": "Wohnung Duroys (unspezifisch)",
        "valenz": -1,
        "intensitaet": 2,
        "gewichtete_valenz": -2,
        "f_wert": null,
        "f_emotion": null,
        "raum_emotion": null,
        "route": null
      }
    },
    {
      "type": "Feature",
      "geometry": {
        "type": "Point",
        "coordinates": [
          2.3402,
          48.8603
        ]
      },
      "properties": {
        "id": 260,
        "zeile": 3,
        "tags": [
          "george_duroy",
          "social",
          "mood"
        ],
        "perspektive": "figur",
        "text": "»Ich werde mindestens sechs Monate hungern müssen,« fügte er hinzu, »denn alle meine Hilfsquellen si",
        "notiz": "Duroy äussert seine finanzielle Notlage und inszeniert dabei bewusst eine Haltung der Würde — soziales Selbsterleben nach innen.",
        "ort": "Wohnung Duroys (unspezifisch)",
        "valenz": -1,
        "intensitaet": 2,
        "gewichtete_valenz": -2,
        "f_wert": null,
        "f_emotion": null,
        "raum_emotion": null,
        "route": null
      }
    },
    {
      "type": "Feature",
      "geometry": {
        "type": "Point",
        "coordinates": [
          2.3402,
          48.8603
        ]
      },
      "properties": {
        "id": 261,
        "zeile": 4,
        "tags": [
          "george_duroy",
          "mood",
          "social"
        ],
        "perspektive": "figur",
        "text": "Er antwortete würdevoll: »Das ist sehr lieb von dir, mein Herz, aber ich bitte dich, sprechen wir ni",
        "notiz": "Duroy lehnt das Geldangebot mit inszenierter Würde ab — innere Strategie zwischen Stolz und sozialer Berechnung.",
        "ort": "Wohnung Duroys (unspezifisch)",
        "valenz": -1,
        "intensitaet": 2,
        "gewichtete_valenz": -2,
        "f_wert": null,
        "f_emotion": null,
        "raum_emotion": null,
        "route": null
      }
    },
    {
      "type": "Feature",
      "geometry": {
        "type": "Point",
        "coordinates": [
          2.3402,
          48.8603
        ]
      },
      "properties": {
        "id": 262,
        "zeile": 5,
        "tags": [
          "george_duroy",
          "mood",
          "social"
        ],
        "perspektive": "figur",
        "text": "Er erwiderte mit Überzeugung: »Ach ja, das wäre sehr angenehm.«",
        "notiz": "Duroys innerlich ehrliche Reaktion auf die Vorstellung, zufällig Geld zu finden — Überzeugung verrät echte Not hinter der Fassade.",
        "ort": "Wohnung Duroys (unspezifisch)",
        "valenz": 1,
        "intensitaet": 1,
        "gewichtete_valenz": 1,
        "f_wert": "ort_loest_emotion_aus",
        "f_emotion": "Erleichterung / Sehnsucht nach Geld",
        "raum_emotion": {
          "ort": "Wohnung Duroys",
          "emotion": "Erleichterung / Sehnsucht nach Geld",
          "richtung": "ort_loest_emotion_aus"
        },
        "route": null
      }
    },
    {
      "type": "Feature",
      "geometry": {
        "type": "Point",
        "coordinates": [
          2.3402,
          48.8603
        ]
      },
      "properties": {
        "id": 263,
        "zeile": 6,
        "tags": [
          "move"
        ],
        "perspektive": "erzaehler",
        "text": "Sie wollte zu Fuß nach Hause gehen unter dem Vorwand, der Mondschein wäre so herrlich und sie begeis",
        "notiz": "Maupassant beschreibt die Entscheidung der Frau, zu Fuß zu gehen — Bewegung durch den Raum aus Erzählerperspektive.",
        "ort": "Strasse nahe Wohnung Duroys (unspezifisch)",
        "valenz": null,
        "intensitaet": null,
        "gewichtete_valenz": null,
        "f_wert": null,
        "f_emotion": null,
        "raum_emotion": null,
        "route": null
      }
    },
    {
      "type": "Feature",
      "geometry": {
        "type": "Point",
        "coordinates": [
          2.3402,
          48.8603
        ]
      },
      "properties": {
        "id": 264,
        "zeile": 7,
        "tags": [
          "weather",
          "time",
          "atmosphere"
        ],
        "perspektive": "erzaehler",
        "text": "Es war eine kalte, schöne Winternacht.",
        "notiz": "Maupassant beschreibt die nächtliche Winterszenerie als atmosphärische Kulisse — neutral und von aussen.",
        "ort": "Strasse in Paris (unspezifisch)",
        "valenz": null,
        "intensitaet": 1,
        "gewichtete_valenz": null,
        "f_wert": null,
        "f_emotion": null,
        "raum_emotion": null,
        "route": null
      }
    },
    {
      "type": "Feature",
      "geometry": {
        "type": "Point",
        "coordinates": [
          2.3402,
          48.8603
        ]
      },
      "properties": {
        "id": 265,
        "zeile": 8,
        "tags": [
          "atmosphere",
          "sound",
          "space",
          "weather"
        ],
        "perspektive": "erzaehler",
        "text": "Menschen und Pferde schritten rasch und munter in der hellen, frostigen Luft. Die Hacken schallten a",
        "notiz": "Maupassant beschreibt die winterliche Stadtszene mit Klang und Bewegung als Kulisse — Erzählerperspektive ohne Duroys inneres Erleben.",
        "ort": "Strasse in Paris (unspezifisch)",
        "valenz": null,
        "intensitaet": 2,
        "gewichtete_valenz": null,
        "f_wert": null,
        "f_emotion": null,
        "raum_emotion": null,
        "route": null
      }
    },
    {
      "type": "Feature",
      "geometry": {
        "type": "Point",
        "coordinates": [
          2.3402,
          48.8603
        ]
      },
      "properties": {
        "id": 266,
        "zeile": 1,
        "tags": [
          "move",
          "mood"
        ],
        "perspektive": "erzaehler",
        "text": "Er kehrte eiligst nach Hause und zerbrach sich unterwegs den Kopf, was er nun beginnen sollte, um si",
        "notiz": "Duroy kehrt eilig nach Hause zurück und grübelt dabei über seine schwierige Lage nach.",
        "ort": "Weg nach Hause, Paris",
        "valenz": null,
        "intensitaet": null,
        "gewichtete_valenz": null,
        "f_wert": "emotion_faerbt_raum",
        "f_emotion": "Sorge, Grübeln",
        "raum_emotion": {
          "ort": "Straße nach Hause",
          "emotion": "Sorge, Grübeln",
          "richtung": "emotion_faerbt_raum"
        },
        "route": null
      }
    },
    {
      "type": "Feature",
      "geometry": {
        "type": "Point",
        "coordinates": [
          2.3402,
          48.8603
        ]
      },
      "properties": {
        "id": 267,
        "zeile": 2,
        "tags": [
          "george_duroy",
          "material",
          "mood"
        ],
        "perspektive": "figur",
        "text": "als er seine Zimmertür öffnete und in seiner Westentasche nach einem Streichholz suchte, fühlte er z",
        "notiz": "Duroy ertastet unerwartet ein Goldstück in seiner Tasche — ein körperlich-sensorisches Staunen.",
        "ort": "Duroys Zimmer",
        "valenz": 1,
        "intensitaet": 2,
        "gewichtete_valenz": 2,
        "f_wert": "ort_loest_emotion_aus",
        "f_emotion": "Staunen",
        "raum_emotion": {
          "ort": "Duroys Zimmer",
          "emotion": "Staunen",
          "richtung": "ort_loest_emotion_aus"
        },
        "route": null
      }
    },
    {
      "type": "Feature",
      "geometry": {
        "type": "Point",
        "coordinates": [
          2.3402,
          48.8603
        ]
      },
      "properties": {
        "id": 268,
        "zeile": 3,
        "tags": [
          "george_duroy",
          "material",
          "mood",
          "social"
        ],
        "perspektive": "figur",
        "text": "Er zündete das Licht an und besah sich näher die Münze. Es war ein Zwanzigfrancsstück. Zuerst dachte",
        "notiz": "Duroy untersucht die Münze und ist fassungslos — der Fund löst Verwirrung und Ungläubigkeit aus.",
        "ort": "Duroys Zimmer",
        "valenz": 1,
        "intensitaet": 2,
        "gewichtete_valenz": 2,
        "f_wert": "ort_loest_emotion_aus",
        "f_emotion": "Verwirrung, Ungläubigkeit",
        "raum_emotion": {
          "ort": "Duroys Zimmer",
          "emotion": "Verwirrung, Ungläubigkeit",
          "richtung": "ort_loest_emotion_aus"
        },
        "route": null
      }
    },
    {
      "type": "Feature",
      "geometry": {
        "type": "Point",
        "coordinates": [
          2.3402,
          48.8603
        ]
      },
      "properties": {
        "id": 269,
        "zeile": 4,
        "tags": [
          "george_duroy",
          "mood",
          "social"
        ],
        "perspektive": "figur",
        "text": "Plötzlich fiel es ihm ein und eine heftige Entrüstung ergriff ihn. Seine Geliebte hatte ja in der Ta",
        "notiz": "Duroy erkennt den Ursprung des Geldes und empfindet heftige Scham und Entrüstung über das Almosen seiner Geliebten.",
        "ort": "Duroys Zimmer",
        "valenz": -1,
        "intensitaet": 3,
        "gewichtete_valenz": -3,
        "f_wert": "ort_loest_emotion_aus",
        "f_emotion": "Entrüstung, Scham",
        "raum_emotion": {
          "ort": "Duroys Zimmer",
          "emotion": "Entrüstung, Scham",
          "richtung": "ort_loest_emotion_aus"
        },
        "route": null
      }
    },
    {
      "type": "Feature",
      "geometry": {
        "type": "Point",
        "coordinates": [
          2.3402,
          48.8603
        ]
      },
      "properties": {
        "id": 270,
        "zeile": 5,
        "tags": [
          "george_duroy",
          "mood"
        ],
        "perspektive": "figur",
        "text": "Er legte sich zu Bett, das Herz voll Scham und Zorn.",
        "notiz": "Duroy geht zu Bett mit einem inneren Zustand voller Scham und Zorn.",
        "ort": "Duroys Zimmer",
        "valenz": -1,
        "intensitaet": 3,
        "gewichtete_valenz": -3,
        "f_wert": "emotion_faerbt_raum",
        "f_emotion": "Scham, Zorn",
        "raum_emotion": {
          "ort": "Duroys Zimmer",
          "emotion": "Scham, Zorn",
          "richtung": "emotion_faerbt_raum"
        },
        "route": null
      }
    },
    {
      "type": "Feature",
      "geometry": {
        "type": "Point",
        "coordinates": [
          2.3402,
          48.8603
        ]
      },
      "properties": {
        "id": 271,
        "zeile": 6,
        "tags": [
          "george_duroy",
          "koerper_als_akteur",
          "time"
        ],
        "perspektive": "figur",
        "text": "Er wachte spät auf. Er hatte Hunger und versuchte, noch einmal einzuschlafen, um erst gegen zwei Uhr",
        "notiz": "Duroy erlebt Hunger als körperlichen Zwang und versucht durch weiterschlafen der Not zu entkommen.",
        "ort": "Duroys Zimmer",
        "valenz": -1,
        "intensitaet": 2,
        "gewichtete_valenz": -2,
        "f_wert": "koerper_als_sensor",
        "f_emotion": "Hunger, Erschöpfung",
        "raum_emotion": {
          "ort": "Duroys Zimmer",
          "emotion": "Hunger, Erschöpfung",
          "richtung": "koerper_als_sensor"
        },
        "route": null
      }
    },
    {
      "type": "Feature",
      "geometry": {
        "type": "Point",
        "coordinates": [
          2.3402,
          48.8603
        ]
      },
      "properties": {
        "id": 272,
        "zeile": 7,
        "tags": [
          "george_duroy",
          "move",
          "mood"
        ],
        "perspektive": "figur",
        "text": "Dann ging er aus, in der Hoffnung, daß auf der Straße ihm irgendein guter Einfall kommen würde.",
        "notiz": "Duroy verlässt sein Zimmer und geht auf die Straße in der Hoffnung auf eine Idee zur Lösung seiner Geldnot.",
        "ort": "Straße, Paris (Nähe Duroys Wohnung)",
        "valenz": null,
        "intensitaet": null,
        "gewichtete_valenz": null,
        "f_wert": "emotion_faerbt_raum",
        "f_emotion": "vage Hoffnung",
        "raum_emotion": {
          "ort": "Straße in Paris",
          "emotion": "vage Hoffnung",
          "richtung": "emotion_faerbt_raum"
        },
        "route": null
      }
    },
    {
      "type": "Feature",
      "geometry": {
        "type": "Point",
        "coordinates": [
          2.3402,
          48.8603
        ]
      },
      "properties": {
        "id": 273,
        "zeile": 8,
        "tags": [
          "george_duroy",
          "koerper_als_akteur",
          "smell",
          "atmosphere"
        ],
        "perspektive": "figur",
        "text": "Doch jedesmal, wenn er an einem Restaurant vorbei mußte, überfiel ihn ein solcher Hunger, daß ihm de",
        "notiz": "Der Anblick der Restaurants löst bei Duroy einen überwältigenden körperlichen Hunger aus — der Raum wirkt direkt auf seinen Körper.",
        "ort": "Straße mit Restaurants, Paris",
        "valenz": -1,
        "intensitaet": 3,
        "gewichtete_valenz": -3,
        "f_wert": "ort_loest_emotion_aus",
        "f_emotion": "überwältigender Hunger",
        "raum_emotion": {
          "ort": "Straße mit Restaurants",
          "emotion": "überwältigender Hunger",
          "richtung": "ort_loest_emotion_aus"
        },
        "route": null
      }
    },
    {
      "type": "Feature",
      "geometry": {
        "type": "Point",
        "coordinates": [
          2.3402,
          48.8603
        ]
      },
      "properties": {
        "id": 274,
        "zeile": 9,
        "tags": [
          "george_duroy",
          "mood",
          "social",
          "time"
        ],
        "perspektive": "figur",
        "text": "Als ihm mittags immer noch nichts eingefallen war, entschloß er sich kurz: »Ach was, ich werde mit d",
        "notiz": "Duroy kapituliert nach langem Zögern und entscheidet sich, das Geld Clotildes zu nutzen — innerer Konflikt zwischen Stolz und Not.",
        "ort": "Straße, Paris",
        "valenz": -1,
        "intensitaet": 2,
        "gewichtete_valenz": -2,
        "f_wert": "koerper_als_sensor",
        "f_emotion": "Kapitulation, Selbstrechtfertigung",
        "raum_emotion": {
          "ort": "Straße, Paris",
          "emotion": "Kapitulation, Selbstrechtfertigung",
          "richtung": "koerper_als_sensor"
        },
        "route": null
      }
    },
    {
      "type": "Feature",
      "geometry": {
        "type": "Point",
        "coordinates": [
          2.3402,
          48.8603
        ]
      },
      "properties": {
        "id": 275,
        "zeile": 10,
        "tags": [
          "location",
          "social"
        ],
        "perspektive": "erzaehler",
        "text": "Er aß also in der Brauerei für zwei Francs fünfzig.",
        "notiz": "Duroy isst in einer Brauerei — der Ort und der Preis signalisieren seine bescheidene soziale Lage.",
        "ort": "Brauerei, Paris",
        "valenz": null,
        "intensitaet": 1,
        "gewichtete_valenz": null,
        "f_wert": null,
        "f_emotion": null,
        "raum_emotion": null,
        "route": null
      }
    },
    {
      "type": "Feature",
      "geometry": {
        "type": "Point",
        "coordinates": [
          2.3402,
          48.8603
        ]
      },
      "properties": {
        "id": 276,
        "zeile": 1,
        "tags": [
          "location",
          "george_duroy",
          "social"
        ],
        "perspektive": "erzaehler",
        "text": "Beim Betreten der Redaktion gab er dem Boten die drei Francs wieder zurück",
        "notiz": "Duroy betritt die Redaktion und gibt Geld zurück — Ortsnennung und soziale Geste von aussen beschrieben.",
        "ort": "Redaktion der Zeitung (La Vie Française)",
        "valenz": null,
        "intensitaet": 1,
        "gewichtete_valenz": null,
        "f_wert": null,
        "f_emotion": null,
        "raum_emotion": null,
        "route": null
      }
    },
    {
      "type": "Feature",
      "geometry": {
        "type": "Point",
        "coordinates": [
          2.3402,
          48.8603
        ]
      },
      "properties": {
        "id": 277,
        "zeile": 3,
        "tags": [
          "time",
          "social"
        ],
        "perspektive": "erzaehler",
        "text": "Er arbeitete bis sieben Uhr und ging dann Mittag essen, und nahm abermals drei Francs von demselben ",
        "notiz": "Maupassant beschreibt Duroys Tagesablauf und Ausgaben neutral von aussen als soziale Situationsskizze.",
        "ort": "unspezifisch, Paris",
        "valenz": null,
        "intensitaet": 1,
        "gewichtete_valenz": null,
        "f_wert": null,
        "f_emotion": null,
        "raum_emotion": null,
        "route": null
      }
    },
    {
      "type": "Feature",
      "geometry": {
        "type": "Point",
        "coordinates": [
          2.3402,
          48.8603
        ]
      },
      "properties": {
        "id": 278,
        "zeile": 5,
        "tags": [
          "george_duroy",
          "social",
          "time"
        ],
        "perspektive": "figur",
        "text": "Da er binnen vierundzwanzig Stunden sich weder Geld noch Kredit verschaffen konnte, so nahm er am fo",
        "notiz": "Duroys innere Lage der finanziellen Not wird durch seine Handlungen und Überlegungen sichtbar — soziales Erleben der Geldnot aus seiner Perspektive.",
        "ort": "unspezifisch, Paris",
        "valenz": -1,
        "intensitaet": 2,
        "gewichtete_valenz": -2,
        "f_wert": "ort_loest_emotion_aus",
        "f_emotion": "Geldnot, Scham",
        "raum_emotion": {
          "ort": "unspezifisch",
          "emotion": "Geldnot, Scham",
          "richtung": "ort_loest_emotion_aus"
        },
        "route": null
      }
    },
    {
      "type": "Feature",
      "geometry": {
        "type": "Point",
        "coordinates": [
          2.3402,
          48.8603
        ]
      },
      "properties": {
        "id": 279,
        "zeile": 7,
        "tags": [
          "george_duroy",
          "mood"
        ],
        "perspektive": "figur",
        "text": "Seine Laune war die eines tollen Hundes, und er nahm sich vor, die Lage sofort klar zu stellen",
        "notiz": "Duroys gereizte, aufgebrachte innere Stimmung wird explizit aus seiner Perspektive beschrieben.",
        "ort": "unspezifisch, Paris",
        "valenz": -1,
        "intensitaet": 2,
        "gewichtete_valenz": -2,
        "f_wert": "ort_loest_emotion_aus",
        "f_emotion": "schlechte Laune, Gereiztheit",
        "raum_emotion": {
          "ort": "unspezifisch",
          "emotion": "schlechte Laune, Gereiztheit",
          "richtung": "ort_loest_emotion_aus"
        },
        "route": null
      }
    },
    {
      "type": "Feature",
      "geometry": {
        "type": "Point",
        "coordinates": [
          2.3402,
          48.8603
        ]
      },
      "properties": {
        "id": 280,
        "zeile": 9,
        "tags": [
          "george_duroy",
          "mood",
          "time"
        ],
        "perspektive": "figur",
        "text": "Er sagte sich seinerseits: »Ich werde nachher noch Zeit haben, um die Sache zu besprechen; ich werde",
        "notiz": "Duroy schiebt das unangenehme Gespräch innerlich auf — Zeit wird als emotionaler Aufschub erlebt.",
        "ort": "unspezifisch, Paris",
        "valenz": -1,
        "intensitaet": 1,
        "gewichtete_valenz": -1,
        "f_wert": "ort_loest_emotion_aus",
        "f_emotion": "Aufschub, Unbehagen",
        "raum_emotion": {
          "ort": "unspezifisch",
          "emotion": "Aufschub, Unbehagen",
          "richtung": "ort_loest_emotion_aus"
        },
        "route": null
      }
    },
    {
      "type": "Feature",
      "geometry": {
        "type": "Point",
        "coordinates": [
          2.3402,
          48.8603
        ]
      },
      "properties": {
        "id": 281,
        "zeile": 11,
        "tags": [
          "george_duroy",
          "mood",
          "social"
        ],
        "perspektive": "figur",
        "text": "Er fand aber keine Gelegenheit und sagte nichts, weil es ihm peinlich war, das heikle Thema anzufang",
        "notiz": "Duroy erlebt Scham und Unbehagen, das ihn daran hindert, die Geldfrage anzusprechen — inneres Gefühl der Peinlichkeit.",
        "ort": "unspezifisch, Paris",
        "valenz": -1,
        "intensitaet": 2,
        "gewichtete_valenz": -2,
        "f_wert": "ort_loest_emotion_aus",
        "f_emotion": "Scham, Verlegenheit",
        "raum_emotion": {
          "ort": "unspezifisch",
          "emotion": "Scham, Verlegenheit",
          "richtung": "ort_loest_emotion_aus"
        },
        "route": null
      }
    },
    {
      "type": "Feature",
      "geometry": {
        "type": "Point",
        "coordinates": [
          2.3402,
          48.8603
        ]
      },
      "properties": {
        "id": 282,
        "zeile": 13,
        "tags": [
          "time"
        ],
        "perspektive": "erzaehler",
        "text": "Sie trennten sich gegen Mitternacht, nachdem sie das nächste Rendezvous erst auf Mittwoch der nächst",
        "notiz": "Maupassant gibt neutral Tageszeit und Zeitplanung der Figuren an — sachliche Erzählerangabe ohne emotionalen Bezug Duroys.",
        "ort": "unspezifisch, Paris",
        "valenz": null,
        "intensitaet": 1,
        "gewichtete_valenz": null,
        "f_wert": null,
        "f_emotion": null,
        "raum_emotion": null,
        "route": null
      }
    },
    {
      "type": "Feature",
      "geometry": {
        "type": "Point",
        "coordinates": [
          2.3402,
          48.8603
        ]
      },
      "properties": {
        "id": 283,
        "zeile": 1,
        "tags": [
          "george_duroy",
          "social"
        ],
        "perspektive": "figur",
        "text": "Als Duroy am nächsten Morgen sein Frühstück bezahlte und vier Geldstücke zusammensuchte, die er noch",
        "notiz": "Duroy erlebt die Entdeckung des unerwarteten Goldstücks — inneres Erleben seiner finanziellen Lage.",
        "ort": "unbekanntes Lokal/Café, Paris",
        "valenz": -1,
        "intensitaet": 2,
        "gewichtete_valenz": -2,
        "f_wert": null,
        "f_emotion": null,
        "raum_emotion": null,
        "route": null
      }
    },
    {
      "type": "Feature",
      "geometry": {
        "type": "Point",
        "coordinates": [
          2.3402,
          48.8603
        ]
      },
      "properties": {
        "id": 284,
        "zeile": 2,
        "tags": [
          "george_duroy",
          "mood",
          "social"
        ],
        "perspektive": "figur",
        "text": "Im ersten Augenblick glaubte er, man habe ihm gestern beim Wechseln ein Zwanzigfrancsstück aus Verse",
        "notiz": "Duroy erkennt die Herkunft des Geldes und empfindet tiefe Demütigung — emotionales Innenerleben seiner sozialen Abhängigkeit.",
        "ort": "unbekanntes Lokal/Café, Paris",
        "valenz": -1,
        "intensitaet": 3,
        "gewichtete_valenz": -3,
        "f_wert": "ort_loest_emotion_aus",
        "f_emotion": "Demütigung, Scham",
        "raum_emotion": {
          "ort": "unbekanntes Lokal",
          "emotion": "Demütigung, Scham",
          "richtung": "ort_loest_emotion_aus"
        },
        "route": null
      }
    },
    {
      "type": "Feature",
      "geometry": {
        "type": "Point",
        "coordinates": [
          2.3402,
          48.8603
        ]
      },
      "properties": {
        "id": 285,
        "zeile": 3,
        "tags": [
          "george_duroy",
          "mood"
        ],
        "perspektive": "figur",
        "text": "Wie leid tat es ihm jetzt, daß er nichts gesagt hatte! Wenn er energisch gesprochen hätte, so wäre d",
        "notiz": "Duroy bereut seine Passivität und denkt über seine verpasste Reaktion nach — innere Reflexion.",
        "ort": "unbekannt",
        "valenz": -1,
        "intensitaet": 2,
        "gewichtete_valenz": -2,
        "f_wert": null,
        "f_emotion": null,
        "raum_emotion": null,
        "route": null
      }
    },
    {
      "type": "Feature",
      "geometry": {
        "type": "Point",
        "coordinates": [
          2.3402,
          48.8603
        ]
      },
      "properties": {
        "id": 286,
        "zeile": 4,
        "tags": [
          "social",
          "time"
        ],
        "perspektive": "erzaehler",
        "text": "Vier Tage lang machte er alle möglichen vergeblichen Versuche, sich hundert Francs zu verschaffen, u",
        "notiz": "Maupassant beschreibt von aussen Duroys erfolglose finanzielle Bemühungen über vier Tage — neutrale Erzählerangabe.",
        "ort": "Paris, unspezifisch",
        "valenz": null,
        "intensitaet": 2,
        "gewichtete_valenz": null,
        "f_wert": null,
        "f_emotion": null,
        "raum_emotion": null,
        "route": null
      }
    },
    {
      "type": "Feature",
      "geometry": {
        "type": "Point",
        "coordinates": [
          2.3402,
          48.8603
        ]
      },
      "properties": {
        "id": 287,
        "zeile": 5,
        "tags": [
          "george_duroy",
          "mood",
          "social"
        ],
        "perspektive": "figur",
        "text": "Als er es entdeckte, fluchte er »Donnerwetter« — aber er steckte das Geldstück sofort in die Westent",
        "notiz": "Duroys innerer Widerspruch: Fluch und sofortige pragmatische Annahme des Geldes zeigen seine finanzielle Not.",
        "ort": "unbekannt, Paris",
        "valenz": null,
        "intensitaet": null,
        "gewichtete_valenz": null,
        "f_wert": null,
        "f_emotion": null,
        "raum_emotion": null,
        "route": null
      }
    },
    {
      "type": "Feature",
      "geometry": {
        "type": "Point",
        "coordinates": [
          2.3402,
          48.8603
        ]
      },
      "properties": {
        "id": 288,
        "zeile": 6,
        "tags": [
          "george_duroy",
          "mood",
          "social"
        ],
        "perspektive": "figur",
        "text": "Sein Gewissen beschwichtigte er, indem er sich sagte: »Ich werde ihr alles auf einmal zurückgeben; e",
        "notiz": "Duroy rationalisiert die Annahme von Cloildes Geld als Darlehen — innere Selbstbeschwichtigung.",
        "ort": "unbekannt, Paris",
        "valenz": null,
        "intensitaet": null,
        "gewichtete_valenz": null,
        "f_wert": null,
        "f_emotion": null,
        "raum_emotion": null,
        "route": null
      }
    },
    {
      "type": "Feature",
      "geometry": {
        "type": "Point",
        "coordinates": [
          2.3402,
          48.8603
        ]
      },
      "properties": {
        "id": 289,
        "zeile": 7,
        "tags": [
          "social",
          "location"
        ],
        "perspektive": "erzaehler",
        "text": "Endlich erklärte sich der Kassierer der Redaktion auf seine dringenden Bitten bereit, ihm täglich fü",
        "notiz": "Maupassant beschreibt von aussen Duroys prekäre finanzielle Lage und seinen Vorschuss aus der Redaktion.",
        "ort": "Redaktion, Paris",
        "valenz": null,
        "intensitaet": 2,
        "gewichtete_valenz": null,
        "f_wert": null,
        "f_emotion": null,
        "raum_emotion": null,
        "route": null
      }
    },
    {
      "type": "Feature",
      "geometry": {
        "type": "Point",
        "coordinates": [
          2.3402,
          48.8603
        ]
      },
      "properties": {
        "id": 290,
        "zeile": 8,
        "tags": [
          "location",
          "atmosphere",
          "social"
        ],
        "perspektive": "erzaehler",
        "text": "Da jedoch Clotilde wieder von ihrer leidenschaftlichen Vorliebe für nächtliche Ausfahrten in alle ve",
        "notiz": "Maupassant beschreibt von aussen die nächtlichen Streifzüge durch verdächtige Lokale in Paris und Duroys wachsende Gleichgültigkeit gegenüber Cloildes Geldgeschenken.",
        "ort": "verdächtige Lokale, Paris (unspezifisch)",
        "valenz": null,
        "intensitaet": 2,
        "gewichtete_valenz": null,
        "f_wert": "ort_loest_emotion_aus",
        "f_emotion": "Gewöhnung, nachlassende moralische Empörung",
        "raum_emotion": {
          "ort": "verdächtige Lokale von Paris",
          "emotion": "Gewöhnung, nachlassende moralische Empörung",
          "richtung": "ort_loest_emotion_aus"
        },
        "route": null
      }
    },
    {
      "type": "Feature",
      "geometry": {
        "type": "Point",
        "coordinates": [
          2.3402,
          48.8603
        ]
      },
      "properties": {
        "id": 291,
        "zeile": 1,
        "tags": [
          "george_duroy",
          "social",
          "mood"
        ],
        "perspektive": "figur",
        "text": "Übrigens zählte er alles zusammen, was er auf diese Weise von ihr bekommen hatte, um es eines Tages ",
        "notiz": "Duroy rechtfertigt innerlich das Empfangen von Geld durch die Vorstellung einer zukünftigen Rückzahlung — soziales Kalkül aus innerer Perspektive.",
        "ort": "unspezifisch",
        "valenz": null,
        "intensitaet": null,
        "gewichtete_valenz": null,
        "f_wert": null,
        "f_emotion": null,
        "raum_emotion": null,
        "route": null
      }
    },
    {
      "type": "Feature",
      "geometry": {
        "type": "Point",
        "coordinates": [
          2.3402,
          48.8603
        ]
      },
      "properties": {
        "id": 292,
        "zeile": 4,
        "tags": [
          "george_duroy",
          "mood",
          "social"
        ],
        "perspektive": "figur",
        "text": "Er zauderte, denn er fürchtete, Rahel zu treffen. Dann aber dachte er: »Ach was, ich bin doch schlie",
        "notiz": "Duroys innerer Konflikt und Selbstberuhigung vor dem Besuch der Folies-Bergère — Abwägen sozialer Konsequenzen aus seiner Perspektive.",
        "ort": "unspezifisch",
        "valenz": null,
        "intensitaet": null,
        "gewichtete_valenz": null,
        "f_wert": null,
        "f_emotion": null,
        "raum_emotion": null,
        "route": null
      }
    },
    {
      "type": "Feature",
      "geometry": {
        "type": "Point",
        "coordinates": [
          2.3432,
          48.8744
        ]
      },
      "properties": {
        "id": 293,
        "zeile": 6,
        "tags": [
          "george_duroy",
          "social",
          "mood"
        ],
        "perspektive": "figur",
        "text": "Entscheidend aber war der zweite Grund: Es paßte ihm nämlich sehr gut, daß er bei dieser Gelegenheit",
        "notiz": "Duroy kalkuliert den sozialen Vorteil des Gratis-Eintritts als Gegenleistung — inneres ökonomisches Denken.",
        "ort": "Folies-Bergère",
        "valenz": null,
        "intensitaet": null,
        "gewichtete_valenz": null,
        "f_wert": null,
        "f_emotion": null,
        "raum_emotion": null,
        "route": null
      }
    },
    {
      "type": "Feature",
      "geometry": {
        "type": "Point",
        "coordinates": [
          2.3432,
          48.8744
        ]
      },
      "properties": {
        "id": 294,
        "zeile": 7,
        "tags": [
          "george_duroy",
          "move",
          "social"
        ],
        "perspektive": "figur",
        "text": "Er ließ Clotilde zunächst im Wagen, um die Eintrittskarten zu besorgen; sie sollte nicht sehen, daß ",
        "notiz": "Duroy manövriert Clotilde bewusst aus dem Sichtfeld, um seine finanzielle Situation zu verbergen — soziales Kalkül in Bewegung.",
        "ort": "Folies-Bergère, Eingang",
        "valenz": null,
        "intensitaet": null,
        "gewichtete_valenz": null,
        "f_wert": null,
        "f_emotion": null,
        "raum_emotion": null,
        "route": [
          [
            2.3432425,
            48.8740875
          ]
        ]
      }
    },
    {
      "type": "Feature",
      "geometry": {
        "type": "Point",
        "coordinates": [
          2.3432,
          48.8744
        ]
      },
      "properties": {
        "id": 295,
        "zeile": 8,
        "tags": [
          "move",
          "location"
        ],
        "perspektive": "erzaehler",
        "text": "Dann gingen sie hinein und die Kontrolleure begrüßten sie höflich.",
        "notiz": "Erzähler beschreibt den Eintritt in die Folies-Bergère von aussen.",
        "ort": "Folies-Bergère",
        "valenz": null,
        "intensitaet": 1,
        "gewichtete_valenz": null,
        "f_wert": null,
        "f_emotion": null,
        "raum_emotion": null,
        "route": [
          [
            2.3432425,
            48.8740875
          ]
        ]
      }
    },
    {
      "type": "Feature",
      "geometry": {
        "type": "Point",
        "coordinates": [
          2.3432,
          48.8744
        ]
      },
      "properties": {
        "id": 296,
        "zeile": 9,
        "tags": [
          "space",
          "atmosphere",
          "social"
        ],
        "perspektive": "erzaehler",
        "text": "Eine dichte Menschenmenge füllte die Wandelgänge. Nur mit großer Mühe konnten sie sich den Weg durch",
        "notiz": "Erzähler beschreibt die Enge und das soziale Milieu der Wandelgänge der Folies-Bergère von aussen.",
        "ort": "Folies-Bergère, Wandelgänge",
        "valenz": null,
        "intensitaet": 2,
        "gewichtete_valenz": null,
        "f_wert": null,
        "f_emotion": null,
        "raum_emotion": null,
        "route": null
      }
    },
    {
      "type": "Feature",
      "geometry": {
        "type": "Point",
        "coordinates": [
          2.3432,
          48.8744
        ]
      },
      "properties": {
        "id": 297,
        "zeile": 9,
        "tags": [
          "george_duroy",
          "move",
          "koerper_als_akteur",
          "space"
        ],
        "perspektive": "figur",
        "text": "Nur mit großer Mühe konnten sie sich den Weg durch den Schwärm von Männern und Kokotten bahnen.",
        "notiz": "Duroy und Clotilde kämpfen sich körperlich durch die drängende Menge — Bewegung im engen Raum als körperliche Erfahrung.",
        "ort": "Folies-Bergère, Wandelgänge",
        "valenz": null,
        "intensitaet": null,
        "gewichtete_valenz": null,
        "f_wert": "ort_loest_emotion_aus",
        "f_emotion": "Bedrängnis, körperliche Anstrengung",
        "raum_emotion": {
          "ort": "Wandelgänge der Folies-Bergère",
          "emotion": "Bedrängnis, körperliche Anstrengung",
          "richtung": "ort_loest_emotion_aus"
        },
        "route": [
          [
            2.3432425,
            48.8740875
          ]
        ]
      }
    },
    {
      "type": "Feature",
      "geometry": {
        "type": "Point",
        "coordinates": [
          2.3432,
          48.8744
        ]
      },
      "properties": {
        "id": 298,
        "zeile": 10,
        "tags": [
          "location",
          "space",
          "atmosphere"
        ],
        "perspektive": "erzaehler",
        "text": "Endlich erreichten sie ihre Loge und nahmen Platz, eingeschlossen zwischen den unbeweglich sitzenden",
        "notiz": "Erzähler beschreibt die räumliche Position in der Loge zwischen Parterre und Wandelgang — Kontrast von Bewegung und Stasis.",
        "ort": "Folies-Bergère, Loge",
        "valenz": null,
        "intensitaet": 2,
        "gewichtete_valenz": null,
        "f_wert": null,
        "f_emotion": null,
        "raum_emotion": null,
        "route": null
      }
    },
    {
      "type": "Feature",
      "geometry": {
        "type": "Point",
        "coordinates": [
          2.3432,
          48.8744
        ]
      },
      "properties": {
        "id": 299,
        "zeile": 14,
        "tags": [
          "george_duroy",
          "mood",
          "social"
        ],
        "perspektive": "figur",
        "text": "Trotzdem hatte er sie längst erkannt.",
        "notiz": "Duroy erkennt Rahel bereits, leugnet es aber gegenüber Clotilde — inneres Wissen im Kontrast zur geäusserten Verneinung.",
        "ort": "Folies-Bergère, Loge",
        "valenz": null,
        "intensitaet": null,
        "gewichtete_valenz": null,
        "f_wert": "ort_loest_emotion_aus",
        "f_emotion": "Anspannung, Verlegenheit",
        "raum_emotion": {
          "ort": "Folies-Bergère",
          "emotion": "Anspannung, Verlegenheit",
          "richtung": "ort_loest_emotion_aus"
        },
        "route": null
      }
    },
    {
      "type": "Feature",
      "geometry": {
        "type": "Point",
        "coordinates": [
          2.3432,
          48.8744
        ]
      },
      "properties": {
        "id": 300,
        "zeile": 1,
        "tags": [
          "atmosphere",
          "social"
        ],
        "perspektive": "erzaehler",
        "text": "Es war Rahel, die mit zornigen Blicken und wütenden Worten auf den Lippen um sie herumschweifte.",
        "notiz": "Maupassant beschreibt Rahels aggressive Präsenz von aussen als atmosphärische Störung in der sozialen Situation.",
        "ort": "Folies Bergère, Paris",
        "valenz": null,
        "intensitaet": 2,
        "gewichtete_valenz": null,
        "f_wert": null,
        "f_emotion": null,
        "raum_emotion": null,
        "route": null
      }
    },
    {
      "type": "Feature",
      "geometry": {
        "type": "Point",
        "coordinates": [
          2.3432,
          48.8744
        ]
      },
      "properties": {
        "id": 301,
        "zeile": 2,
        "tags": [
          "move",
          "space",
          "sound"
        ],
        "perspektive": "erzaehler",
        "text": "Duroy war kurz zuvor in der Menge ganz dicht an ihr vorbeigegangen und sie hatte ihm ganz leise »Gut",
        "notiz": "Erzähler beschreibt Duroys Bewegung durch die Menge und Rahels Reaktion von aussen.",
        "ort": "Folies Bergère, Paris",
        "valenz": null,
        "intensitaet": 2,
        "gewichtete_valenz": null,
        "f_wert": null,
        "f_emotion": null,
        "raum_emotion": null,
        "route": [
          [
            2.3432425,
            48.8740875
          ]
        ]
      }
    },
    {
      "type": "Feature",
      "geometry": {
        "type": "Point",
        "coordinates": [
          2.3432,
          48.8744
        ]
      },
      "properties": {
        "id": 302,
        "zeile": 3,
        "tags": [
          "george_duroy",
          "mood",
          "social"
        ],
        "perspektive": "figur",
        "text": "Doch er hatte auf diese Freundlichkeit nicht geantwortet, aus Furcht, von seiner Geliebten gesehen z",
        "notiz": "Duroy erlebt Furcht vor Entdeckung und wählt bewusst hochmütiges Verhalten — inneres Erleben seiner sozialen Lage.",
        "ort": "Folies Bergère, Paris",
        "valenz": null,
        "intensitaet": null,
        "gewichtete_valenz": null,
        "f_wert": "ort_loest_emotion_aus",
        "f_emotion": "Furcht vor Entdeckung, soziale Angst",
        "raum_emotion": {
          "ort": "Folies Bergère",
          "emotion": "Furcht vor Entdeckung, soziale Angst",
          "richtung": "ort_loest_emotion_aus"
        },
        "route": null
      }
    },
    {
      "type": "Feature",
      "geometry": {
        "type": "Point",
        "coordinates": [
          2.3432,
          48.8744
        ]
      },
      "properties": {
        "id": 303,
        "zeile": 4,
        "tags": [
          "atmosphere",
          "social"
        ],
        "perspektive": "erzaehler",
        "text": "Das Mädchen, das von einer unbewußten Eifersucht gequält wurde, kehrte um, drückte sich mehrmals an ",
        "notiz": "Maupassant beschreibt Rahels wiederholtes Vorbeischleichen und ihre Eifersucht als Erzähler von aussen.",
        "ort": "Folies Bergère, Paris",
        "valenz": -1,
        "intensitaet": 2,
        "gewichtete_valenz": -2,
        "f_wert": null,
        "f_emotion": null,
        "raum_emotion": null,
        "route": null
      }
    },
    {
      "type": "Feature",
      "geometry": {
        "type": "Point",
        "coordinates": [
          2.3432,
          48.8744
        ]
      },
      "properties": {
        "id": 304,
        "zeile": 5,
        "tags": [
          "george_duroy",
          "mood",
          "social"
        ],
        "perspektive": "figur",
        "text": "Er wollte sich mit diesem Frauenzimmer nicht bloßstellen, auch nicht durch ein Wort.",
        "notiz": "Duroys innere Motivation — soziale Bloßstellung vermeiden — wird aus seiner Perspektive explizit gemacht.",
        "ort": "Folies Bergère, Paris",
        "valenz": null,
        "intensitaet": null,
        "gewichtete_valenz": null,
        "f_wert": "ort_loest_emotion_aus",
        "f_emotion": "Angst vor sozialer Bloßstellung",
        "raum_emotion": {
          "ort": "Folies Bergère",
          "emotion": "Angst vor sozialer Bloßstellung",
          "richtung": "ort_loest_emotion_aus"
        },
        "route": null
      }
    },
    {
      "type": "Feature",
      "geometry": {
        "type": "Point",
        "coordinates": [
          2.3432,
          48.8744
        ]
      },
      "properties": {
        "id": 305,
        "zeile": 6,
        "tags": [
          "george_duroy",
          "mood",
          "koerper_als_akteur"
        ],
        "perspektive": "figur",
        "text": "Er machte eine wütende Gebärde und rief mit entrüsteter Stimme: »Wie können Sie sich unterstehen, mi",
        "notiz": "Duroy reagiert mit körperlicher Geste und lautem Protest — Wut und Entrüstung als innerer Zustand, der sich im Körper äussert.",
        "ort": "Folies Bergère, Paris",
        "valenz": null,
        "intensitaet": null,
        "gewichtete_valenz": null,
        "f_wert": "emotion_faerbt_raum",
        "f_emotion": "Wut, Entrüstung",
        "raum_emotion": {
          "ort": "Folies Bergère",
          "emotion": "Wut, Entrüstung",
          "richtung": "emotion_faerbt_raum"
        },
        "route": null
      }
    },
    {
      "type": "Feature",
      "geometry": {
        "type": "Point",
        "coordinates": [
          2.3432,
          48.8744
        ]
      },
      "properties": {
        "id": 306,
        "zeile": 5,
        "tags": [
          "move",
          "space"
        ],
        "perspektive": "erzaehler",
        "text": "doch Madame de Marelle riß die Logentür auf und stürzte mitten durch die Menge wie toll dem Ausgange",
        "notiz": "Maupassant beschreibt Madame de Marelles panische Flucht durch die Menge von außen.",
        "ort": "Folies Bergère, Paris",
        "valenz": null,
        "intensitaet": 2,
        "gewichtete_valenz": null,
        "f_wert": null,
        "f_emotion": null,
        "raum_emotion": null,
        "route": [
          [
            2.3432425,
            48.8740875
          ]
        ]
      }
    },
    {
      "type": "Feature",
      "geometry": {
        "type": "Point",
        "coordinates": [
          2.3432,
          48.8744
        ]
      },
      "properties": {
        "id": 307,
        "zeile": 6,
        "tags": [
          "george_duroy",
          "move"
        ],
        "perspektive": "figur",
        "text": "Duroy eilte ihr nach und bemühte sich, sie einzuholen.",
        "notiz": "Duroy bewegt sich aktiv durch den Raum, um Madame de Marelle einzuholen.",
        "ort": "Folies Bergère, Paris",
        "valenz": null,
        "intensitaet": null,
        "gewichtete_valenz": null,
        "f_wert": null,
        "f_emotion": null,
        "raum_emotion": null,
        "route": [
          [
            2.3432425,
            48.8740875
          ]
        ]
      }
    },
    {
      "type": "Feature",
      "geometry": {
        "type": "Point",
        "coordinates": [
          2.3432,
          48.8744
        ]
      },
      "properties": {
        "id": 308,
        "zeile": 10,
        "tags": [
          "george_duroy",
          "move",
          "koerper_als_akteur"
        ],
        "perspektive": "figur",
        "text": "Doch Duroy holte sie ein, stieß die beiden Männer heftig zurück und zog sie auf die Straße.",
        "notiz": "Duroy setzt seinen Körper aktiv ein, um die beiden Männer zurückzudrängen und Madame de Marelle auf die Straße zu führen.",
        "ort": "Folies Bergère, Ausgang, Paris",
        "valenz": null,
        "intensitaet": null,
        "gewichtete_valenz": null,
        "f_wert": null,
        "f_emotion": null,
        "raum_emotion": null,
        "route": [
          [
            2.3432425,
            48.8740875
          ]
        ]
      }
    },
    {
      "type": "Feature",
      "geometry": {
        "type": "Point",
        "coordinates": [
          2.3432,
          48.8744
        ]
      },
      "properties": {
        "id": 309,
        "zeile": 12,
        "tags": [
          "location",
          "move"
        ],
        "perspektive": "erzaehler",
        "text": "Sie stürzte in eine leere Droschke, die gerade vor dem Theater stand.",
        "notiz": "Maupassant nennt den konkreten Ort vor dem Theater und beschreibt Madame de Marelles Einstieg in die Droschke von außen.",
        "ort": "Vor den Folies Bergère, Paris",
        "valenz": null,
        "intensitaet": 1,
        "gewichtete_valenz": null,
        "f_wert": null,
        "f_emotion": null,
        "raum_emotion": null,
        "route": [
          [
            2.3432425,
            48.8740875
          ]
        ]
      }
    },
    {
      "type": "Feature",
      "geometry": {
        "type": "Point",
        "coordinates": [
          2.3432,
          48.8744
        ]
      },
      "properties": {
        "id": 310,
        "zeile": 13,
        "tags": [
          "george_duroy",
          "move"
        ],
        "perspektive": "figur",
        "text": "Er sprang ihr nach, und als der Kutscher fragte: »Wohin, Bürger?« rief er: »Wohin Sie wollen !«",
        "notiz": "Duroy springt spontan in die Droschke und gibt kein konkretes Ziel an — Ausdruck seiner Orientierungslosigkeit.",
        "ort": "Vor den Folies Bergère, Paris",
        "valenz": null,
        "intensitaet": null,
        "gewichtete_valenz": null,
        "f_wert": "ort_loest_emotion_aus",
        "f_emotion": "Orientierungslosigkeit, Hilflosigkeit",
        "raum_emotion": {
          "ort": "Droschke vor dem Theater",
          "emotion": "Orientierungslosigkeit, Hilflosigkeit",
          "richtung": "ort_loest_emotion_aus"
        },
        "route": null
      }
    },
    {
      "type": "Feature",
      "geometry": {
        "type": "Point",
        "coordinates": [
          2.33095,
          48.879
        ]
      },
      "properties": {
        "id": 311,
        "zeile": 14,
        "tags": [
          "move",
          "sound",
          "material"
        ],
        "perspektive": "erzaehler",
        "text": "Der Wagen setzte sich langsam in Bewegung und rumpelte auf dem Pflaster.",
        "notiz": "Maupassant beschreibt die Bewegung und das Geräusch der Droschke auf dem Pflaster als atmosphärische Kulisse.",
        "ort": "Paris, Straße in der Nähe der Folies Bergère",
        "valenz": null,
        "intensitaet": 1,
        "gewichtete_valenz": null,
        "f_wert": null,
        "f_emotion": null,
        "raum_emotion": null,
        "route": null
      }
    },
    {
      "type": "Feature",
      "geometry": {
        "type": "Point",
        "coordinates": [
          2.33095,
          48.879
        ]
      },
      "properties": {
        "id": 312,
        "zeile": 15,
        "tags": [
          "atmosphere",
          "social"
        ],
        "perspektive": "erzaehler",
        "text": "Clotilde bekam einen Nervenanfall, sie verbarg ihr Gesicht in den Händen und erstickte fast vor Schl",
        "notiz": "Maupassant beschreibt von außen die emotionale Szene in der Droschke — Clotildes Ausbruch und Duroys Hilflosigkeit.",
        "ort": "Fahrende Droschke, Paris",
        "valenz": -1,
        "intensitaet": 3,
        "gewichtete_valenz": -3,
        "f_wert": null,
        "f_emotion": null,
        "raum_emotion": null,
        "route": null
      }
    },
    {
      "type": "Feature",
      "geometry": {
        "type": "Point",
        "coordinates": [
          2.33095,
          48.879
        ]
      },
      "properties": {
        "id": 313,
        "zeile": 15,
        "tags": [
          "george_duroy",
          "mood"
        ],
        "perspektive": "figur",
        "text": "während Duroy verzweifelt dasaß und nicht wußte, was er tun, noch was er sagen sollte.",
        "notiz": "Duroys innere Verzweiflung und Hilflosigkeit angesichts der Situation wird aus seiner Perspektive erfasst.",
        "ort": "Fahrende Droschke, Paris",
        "valenz": null,
        "intensitaet": null,
        "gewichtete_valenz": null,
        "f_wert": "ort_loest_emotion_aus",
        "f_emotion": "Verzweiflung, Hilflosigkeit",
        "raum_emotion": {
          "ort": "Fahrende Droschke",
          "emotion": "Verzweiflung, Hilflosigkeit",
          "richtung": "ort_loest_emotion_aus"
        },
        "route": null
      }
    },
    {
      "type": "Feature",
      "geometry": {
        "type": "Point",
        "coordinates": [
          2.33095,
          48.879
        ]
      },
      "properties": {
        "id": 314,
        "zeile": 17,
        "tags": [
          "george_duroy",
          "mood",
          "sound"
        ],
        "perspektive": "figur",
        "text": "Endlich, als er sie weinen hörte, stammelte er: »Höre mich an, Clo, meine liebe Clo, laß mich es dir",
        "notiz": "Duroy hört Clotildes Weinen und reagiert emotional — er versucht sich zu rechtfertigen.",
        "ort": "Fahrende Droschke, Paris",
        "valenz": null,
        "intensitaet": null,
        "gewichtete_valenz": null,
        "f_wert": "ort_loest_emotion_aus",
        "f_emotion": "Schuldbewusstsein, Rechtfertigungsdrang",
        "raum_emotion": {
          "ort": "Fahrende Droschke",
          "emotion": "Schuldbewusstsein, Rechtfertigungsdrang",
          "richtung": "ort_loest_emotion_aus"
        },
        "route": null
      }
    },
    {
      "type": "Feature",
      "geometry": {
        "type": "Point",
        "coordinates": [
          2.33095,
          48.879
        ]
      },
      "properties": {
        "id": 315,
        "zeile": 1,
        "tags": [
          "location",
          "space"
        ],
        "perspektive": "erzaehler",
        "text": "Plötzlich lehnte sie sich zum Fenster hinaus und zupfte den Kutscher am Ärmel: »Halt!« — riß die Tür",
        "notiz": "Maupassant beschreibt von aussen die dramatische Handlung der Frau, die aus der Droschke springt.",
        "ort": "Straße, Droschke (Paris, unbestimmt)",
        "valenz": null,
        "intensitaet": 2,
        "gewichtete_valenz": null,
        "f_wert": null,
        "f_emotion": null,
        "raum_emotion": null,
        "route": null
      }
    },
    {
      "type": "Feature",
      "geometry": {
        "type": "Point",
        "coordinates": [
          2.33095,
          48.879
        ]
      },
      "properties": {
        "id": 316,
        "zeile": 2,
        "tags": [
          "george_duroy",
          "mood"
        ],
        "perspektive": "figur",
        "text": "Duroy wollte ihr folgen, aber sie schrie: »Ich verbiete dir, auszusteigen!«",
        "notiz": "Duroy will handeln, wird aber durch den Befehl der Frau blockiert — sein Handlungsimpuls wird unterdrückt.",
        "ort": "Droschke (Paris, unbestimmt)",
        "valenz": -1,
        "intensitaet": 2,
        "gewichtete_valenz": -2,
        "f_wert": null,
        "f_emotion": null,
        "raum_emotion": null,
        "route": null
      }
    },
    {
      "type": "Feature",
      "geometry": {
        "type": "Point",
        "coordinates": [
          2.33095,
          48.879
        ]
      },
      "properties": {
        "id": 317,
        "zeile": 3,
        "tags": [
          "george_duroy",
          "mood",
          "koerper_als_akteur",
          "social"
        ],
        "perspektive": "figur",
        "text": "und Duroy wagte aus Angst vor einem Skandal sich nicht zu rühren.",
        "notiz": "Duroy erlebt soziale Angst vor öffentlichem Skandal und erstarrt körperlich in der Droschke.",
        "ort": "Droschke (Paris, unbestimmt)",
        "valenz": -1,
        "intensitaet": 2,
        "gewichtete_valenz": -2,
        "f_wert": "ort_loest_emotion_aus",
        "f_emotion": "Angst vor Skandal, Scham",
        "raum_emotion": {
          "ort": "Droschke auf der Straße",
          "emotion": "Angst vor Skandal, Scham",
          "richtung": "ort_loest_emotion_aus"
        },
        "route": null
      }
    },
    {
      "type": "Feature",
      "geometry": {
        "type": "Point",
        "coordinates": [
          2.33095,
          48.879
        ]
      },
      "properties": {
        "id": 318,
        "zeile": 4,
        "tags": [
          "atmosphere"
        ],
        "perspektive": "erzaehler",
        "text": "sie fand kein anderes Wort mehr und wiederholte immerfort: »Schwein! ... Schwein!«",
        "notiz": "Maupassant beschreibt von aussen die eskalierende Wut der Frau als atmosphärischen Moment.",
        "ort": "Droschke (Paris, unbestimmt)",
        "valenz": -1,
        "intensitaet": 2,
        "gewichtete_valenz": -2,
        "f_wert": null,
        "f_emotion": null,
        "raum_emotion": null,
        "route": null
      }
    },
    {
      "type": "Feature",
      "geometry": {
        "type": "Point",
        "coordinates": [
          2.33095,
          48.879
        ]
      },
      "properties": {
        "id": 319,
        "zeile": 5,
        "tags": [
          "sound",
          "space",
          "social"
        ],
        "perspektive": "erzaehler",
        "text": "sie rief das so laut, daß die Passanten sich sofort um die Droschke sammelten",
        "notiz": "Maupassant beschreibt von aussen die Lautstärke und die entstehende Menschenmenge als sozialen Raum.",
        "ort": "Straße (Paris, unbestimmt)",
        "valenz": -1,
        "intensitaet": 2,
        "gewichtete_valenz": -2,
        "f_wert": null,
        "f_emotion": null,
        "raum_emotion": null,
        "route": null
      }
    },
    {
      "type": "Feature",
      "geometry": {
        "type": "Point",
        "coordinates": [
          2.3187,
          48.8836
        ]
      },
      "properties": {
        "id": 320,
        "zeile": 6,
        "tags": [
          "location",
          "social"
        ],
        "perspektive": "erzaehler",
        "text": "»Hier ... das ist für ein Stunde Fahrt .. Ich bezahle! ... Und nun fahren Sie diesen schmierigen Lum",
        "notiz": "Konkrete Ortsnennung: Rue Boursault am Boulevard Batignolles als Zieladresse Duroys.",
        "ort": "Rue Boursault, Boulevard des Batignolles, Paris",
        "valenz": null,
        "intensitaet": 1,
        "gewichtete_valenz": null,
        "f_wert": null,
        "f_emotion": null,
        "raum_emotion": null,
        "route": null
      }
    },
    {
      "type": "Feature",
      "geometry": {
        "type": "Point",
        "coordinates": [
          2.3187,
          48.8836
        ]
      },
      "properties": {
        "id": 321,
        "zeile": 7,
        "tags": [
          "atmosphere",
          "social",
          "sound"
        ],
        "perspektive": "erzaehler",
        "text": "In der Gruppe, die sich um die Droschke gebildet hatte, entstand allgemeine Heiterkeit.",
        "notiz": "Maupassant beschreibt von aussen die kollektive Reaktion der Menge als soziale Atmosphäre.",
        "ort": "Straße (Paris, unbestimmt)",
        "valenz": -1,
        "intensitaet": 2,
        "gewichtete_valenz": -2,
        "f_wert": null,
        "f_emotion": null,
        "raum_emotion": null,
        "route": null
      }
    },
    {
      "type": "Feature",
      "geometry": {
        "type": "Point",
        "coordinates": [
          2.3187,
          48.8836
        ]
      },
      "properties": {
        "id": 322,
        "zeile": 8,
        "tags": [
          "move",
          "sound",
          "atmosphere"
        ],
        "perspektive": "erzaehler",
        "text": "Dann setzte sich der Wagen wieder in Bewegung und lautes Gelächter klang hinter ihm her.",
        "notiz": "Maupassant beschreibt von aussen die Abfahrt der Droschke begleitet vom spöttischen Gelächter der Menge.",
        "ort": "Straße (Paris, unbestimmt)",
        "valenz": -1,
        "intensitaet": 2,
        "gewichtete_valenz": -2,
        "f_wert": "ort_loest_emotion_aus",
        "f_emotion": "öffentliche Beschämung Duroys",
        "raum_emotion": {
          "ort": "Straße in Paris, Abfahrt der Droschke",
          "emotion": "öffentliche Beschämung Duroys",
          "richtung": "ort_loest_emotion_aus"
        },
        "route": null
      }
    }
  ]
}