{"type": "FeatureCollection", "features": [{"type": "Feature", "geometry": {"type": "Point", "coordinates": [2.3156, 48.8784]}, "properties": {"id": 1, "zeile": 1, "tags": ["social", "historical"], "perspektive": "erzaehler", "text": "Durch sein Duell war Duroy in die Reihe der Leitartikelschreiber der Vie Française aufgerückt.", "notiz": "Maupassant beschreibt von aussen Duroys sozialen Aufstieg in der Redaktion nach dem Duell.", "ort": "Redaktion der Vie Française (Paris)", "valenz": null, "intensitaet": 2, "gewichtete_valenz": null, "f_wert": null, "f_emotion": null, "raum_emotion": null, "route": null}}, {"type": "Feature", "geometry": {"type": "Point", "coordinates": [2.3156, 48.8784]}, "properties": {"id": 2, "zeile": 2, "tags": ["george_duroy", "mood"], "perspektive": "figur", "text": "Doch bereitete es ihm unendliche Mühe, eigene Ideen zu finden; so wählte er sich als Spezialität, ge", "notiz": "Duroy erlebt innerlich die Mühe des journalistischen Schreibens und wählt strategisch seine Nische.", "ort": "Redaktion der Vie Française (Paris)", "valenz": null, "intensitaet": null, "gewichtete_valenz": null, "f_wert": null, "f_emotion": null, "raum_emotion": null, "route": null}}, {"type": "Feature", "geometry": {"type": "Point", "coordinates": [2.3156, 48.8784]}, "properties": {"id": 3, "zeile": 3, "tags": ["george_duroy", "mood"], "perspektive": "figur", "text": "Das Wort Anämie war seine eigene Erfindung, auf die er sehr stolz war.", "notiz": "Duroy empfindet Stolz auf seine sprachliche Erfindung — innerer emotionaler Zustand.", "ort": "Redaktion der Vie Française (Paris)", "valenz": null, "intensitaet": null, "gewichtete_valenz": null, "f_wert": null, "f_emotion": null, "raum_emotion": null, "route": null}}, {"type": "Feature", "geometry": {"type": "Point", "coordinates": [2.3156, 48.8784]}, "properties": {"id": 4, "zeile": 5, "tags": ["location", "social"], "perspektive": "erzaehler", "text": "Er wohnte jetzt in der Rue Constantinople, wohin er seine ganze Einrichtung, die aus einem Koffer, e", "notiz": "Maupassant nennt konkret Duroys Wohnort und beschreibt von aussen seine kärgliche Einrichtung als sozialen Marker.", "ort": "Rue de Constantinople, Paris", "valenz": null, "intensitaet": 2, "gewichtete_valenz": null, "f_wert": null, "f_emotion": null, "raum_emotion": null, "route": null}}, {"type": "Feature", "geometry": {"type": "Point", "coordinates": [2.3156, 48.8784]}, "properties": {"id": 5, "zeile": 6, "tags": ["time", "weather", "atmosphere"], "perspektive": "erzaehler", "text": "Zwei- oder dreimal in der Woche besuchte ihn dort die junge Frau schon früh am Morgen, bevor er aufg", "notiz": "Maupassant beschreibt von aussen die wiederkehrende Routine der Begegnungen und die Kälte als atmosphärische Kulisse.", "ort": "Rue de Constantinople, Paris", "valenz": null, "intensitaet": 2, "gewichtete_valenz": null, "f_wert": null, "f_emotion": null, "raum_emotion": null, "route": null}}, {"type": "Feature", "geometry": {"type": "Point", "coordinates": [2.3443, 48.85965]}, "properties": {"id": 6, "zeile": 7, "tags": ["time", "social"], "perspektive": "erzaehler", "text": "Duroy dagegen aß jeden Donnerstag abend bei ihr und machte dem Mann den Hof, indem er mit ihm über L", "notiz": "Maupassant beschreibt von aussen Duroys regelmässige Donnerstagabende bei den Marelles als soziale Gewohnheit.", "ort": "Wohnung der Marelles (Paris)", "valenz": null, "intensitaet": 1, "gewichtete_valenz": null, "f_wert": null, "f_emotion": null, "raum_emotion": null, "route": null}}, {"type": "Feature", "geometry": {"type": "Point", "coordinates": [2.3443, 48.85965]}, "properties": {"id": 7, "zeile": 8, "tags": ["george_duroy", "mood", "location_erinnerung"], "perspektive": "figur", "text": "Und da er selbst auch wirklich das Leben auf dem Lande liebte, so vertieften sie sich häufig so sehr", "notiz": "Duroys echte Zuneigung zum Landleben wird als inneres Gefühl sichtbar — eine persönliche Sehnsucht nach einem anderen Ort.", "ort": "imaginiertes Landleben", "valenz": null, "intensitaet": null, "gewichtete_valenz": null, "f_wert": "emotion_faerbt_raum", "f_emotion": "Zuneigung, Sehnsucht", "raum_emotion": {"ort": "Landleben (imaginiert)", "emotion": "Zuneigung, Sehnsucht", "richtung": "emotion_faerbt_raum"}, "route": null}}, {"type": "Feature", "geometry": {"type": "Point", "coordinates": [2.3443, 48.85965]}, "properties": {"id": 8, "zeile": 11, "tags": ["time"], "perspektive": "erzaehler", "text": "Der Februar ging zu Ende.", "notiz": "Neutrale Zeitangabe durch den Erzähler — Ende Februar als Übergangsmoment.", "ort": "Paris (allgemein)", "valenz": null, "intensitaet": 1, "gewichtete_valenz": null, "f_wert": null, "f_emotion": null, "raum_emotion": null, "route": null}}, {"type": "Feature", "geometry": {"type": "Point", "coordinates": [2.3443, 48.85965]}, "properties": {"id": 9, "zeile": 11, "tags": ["smell", "move", "atmosphere", "space"], "perspektive": "figur", "text": "Auf den Straßen duftete es bereits wieder nach Veilchen, wenn man morgens an den Karren der Blumenhä", "notiz": "Duroy nimmt den Veilchenduft auf den Strassen wahr — sensorisches Erleben des städtischen Frühlingsbeginns aus seiner Perspektive.", "ort": "Strassen von Paris (allgemein)", "valenz": 1, "intensitaet": 2, "gewichtete_valenz": 2, "f_wert": "ort_loest_emotion_aus", "f_emotion": "Aufhellung, Leichtigkeit", "raum_emotion": {"ort": "Strassen von Paris mit Blumenkarren", "emotion": "Aufhellung, Leichtigkeit", "richtung": "ort_loest_emotion_aus"}, "route": null}}, {"type": "Feature", "geometry": {"type": "Point", "coordinates": [2.3443, 48.85965]}, "properties": {"id": 10, "zeile": 12, "tags": ["george_duroy", "mood", "atmosphere"], "perspektive": "figur", "text": "Duroy lebte wie im wolkenlosen Himmel.", "notiz": "Duroys innerer Zustand des Glücks und der Sorglosigkeit — metaphorisch verdichtetes Lebensgefühl.", "ort": "Paris (allgemein)", "valenz": null, "intensitaet": null, "gewichtete_valenz": null, "f_wert": "emotion_faerbt_raum", "f_emotion": "Glück, Sorglosigkeit", "raum_emotion": {"ort": "Paris (allgemein)", "emotion": "Glück, Sorglosigkeit", "richtung": "emotion_faerbt_raum"}, "route": null}}, {"type": "Feature", "geometry": {"type": "Point", "coordinates": [2.3443, 48.85965]}, "properties": {"id": 11, "zeile": 1, "tags": ["time", "location"], "perspektive": "erzaehler", "text": "Aber eines Abends, als er nach Hause kam, fand er einen Brief mit dem Poststempel »Cannes« vor.", "notiz": "Neutrale Erzählerangabe zur Tageszeit und zur Ankunft Duroys zu Hause.", "ort": "Duroys Wohnung (Paris, Nähe Rue Notre-Dame de Lorette)", "valenz": null, "intensitaet": 1, "gewichtete_valenz": null, "f_wert": null, "f_emotion": null, "raum_emotion": null, "route": null}}, {"type": "Feature", "geometry": {"type": "Point", "coordinates": [2.3443, 48.85965]}, "properties": {"id": 12, "zeile": 2, "tags": ["mood", "space"], "perspektive": "figur", "text": "Ein eigenartiges Gefühl drang wie ein Lufthauch in Georges Herz. Es war ihm, als würde er frei, als ", "notiz": "Duroy erlebt eine innere Befreiung und Weite als emotionale Reaktion auf Forestiers bevorstehenden Tod.", "ort": "Duroys Wohnung (Paris)", "valenz": 1, "intensitaet": 3, "gewichtete_valenz": 3, "f_wert": "ort_loest_emotion_aus", "f_emotion": "Befreiungsgefühl, Weite", "raum_emotion": {"ort": "Duroys Wohnung", "emotion": "Befreiungsgefühl, Weite", "richtung": "ort_loest_emotion_aus"}, "route": null}}, {"type": "Feature", "geometry": {"type": "Point", "coordinates": [2.3443, 48.85965]}, "properties": {"id": 13, "zeile": 3, "tags": ["george_duroy", "mood"], "perspektive": "figur", "text": "er murmelte: »Gewiß, ich gehe hin. Der arme Charles! Jeder von uns kommt mal an die Reihe.«", "notiz": "Duroy reagiert mit gespielter Anteilnahme, während sein innerer Zustand von Befreiung geprägt ist.", "ort": "Duroys Wohnung (Paris)", "valenz": null, "intensitaet": null, "gewichtete_valenz": null, "f_wert": null, "f_emotion": null, "raum_emotion": null, "route": null}}, {"type": "Feature", "geometry": {"type": "Point", "coordinates": [2.373, 48.8409]}, "properties": {"id": 14, "zeile": 4, "tags": ["move", "time", "location"], "perspektive": "erzaehler", "text": "Georges Duroy gab dem Ehepaar Marelle durch ein Telegramm von seiner plötzlichen Abreise Kenntnis un", "notiz": "Neutrale Erzählerangabe über Duroys Abreise nach Cannes per Schnellzug am nächsten Abend.", "ort": "Bahnhof Paris (Gare de Lyon, Abfahrt nach Cannes)", "valenz": null, "intensitaet": null, "gewichtete_valenz": null, "f_wert": null, "f_emotion": null, "raum_emotion": null, "route": [[2.3733778, 48.8406437], [2.3735134, 48.840493], [2.3749527, 48.8392203], [2.3750161, 48.8391651], [2.375658, 48.8387248], [2.3761019, 48.8389849], [2.3762844, 48.8390829], [2.378756, 48.8404361], [2.3789138, 48.8404309], [2.3790738, 48.8406258], [2.3799482, 48.840478], [2.3816418, 48.8401902], [2.3821899, 48.8400878], [2.3826499, 48.8400115], [2.3878355, 48.8391054], [2.3880068, 48.8390548], [2.3881014, 48.8390361], [2.3883126, 48.8389964], [2.388563, 48.8390246], [2.3889671, 48.839103], [2.3892227, 48.8391879], [2.3893487, 48.839161], [2.3896652, 48.8391254], [2.3897711, 48.839133], [2.390029, 48.8391514], [2.3901781, 48.8391622], [2.3920725, 48.8393318], [2.3941572, 48.8395101], [2.3946518, 48.8395769], [2.3949524, 48.8393463], [2.3953999, 48.8393226], [2.3958091, 48.8391838], [2.3959422, 48.8391668], [2.3960488, 48.839167], [2.396123, 48.8391927], [2.3963096, 48.8391489], [2.3965771, 48.8390887], [2.3969816, 48.8389351], [2.3970942, 48.8388547], [2.3971841, 48.8388022], [2.3974228, 48.8387475], [2.3983629, 48.8383953], [2.3983833, 48.8383744], [2.3985886, 48.838295], [2.3986741, 48.8382666], [2.3991246, 48.838095], [2.3992751, 48.8380389], [2.3994894, 48.8380184], [2.4015582, 48.8372336], [2.4017566, 48.8371754], [2.4018551, 48.8370968], [2.4020171, 48.8370386], [2.4021428, 48.8369816], [2.4023275, 48.8369033], [2.4024742, 48.8369026], [2.4024841, 48.8369199], [2.4027664, 48.8368104], [2.4032422, 48.8366403], [2.4032781, 48.8366193], [2.4035054, 48.836539], [2.4045543, 48.8361573], [2.4054755, 48.8358129], [2.4055586, 48.8357794], [2.4056607, 48.8357437], [2.406197, 48.8355216], [2.4061882, 48.8354735], [2.4063288, 48.8353783], [2.4065537, 48.8351996], [2.4067638, 48.8351987], [2.406776, 48.8351405], [2.4071609, 48.8350088], [2.407324, 48.834953], [2.4077721, 48.8347997], [2.4080239, 48.8347138], [2.4080882, 48.8347591], [2.4081218, 48.8347383], [2.4086843, 48.8341787], [2.4087772, 48.8340885], [2.4099331, 48.83386], [2.4099735, 48.8338747], [2.4100625, 48.8337761], [2.4107305, 48.8332545], [2.4122954, 48.8331459], [2.4131176, 48.8329247], [2.4142706, 48.8321317], [2.4143493, 48.8320332], [2.4143718, 48.832005], [2.4155145, 48.8312174], [2.4164984, 48.8306996], [2.4178863, 48.8296359], [2.4183992, 48.8291059], [2.4192392, 48.8285823], [2.4193184, 48.8286406], [2.4196216, 48.8287289], [2.4197321, 48.8287046], [2.4207915, 48.8289315], [2.4210209, 48.8289045], [2.4213079, 48.8289196], [2.4215647, 48.8289526], [2.4216708, 48.8288456], [2.4238108, 48.8278625], [2.4247924, 48.8274449], [2.4254739, 48.8270131], [2.4255965, 48.8269365], [2.4277162, 48.8258018], [2.4280934, 48.8255845], [2.4296955, 48.8246403], [2.4298276, 48.8245476], [2.4305982, 48.823633], [2.4307202, 48.8233364], [2.4312725, 48.8230641], [2.4317478, 48.8228407], [2.4344616, 48.8224589], [2.4348127, 48.8223155], [2.4391553, 48.8214051], [2.4404252, 48.821314], [2.4416966, 48.8212023], [2.4439821, 48.8208514], [2.4449402, 48.8206817], [2.445073, 48.8203401], [2.4451037, 48.8203027], [2.4454196, 48.8202058], [2.4470202, 48.8196513], [2.4474768, 48.8195127], [2.4498593, 48.8191408], [2.4501876, 48.819034], [2.4511833, 48.8186102], [2.4512596, 48.8185587], [2.4513883, 48.8184752], [2.4516141, 48.8184318], [2.4516376, 48.8183823], [2.4589897, 48.8172336]]}}, {"type": "Feature", "geometry": {"type": "Point", "coordinates": [7.0174, 43.5528]}, "properties": {"id": 15, "zeile": 5, "tags": ["time", "location"], "perspektive": "erzaehler", "text": "Tags darauf um vier Uhr traf er dort ein.", "notiz": "Neutrale Zeitangabe zur Ankunft Duroys in Cannes.", "ort": "Cannes", "valenz": null, "intensitaet": 1, "gewichtete_valenz": null, "f_wert": null, "f_emotion": null, "raum_emotion": null, "route": null}}, {"type": "Feature", "geometry": {"type": "Point", "coordinates": [7.015, 43.56]}, "properties": {"id": 16, "zeile": 6, "tags": ["move", "location"], "perspektive": "erzaehler", "text": "Ein Dienstmann führte ihn zur Villa Jolie.", "notiz": "Erzähler beschreibt Duroys Weg zur Villa Jolie in Cannes.", "ort": "Villa Jolie, Cannes", "valenz": null, "intensitaet": null, "gewichtete_valenz": null, "f_wert": null, "f_emotion": null, "raum_emotion": null, "route": [[2.4589897, 48.8172336]]}}, {"type": "Feature", "geometry": {"type": "Point", "coordinates": [7.02, 43.57]}, "properties": {"id": 17, "zeile": 7, "tags": ["location", "space", "atmosphere"], "perspektive": "erzaehler", "text": "Sie lag auf halber Höhe in den von weißen Villen belebten Fichtenwäldern, die sich von Le Cannet bis", "notiz": "Maupassant beschreibt die topografische Lage der Villa Jolie zwischen Le Cannet und Golf Juan als landschaftliche Kulisse.", "ort": "Hänge zwischen Le Cannet und Golf Juan, Cannes", "valenz": null, "intensitaet": 2, "gewichtete_valenz": null, "f_wert": null, "f_emotion": null, "raum_emotion": null, "route": null}}, {"type": "Feature", "geometry": {"type": "Point", "coordinates": [7.015, 43.56]}, "properties": {"id": 18, "zeile": 8, "tags": ["material", "social"], "perspektive": "erzaehler", "text": "Das Haus war klein und niedrig, im italienischen Stil erbaut.", "notiz": "Maupassant beschreibt das Äussere der Villa Jolie — Grösse und Baustil als soziale Verortung der Forestiers.", "ort": "Villa Jolie, Cannes", "valenz": null, "intensitaet": 1, "gewichtete_valenz": null, "f_wert": null, "f_emotion": null, "raum_emotion": null, "route": null}}, {"type": "Feature", "geometry": {"type": "Point", "coordinates": [7.0139, 43.55565]}, "properties": {"id": 19, "zeile": 1, "tags": ["location", "space", "atmosphere"], "perspektive": "erzaehler", "text": "Es lag dicht an der Straße, die im Zickzack zwischen den Bäumen hinaufführte, und bei jeder Biegung ", "notiz": "Maupassant beschreibt die Lage der Villa und die Qualität des umgebenden Raums von außen.", "ort": "Villa bei Cannes (nicht genau lokalisiert)", "valenz": null, "intensitaet": 2, "gewichtete_valenz": null, "f_wert": null, "f_emotion": null, "raum_emotion": null, "route": null}}, {"type": "Feature", "geometry": {"type": "Point", "coordinates": [7.0139, 43.55565]}, "properties": {"id": 20, "zeile": 5, "tags": ["location", "space", "material", "social"], "perspektive": "erzaehler", "text": "Der Salon, in den der junge Mann geführt wurde, hatte einen hellrosa persischen Stoffbezug mit blaue", "notiz": "Maupassant beschreibt den Salon der Villa als sozial gehobenen, materiell luxuriösen Raum von außen.", "ort": "Salon der Villa bei Cannes", "valenz": null, "intensitaet": 2, "gewichtete_valenz": null, "f_wert": null, "f_emotion": null, "raum_emotion": null, "route": null}}, {"type": "Feature", "geometry": {"type": "Point", "coordinates": [7.0139, 43.55565]}, "properties": {"id": 21, "zeile": 6, "tags": ["space", "george_duroy"], "perspektive": "figur", "text": "Durch das breite, hohe Fenster sah man auf die Stadt und das Meer hinaus.", "notiz": "Duroy nimmt die weitläufige Aussicht durch das Fenster wahr — Raumwahrnehmung aus seiner Perspektive.", "ort": "Villa bei Cannes, Blick auf Stadt und Meer", "valenz": null, "intensitaet": null, "gewichtete_valenz": null, "f_wert": "ort_loest_emotion_aus", "f_emotion": "Bewunderung der Weite und Pracht", "raum_emotion": {"ort": "Villa bei Cannes", "emotion": "Bewunderung der Weite und Pracht", "richtung": "ort_loest_emotion_aus"}, "route": null}}, {"type": "Feature", "geometry": {"type": "Point", "coordinates": [7.0139, 43.55565]}, "properties": {"id": 22, "zeile": 7, "tags": ["george_duroy", "social", "mood"], "perspektive": "figur", "text": "Duroy murmelte: »Donnerwetter! Ein herrliches Landhaus ist das hier. Wo, zum Teufel, nehmen sie das ", "notiz": "Duroy reagiert innerlich auf den Luxus der Villa und denkt über Reichtum und soziale Verhältnisse nach.", "ort": "Villa bei Cannes", "valenz": 1, "intensitaet": 2, "gewichtete_valenz": 2, "f_wert": "ort_loest_emotion_aus", "f_emotion": "Staunen und Neid über Reichtum", "raum_emotion": {"ort": "Villa bei Cannes", "emotion": "Staunen und Neid über Reichtum", "richtung": "ort_loest_emotion_aus"}, "route": null}}, {"type": "Feature", "geometry": {"type": "Point", "coordinates": [7.0139, 43.55565]}, "properties": {"id": 23, "zeile": 8, "tags": ["george_duroy", "sound"], "perspektive": "figur", "text": "Er hörte das Rauschen des Kleides und drehte sich um.", "notiz": "Duroy nimmt akustisch die Anwesenheit Frau Forestiers wahr.", "ort": "Salon der Villa bei Cannes", "valenz": null, "intensitaet": null, "gewichtete_valenz": null, "f_wert": null, "f_emotion": null, "raum_emotion": null, "route": null}}, {"type": "Feature", "geometry": {"type": "Point", "coordinates": [7.0139, 43.55565]}, "properties": {"id": 24, "zeile": 14, "tags": ["space", "atmosphere", "weather"], "perspektive": "erzaehler", "text": "Er folgte ihr, sie öffnete eine Tür im ersten Stock und Duroy sah im hellen, roten Schein der unterg", "notiz": "Maupassant beschreibt die atmosphärische Szene — das rote Licht der Abendsonne, die leichenhafte Erscheinung Forestiers — als neutrale Erzählerkulisse.", "ort": "Zimmer im ersten Stock der Villa bei Cannes", "valenz": null, "intensitaet": 2, "gewichtete_valenz": null, "f_wert": "ort_loest_emotion_aus", "f_emotion": "Schauder und Beklemmung", "raum_emotion": {"ort": "Zimmer im ersten Stock", "emotion": "Schauder und Beklemmung", "richtung": "ort_loest_emotion_aus"}, "route": null}}, {"type": "Feature", "geometry": {"type": "Point", "coordinates": [7.0139, 43.55565]}, "properties": {"id": 25, "zeile": 15, "tags": ["george_duroy", "mood"], "perspektive": "figur", "text": "Er konnte ihn nicht erkennen, er erriet nur, daß es sein Freund sein müßte.", "notiz": "Duroy erlebt Verwirrung und Erschrecken beim Anblick des sterbenden Forestier — innere Wahrnehmung des Schreckens.", "ort": "Zimmer im ersten Stock der Villa bei Cannes", "valenz": null, "intensitaet": null, "gewichtete_valenz": null, "f_wert": "ort_loest_emotion_aus", "f_emotion": "Schock und Unkenntlichkeit des Freundes", "raum_emotion": {"ort": "Zimmer im ersten Stock", "emotion": "Schock und Unkenntlichkeit des Freundes", "richtung": "ort_loest_emotion_aus"}, "route": null}}, {"type": "Feature", "geometry": {"type": "Point", "coordinates": [7.0128, 43.5513]}, "properties": {"id": 26, "zeile": 1, "tags": ["smell", "atmosphere", "space"], "perspektive": "erzaehler", "text": "Das Zimmer roch nach Fieber und nach Arzneimitteln, Äther und Teer, dem ganzen, undefinierbaren, dum", "notiz": "Maupassant beschreibt das Krankenzimmer durch olfaktorische Qualitäten als atmosphärische Kulisse.", "ort": "Cannes, Krankenzimmer Forestier", "valenz": null, "intensitaet": 3, "gewichtete_valenz": null, "f_wert": "ort_loest_emotion_aus", "f_emotion": "Schwere, Krankheit, Beklemmung", "raum_emotion": {"ort": "Krankenzimmer", "emotion": "Schwere, Krankheit, Beklemmung", "richtung": "ort_loest_emotion_aus"}, "route": null}}, {"type": "Feature", "geometry": {"type": "Point", "coordinates": [7.0128, 43.5513]}, "properties": {"id": 27, "zeile": 5, "tags": ["george_duroy", "mood", "koerper_als_akteur"], "perspektive": "figur", "text": "Duroy zwang sich zu einem Lächeln.", "notiz": "Duroy kontrolliert bewusst seinen Körperausdruck, was eine innere emotionale Anspannung offenbart.", "ort": "Cannes, Krankenzimmer Forestier", "valenz": null, "intensitaet": null, "gewichtete_valenz": null, "f_wert": null, "f_emotion": null, "raum_emotion": null, "route": null}}, {"type": "Feature", "geometry": {"type": "Point", "coordinates": [7.0128, 43.5513]}, "properties": {"id": 28, "zeile": 8, "tags": ["atmosphere", "sound"], "perspektive": "erzaehler", "text": "Der andere murmelte: »Setz dich.« Und er ließ den Kopf sinken, als wäre er von verzweifelten Gedanke", "notiz": "Maupassant beschreibt Forestiers körperlichen Zustand und Atemgeräusche von aussen als atmosphärische Szenerie.", "ort": "Cannes, Krankenzimmer Forestier", "valenz": null, "intensitaet": 2, "gewichtete_valenz": null, "f_wert": "ort_loest_emotion_aus", "f_emotion": "Verzweiflung, Todesnähe", "raum_emotion": {"ort": "Krankenzimmer", "emotion": "Verzweiflung, Todesnähe", "richtung": "ort_loest_emotion_aus"}, "route": null}}, {"type": "Feature", "geometry": {"type": "Point", "coordinates": [7.0128, 43.5513]}, "properties": {"id": 29, "zeile": 12, "tags": ["location", "space"], "perspektive": "erzaehler", "text": "Der von Villen verdeckte Bergabhang senkte sich vor ihnen bis zur Stadt hinunter, die im Halbkreis d", "notiz": "Maupassant beschreibt die Landschaft von Cannes mit konkreten Ortsbezeichnungen — Hafen, Altstadt, la Croisette, Inseln von Lérins.", "ort": "Cannes, Bucht mit Altstadt, Hafen, la Croisette und Îles de Lérins", "valenz": null, "intensitaet": 2, "gewichtete_valenz": null, "f_wert": null, "f_emotion": null, "raum_emotion": null, "route": null}}, {"type": "Feature", "geometry": {"type": "Point", "coordinates": [7.045, 43.52]}, "properties": {"id": 30, "zeile": 13, "tags": ["space", "atmosphere"], "perspektive": "erzaehler", "text": "diese Inseln waren wie zwei grüne Flecke, die auf dem tiefblauen Wasser schwammen, und von oben gese", "notiz": "Maupassant beschreibt die Îles de Lérins durch visuelle Metaphern als malerische Kulisse.", "ort": "Îles de Lérins, Cannes", "valenz": null, "intensitaet": 2, "gewichtete_valenz": null, "f_wert": null, "f_emotion": null, "raum_emotion": null, "route": null}}, {"type": "Feature", "geometry": {"type": "Point", "coordinates": [6.95, 43.5]}, "properties": {"id": 31, "zeile": 14, "tags": ["location", "space", "atmosphere", "weather"], "perspektive": "erzaehler", "text": "Und ganz in der Ferne, jenseits der Bucht und des alten Turmes, zeichnete sich auf dem flammend rote", "notiz": "Maupassant beschreibt das Esterel-Gebirge als dramatische Panoramakulisse mit feurigem Abendhimmel.", "ort": "Massif de l'Esterel, Côte d'Azur", "valenz": null, "intensitaet": 3, "gewichtete_valenz": null, "f_wert": "ort_loest_emotion_aus", "f_emotion": "Erhabenheit, visuelle Überwältigung", "raum_emotion": {"ort": "Esterel-Gebirge", "emotion": "Erhabenheit, visuelle Überwältigung", "richtung": "ort_loest_emotion_aus"}, "route": null}}, {"type": "Feature", "geometry": {"type": "Point", "coordinates": [6.95, 43.5]}, "properties": {"id": 32, "zeile": 16, "tags": ["weather", "atmosphere", "space"], "perspektive": "erzaehler", "text": "Hinter den dunklen Gipfeln flammte goldenrot der Himmel. Der Glanz war so feurig, daß das Auge es ka", "notiz": "Maupassant beschreibt den Sonnenuntergang über dem Esterel als blendende atmosphärische Kulisse.", "ort": "Massif de l'Esterel, Côte d'Azur", "valenz": null, "intensitaet": 3, "gewichtete_valenz": null, "f_wert": "ort_loest_emotion_aus", "f_emotion": "Überwältigung, sensorische Intensität", "raum_emotion": {"ort": "Esterel-Gebirge bei Sonnenuntergang", "emotion": "Überwältigung, sensorische Intensität", "richtung": "ort_loest_emotion_aus"}, "route": null}}, {"type": "Feature", "geometry": {"type": "Point", "coordinates": [7.0128, 43.5513]}, "properties": {"id": 33, "zeile": 17, "tags": ["george_duroy", "mood", "atmosphere"], "perspektive": "figur", "text": "Duroy empfand unwillkürlich die Pracht dieses Sonnenunterganges.", "notiz": "Duroy erlebt die Schönheit des Sonnenuntergangs unwillkürlich — der Raum löst eine ästhetische Emotion in ihm aus.", "ort": "Cannes, Blick auf Esterel vom Krankenzimmer", "valenz": 1, "intensitaet": 2, "gewichtete_valenz": 2, "f_wert": "ort_loest_emotion_aus", "f_emotion": "unwillkürliche Bewunderung, Ergriffenheit", "raum_emotion": {"ort": "Panorama Cannes / Esterel", "emotion": "unwillkürliche Bewunderung, Ergriffenheit", "richtung": "ort_loest_emotion_aus"}, "route": null}}, {"type": "Feature", "geometry": {"type": "Point", "coordinates": [7.0128, 43.5513]}, "properties": {"id": 34, "zeile": 1, "tags": ["george_duroy", "mood"], "perspektive": "figur", "text": "Da er keinen bildlichen Ausdruck für seine Bewunderung fand, murmelte er: »O ja, es ist fabelhaft!«", "notiz": "Duroy ist von etwas beeindruckt, findet aber keine Worte — inneres Erleben von Bewunderung.", "ort": "Cannes / Küste (nicht spezifiziert)", "valenz": 1, "intensitaet": 2, "gewichtete_valenz": 2, "f_wert": null, "f_emotion": null, "raum_emotion": null, "route": null}}, {"type": "Feature", "geometry": {"type": "Point", "coordinates": [7.0128, 43.5513]}, "properties": {"id": 35, "zeile": 6, "tags": ["social", "atmosphere"], "perspektive": "erzaehler", "text": "Er machte mit der Hand eine zitternde, schwache Bewegung, die ein Faustschlag auf die Lehne des Sess", "notiz": "Maupassant beschreibt Forestiers physischen Verfall und Zorn von aussen — Erzählerperspektive.", "ort": "Cannes / Küste (nicht spezifiziert)", "valenz": null, "intensitaet": 2, "gewichtete_valenz": null, "f_wert": null, "f_emotion": null, "raum_emotion": null, "route": null}}, {"type": "Feature", "geometry": {"type": "Point", "coordinates": [7.0128, 43.5513]}, "properties": {"id": 36, "zeile": 10, "tags": ["weather", "atmosphere", "smell"], "perspektive": "erzaehler", "text": "Sie öffnete ganz, weit das Fenster. Der Windzug, der plötzlich hineindrang, umfing sie alle drei wie", "notiz": "Maupassant beschreibt den Frühlingswindhauch und dessen Duft als atmosphärische Kulisse von aussen.", "ort": "Küste bei Cannes (nicht spezifiziert)", "valenz": null, "intensitaet": 3, "gewichtete_valenz": null, "f_wert": "ort_loest_emotion_aus", "f_emotion": "berauschende Milde, Frühlingsgefühl", "raum_emotion": {"ort": "Küste bei Cannes", "emotion": "berauschende Milde, Frühlingsgefühl", "richtung": "ort_loest_emotion_aus"}, "route": null}}, {"type": "Feature", "geometry": {"type": "Point", "coordinates": [7.0128, 43.5513]}, "properties": {"id": 37, "zeile": 11, "tags": ["smell", "atmosphere"], "perspektive": "erzaehler", "text": "Besonders stark und intensiv machte sich der Harzgeruch und der Duft des Eukalyptus geltend.", "notiz": "Erzähler beschreibt spezifische Gerüche der Küstenvegetation als sensorische Kulisse.", "ort": "Küste bei Cannes (nicht spezifiziert)", "valenz": null, "intensitaet": 2, "gewichtete_valenz": null, "f_wert": null, "f_emotion": null, "raum_emotion": null, "route": null}}, {"type": "Feature", "geometry": {"type": "Point", "coordinates": [7.0128, 43.5513]}, "properties": {"id": 38, "zeile": 16, "tags": ["george_duroy", "mood"], "perspektive": "figur", "text": "Duroy fühlte sich unbehaglich. Er hätte dem Kranken ein paar tröstende Worte gesagt, um ihn zu beruh", "notiz": "Duroy erlebt Unbehagen und Hilflosigkeit angesichts des sterbenden Forestier — innerer Zustand.", "ort": "Zimmer bei Cannes (nicht spezifiziert)", "valenz": -1, "intensitaet": 2, "gewichtete_valenz": -2, "f_wert": "ort_loest_emotion_aus", "f_emotion": "Unbehagen, Hilflosigkeit", "raum_emotion": {"ort": "Krankenzimmer an der Küste", "emotion": "Unbehagen, Hilflosigkeit", "richtung": "ort_loest_emotion_aus"}, "route": null}}, {"type": "Feature", "geometry": {"type": "Point", "coordinates": [2.3522, 48.8566]}, "properties": {"id": 39, "zeile": 20, "tags": ["george_duroy", "location_erinnerung", "weather"], "perspektive": "figur", "text": "»Es ist hier übrigens im Vergleich zu Paris einfach wunderbar. Da ist man noch mitten im Winter.«", "notiz": "Duroy vergleicht den Ort mit Paris und impliziert eine Erinnerung an das winterliche Paris — persönliche Einschätzung aus seiner Perspektive.", "ort": "Paris (allgemein)", "valenz": 1, "intensitaet": 2, "gewichtete_valenz": 2, "f_wert": "emotion_faerbt_raum", "f_emotion": "Kontrast: Winter vs. Frühling, implizite Erleichterung über das milde Klima", "raum_emotion": {"ort": "Paris (in Erinnerung)", "emotion": "Kontrast: Winter vs. Frühling, implizite Erleichterung über das milde Klima", "richtung": "emotion_faerbt_raum"}, "route": null}}, {"type": "Feature", "geometry": {"type": "Point", "coordinates": [7.0128, 43.5513]}, "properties": {"id": 40, "zeile": 1, "tags": ["weather", "time", "atmosphere"], "perspektive": "erzaehler", "text": "Es schneit, hagelt, regnet, und es ist so dunkel, daß man um drei Uhr schon die Lampen anzünden muß.", "notiz": "Maupassant beschreibt das schlechte Wetter und die frühe Dunkelheit als atmosphärische Kulisse von aussen.", "ort": "Cannes (Südfrankreich, Aufenthaltsort Forestiers)", "valenz": null, "intensitaet": 2, "gewichtete_valenz": null, "f_wert": null, "f_emotion": null, "raum_emotion": null, "route": null}}, {"type": "Feature", "geometry": {"type": "Point", "coordinates": [7.0128, 43.5513]}, "properties": {"id": 41, "zeile": 10, "tags": ["atmosphere", "sound"], "perspektive": "erzaehler", "text": "Es folgte nun ein langes, tiefes und schmerzliches Schweigen.", "notiz": "Der Erzähler beschreibt die bedrückende Stille im Zimmer als atmosphärische Kulisse.", "ort": "Zimmer Forestiers in Cannes", "valenz": null, "intensitaet": 2, "gewichtete_valenz": null, "f_wert": "ort_loest_emotion_aus", "f_emotion": "Schwere, Schmerz, Beklemmung", "raum_emotion": {"ort": "Zimmer Forestiers", "emotion": "Schwere, Schmerz, Beklemmung", "richtung": "ort_loest_emotion_aus"}, "route": null}}, {"type": "Feature", "geometry": {"type": "Point", "coordinates": [7.0128, 43.5513]}, "properties": {"id": 42, "zeile": 11, "tags": ["weather", "atmosphere", "space"], "perspektive": "erzaehler", "text": "Die feuerrote Glut des Sonnenunterganges erlosch nach und nach, und die Berge am Horizont wurden all", "notiz": "Maupassant beschreibt den Sonnenuntergang über den Bergen als dramatische Naturkulisse von aussen.", "ort": "Cannes, Blick auf Berge und Horizont", "valenz": null, "intensitaet": 2, "gewichtete_valenz": null, "f_wert": "ort_loest_emotion_aus", "f_emotion": "Untergang, Vergänglichkeit", "raum_emotion": {"ort": "Horizont/Berge bei Cannes", "emotion": "Untergang, Vergänglichkeit", "richtung": "ort_loest_emotion_aus"}, "route": null}}, {"type": "Feature", "geometry": {"type": "Point", "coordinates": [7.0128, 43.5513]}, "properties": {"id": 43, "zeile": 12, "tags": ["atmosphere", "space", "material"], "perspektive": "erzaehler", "text": "Farbige Schatten, der Beginn der Nacht, über die noch die letzten Lichter des Sonnenscheines zuckten", "notiz": "Maupassant beschreibt eindringlich, wie die Dämmerung das Zimmer visuell verwandelt — apokalyptische Stimmung.", "ort": "Zimmer Forestiers in Cannes", "valenz": null, "intensitaet": 3, "gewichtete_valenz": null, "f_wert": "ort_loest_emotion_aus", "f_emotion": "Todesahnung, düstere Beklemmung", "raum_emotion": {"ort": "Zimmer Forestiers", "emotion": "Todesahnung, düstere Beklemmung", "richtung": "ort_loest_emotion_aus"}, "route": null}}, {"type": "Feature", "geometry": {"type": "Point", "coordinates": [7.0128, 43.5513]}, "properties": {"id": 44, "zeile": 13, "tags": ["atmosphere", "material", "space"], "perspektive": "erzaehler", "text": "Der Spiegel über dem Kamin, der den Horizont zurückstrahlte, glich einer blutigen Scheibe.", "notiz": "Der Erzähler beschreibt den Spiegel als blutrot reflektierend — ein Symbol des nahenden Todes.", "ort": "Zimmer Forestiers in Cannes", "valenz": null, "intensitaet": 2, "gewichtete_valenz": null, "f_wert": "ort_loest_emotion_aus", "f_emotion": "Tod, Bedrohung", "raum_emotion": {"ort": "Zimmer Forestiers", "emotion": "Tod, Bedrohung", "richtung": "ort_loest_emotion_aus"}, "route": null}}, {"type": "Feature", "geometry": {"type": "Point", "coordinates": [7.0128, 43.5513]}, "properties": {"id": 45, "zeile": 1, "tags": ["koerper_als_akteur"], "perspektive": "erzaehler", "text": "Er machte mit den Fingern beider Hände leichte, nervöse Bewegungen, als ob er auf den Armlehnen sein", "notiz": "Maupassant beschreibt Forestiers nervöse Körperbewegung von aussen als physisches Zeichen seiner Unruhe.", "ort": "Cannes, Villa Forestier", "valenz": null, "intensitaet": 1, "gewichtete_valenz": null, "f_wert": null, "f_emotion": null, "raum_emotion": null, "route": null}}, {"type": "Feature", "geometry": {"type": "Point", "coordinates": [7.0128, 43.5513]}, "properties": {"id": 46, "zeile": 2, "tags": ["atmosphere", "sound"], "perspektive": "erzaehler", "text": "Und jedes Schweigen, das seinen Worten folgte, war noch furchtbarer; man spürte deutlich, daß er wäh", "notiz": "Das Schweigen wird von aussen als bedrohliche Atmosphäre beschrieben, ohne Duroys explizite Innenperspektive.", "ort": "Cannes, Villa Forestier", "valenz": -1, "intensitaet": 3, "gewichtete_valenz": -3, "f_wert": "ort_loest_emotion_aus", "f_emotion": "Bedrohung, Schrecken", "raum_emotion": {"ort": "Zimmer mit schweigender Gesellschaft", "emotion": "Bedrohung, Schrecken", "richtung": "ort_loest_emotion_aus"}, "route": null}}, {"type": "Feature", "geometry": {"type": "Point", "coordinates": [7.0128, 43.5513]}, "properties": {"id": 47, "zeile": 3, "tags": ["george_duroy", "location_erinnerung"], "perspektive": "figur", "text": "Duroy mußte plötzlich daran denken, was ihm Norbert de Varenne vor wenigen Wochen gesagt hatte", "notiz": "Duroy erinnert sich an ein früheres Gespräch mit Norbert de Varenne — eine persönliche Erinnerung aus der Pariser Zeit.", "ort": "Paris (unspezifisch)", "valenz": null, "intensitaet": 2, "gewichtete_valenz": null, "f_wert": null, "f_emotion": null, "raum_emotion": null, "route": null}}, {"type": "Feature", "geometry": {"type": "Point", "coordinates": [7.0128, 43.5513]}, "properties": {"id": 48, "zeile": 4, "tags": ["george_duroy", "mood", "atmosphere"], "perspektive": "figur", "text": "Damals hatte er ihn nicht verstanden, jetzt, wo er Forestier sah, verstand er alles. Und eine ihm no", "notiz": "Duroy erlebt eine tiefe, existenzielle Angst angesichts Forestiers Todesnähe — Emotion aus dem Raum heraus.", "ort": "Cannes, Villa Forestier", "valenz": -1, "intensitaet": 3, "gewichtete_valenz": -3, "f_wert": "ort_loest_emotion_aus", "f_emotion": "qualvolle Angst vor dem Tod", "raum_emotion": {"ort": "Zimmer mit dem sterbenden Forestier", "emotion": "qualvolle Angst vor dem Tod", "richtung": "ort_loest_emotion_aus"}, "route": null}}, {"type": "Feature", "geometry": {"type": "Point", "coordinates": [7.0128, 43.5513]}, "properties": {"id": 49, "zeile": 5, "tags": ["george_duroy", "move", "mood", "location_erinnerung"], "perspektive": "figur", "text": "Er hatte Lust, aufzustehen, fortzulaufen, um sich zu retten und schleunigst nach Paris zurückzukehre", "notiz": "Duroy verspürt einen starken Fluchtimpuls und sehnt sich nach Paris zurück — emotionale Ortssehnsucht.", "ort": "Paris (als Fluchtpunkt vorgestellt)", "valenz": null, "intensitaet": null, "gewichtete_valenz": null, "f_wert": "emotion_faerbt_raum", "f_emotion": "Fluchtdrang, Sehnsucht nach Sicherheit", "raum_emotion": {"ort": "Paris (als imaginierter Rückzugsort)", "emotion": "Fluchtdrang, Sehnsucht nach Sicherheit", "richtung": "emotion_faerbt_raum"}, "route": null}}, {"type": "Feature", "geometry": {"type": "Point", "coordinates": [7.0128, 43.5513]}, "properties": {"id": 50, "zeile": 6, "tags": ["george_duroy", "mood"], "perspektive": "figur", "text": "Oh, wenn er das geahnt hätte, er wäre nicht gekommen!", "notiz": "Duroy bereut innerlich, die Reise nach Cannes angetreten zu haben — ein kontrafaktisches inneres Erleben.", "ort": "Cannes, Villa Forestier", "valenz": -1, "intensitaet": 2, "gewichtete_valenz": -2, "f_wert": null, "f_emotion": null, "raum_emotion": null, "route": null}}, {"type": "Feature", "geometry": {"type": "Point", "coordinates": [7.0128, 43.5513]}, "properties": {"id": 51, "zeile": 7, "tags": ["atmosphere", "weather", "space"], "perspektive": "erzaehler", "text": "Die Nacht erfüllte nun das ganze Zimmer, wie eine vorzeitige Trauer für den Todgeweihten.", "notiz": "Maupassant beschreibt die einbrechende Nacht als symbolische Trauerstimmung im Zimmer — atmosphärische Raumbeschreibung von aussen.", "ort": "Cannes, Villa Forestier", "valenz": -1, "intensitaet": 3, "gewichtete_valenz": -3, "f_wert": "ort_loest_emotion_aus", "f_emotion": "Trauer, Vorahnung des Todes", "raum_emotion": {"ort": "Zimmer Forestiers", "emotion": "Trauer, Vorahnung des Todes", "richtung": "ort_loest_emotion_aus"}, "route": null}}, {"type": "Feature", "geometry": {"type": "Point", "coordinates": [7.0128, 43.5513]}, "properties": {"id": 52, "zeile": 8, "tags": ["space", "material"], "perspektive": "erzaehler", "text": "Nur das Fenster blieb noch sichtbar und zeichnete in seinem etwas helleren Viereck den unbeweglichen", "notiz": "Maupassant beschreibt die visuelle Raumstruktur des dunklen Zimmers mit dem als Lichtquelle verbleibenden Fenster von aussen.", "ort": "Cannes, Villa Forestier", "valenz": null, "intensitaet": 2, "gewichtete_valenz": null, "f_wert": null, "f_emotion": null, "raum_emotion": null, "route": null}}, {"type": "Feature", "geometry": {"type": "Point", "coordinates": [7.0128, 43.5513]}, "properties": {"id": 53, "zeile": 9, "tags": ["sound", "material"], "perspektive": "erzaehler", "text": "Der Schatten des Körpers verschwand vom Fenster und der laute Ton einer elektrischen Klingel klang d", "notiz": "Maupassant beschreibt das Klingeln der elektrischen Glocke als akustisches Raumsignal von aussen.", "ort": "Cannes, Villa Forestier", "valenz": null, "intensitaet": 1, "gewichtete_valenz": null, "f_wert": null, "f_emotion": null, "raum_emotion": null, "route": null}}, {"type": "Feature", "geometry": {"type": "Point", "coordinates": [7.0128, 43.5513]}, "properties": {"id": 54, "zeile": 10, "tags": ["social", "space"], "perspektive": "erzaehler", "text": "Alsbald erschien der Diener und stellte eine Lampe auf den Kamin.", "notiz": "Maupassant beschreibt eine soziale Handlung im Haushaltskontext von aussen — das Erscheinen des Dieners verändert die Raumsituation.", "ort": "Cannes, Villa Forestier", "valenz": null, "intensitaet": 1, "gewichtete_valenz": null, "f_wert": null, "f_emotion": null, "raum_emotion": null, "route": null}}, {"type": "Feature", "geometry": {"type": "Point", "coordinates": [7.0128, 43.5513]}, "properties": {"id": 55, "zeile": 11, "tags": ["time", "atmosphere"], "perspektive": "erzaehler", "text": "Sie mußten fast eine ganze Stunde bis zum Beginn des Essens warten und blieben alle drei unbeweglich", "notiz": "Maupassant beschreibt das zermürbende Warten der drei Personen neutral als Zeitangabe mit atmosphärischer Qualität.", "ort": "Cannes, Villa Forestier", "valenz": null, "intensitaet": 2, "gewichtete_valenz": null, "f_wert": "ort_loest_emotion_aus", "f_emotion": "Lähmung, Beklemmung", "raum_emotion": {"ort": "Zimmer Forestiers", "emotion": "Lähmung, Beklemmung", "richtung": "ort_loest_emotion_aus"}, "route": null}}, {"type": "Feature", "geometry": {"type": "Point", "coordinates": [7.0128, 43.5513]}, "properties": {"id": 56, "zeile": 1, "tags": ["atmosphere", "sound"], "perspektive": "erzaehler", "text": "Sie sprachen nur hin und wieder irgendein gleichgültiges, banales Wort, als brächte es eine schauder", "notiz": "Maupassant beschreibt die bedrohliche Stille und Todesatmosphäre im Haus aus Erzählerperspektive.", "ort": "Haus Forestier, Cannes (Innenraum)", "valenz": -1, "intensitaet": 2, "gewichtete_valenz": -2, "f_wert": "ort_loest_emotion_aus", "f_emotion": "Bedrohung, Todesangst", "raum_emotion": {"ort": "Haus Forestier", "emotion": "Bedrohung, Todesangst", "richtung": "ort_loest_emotion_aus"}, "route": null}}, {"type": "Feature", "geometry": {"type": "Point", "coordinates": [7.0128, 43.5513]}, "properties": {"id": 57, "zeile": 3, "tags": ["time", "mood"], "perspektive": "figur", "text": "Das Essen kam Duroy entsetzlich lang vor.", "notiz": "Duroy erlebt das Essen als qualvoll lang — Zeit wird emotional wahrgenommen.", "ort": "Speisezimmer, Haus Forestier, Cannes", "valenz": -1, "intensitaet": 2, "gewichtete_valenz": -2, "f_wert": "ort_loest_emotion_aus", "f_emotion": "Unbehagen, Ungeduld", "raum_emotion": {"ort": "Speisezimmer", "emotion": "Unbehagen, Ungeduld", "richtung": "ort_loest_emotion_aus"}, "route": null}}, {"type": "Feature", "geometry": {"type": "Point", "coordinates": [7.0128, 43.5513]}, "properties": {"id": 58, "zeile": 3, "tags": ["sound", "atmosphere"], "perspektive": "erzaehler", "text": "Sie sprachen kein Wort, aßen lautlos und zerkrümelten während der Pausen das Brot.", "notiz": "Maupassant beschreibt das lautlose, bedrückende Mahl von aussen als atmosphärische Schilderung.", "ort": "Speisezimmer, Haus Forestier, Cannes", "valenz": -1, "intensitaet": 2, "gewichtete_valenz": -2, "f_wert": null, "f_emotion": null, "raum_emotion": null, "route": null}}, {"type": "Feature", "geometry": {"type": "Point", "coordinates": [7.0128, 43.5513]}, "properties": {"id": 59, "zeile": 4, "tags": ["sound", "material", "atmosphere"], "perspektive": "erzaehler", "text": "Nur das Ticktack der hölzernen Wanduhr unterbrach mit regelmäßigem, mechanischem Ton die schweigende", "notiz": "Das Ticken der Uhr als einziges Geräusch unterstreicht die bedrückende Stille — Erzählerperspektive.", "ort": "Speisezimmer, Haus Forestier, Cannes", "valenz": -1, "intensitaet": 2, "gewichtete_valenz": -2, "f_wert": "ort_loest_emotion_aus", "f_emotion": "Bedrückung, Stille", "raum_emotion": {"ort": "Speisezimmer", "emotion": "Bedrückung, Stille", "richtung": "ort_loest_emotion_aus"}, "route": null}}, {"type": "Feature", "geometry": {"type": "Point", "coordinates": [7.0128, 43.5513]}, "properties": {"id": 60, "zeile": 6, "tags": ["george_duroy", "move"], "perspektive": "figur", "text": "Sobald das Essen zu Ende war, begab sich Duroy, unter dem Vorwand, müde zu sein, in sein Zimmer", "notiz": "Duroy verlässt die Tischgesellschaft unter einem Vorwand — aktive Bewegung und inneres Kalkül.", "ort": "Haus Forestier, Cannes (Zimmer Duroy)", "valenz": null, "intensitaet": null, "gewichtete_valenz": null, "f_wert": null, "f_emotion": null, "raum_emotion": null, "route": null}}, {"type": "Feature", "geometry": {"type": "Point", "coordinates": [7.0128, 43.5513]}, "properties": {"id": 61, "zeile": 6, "tags": ["george_duroy", "space", "atmosphere", "weather"], "perspektive": "figur", "text": "schaute, gelehnt an das Fensterbrett, den Vollmond an, der wie ein riesiger Lampion mitten am Himmel", "notiz": "Duroy betrachtet den Mondschein über dem Meer — sensorisches Naturerlebnis aus seiner Perspektive.", "ort": "Zimmer Duroy, Haus Forestier, Cannes — Blick aufs Meer", "valenz": 1, "intensitaet": 2, "gewichtete_valenz": 2, "f_wert": "ort_loest_emotion_aus", "f_emotion": "Kontemplation, flüchtige Schönheit", "raum_emotion": {"ort": "Cannes, Meeresblick", "emotion": "Kontemplation, flüchtige Schönheit", "richtung": "ort_loest_emotion_aus"}, "route": null}}, {"type": "Feature", "geometry": {"type": "Point", "coordinates": [7.0128, 43.5513]}, "properties": {"id": 62, "zeile": 8, "tags": ["george_duroy", "mood", "social"], "perspektive": "figur", "text": "Duroy suchte nach einem Ausweg, der ihm eine möglichst schnelle Abreise gestattete. Er erfand Listen", "notiz": "Duroy plant heimlich seine Flucht — inneres Kalkül und Unbehagen angesichts der Situation.", "ort": "Zimmer Duroy, Haus Forestier, Cannes", "valenz": -1, "intensitaet": 2, "gewichtete_valenz": -2, "f_wert": "ort_loest_emotion_aus", "f_emotion": "Unbehagen, Fluchtimpuls", "raum_emotion": {"ort": "Zimmer", "emotion": "Unbehagen, Fluchtimpuls", "richtung": "ort_loest_emotion_aus"}, "route": null}}, {"type": "Feature", "geometry": {"type": "Point", "coordinates": [7.0128, 43.5513]}, "properties": {"id": 63, "zeile": 10, "tags": ["george_duroy", "mood", "time", "social"], "perspektive": "figur", "text": "Als er am nächsten Morgen erwachte, schienen ihm alle seine Fluchtpläne sehr schwer zu verwirklichen", "notiz": "Duroy wägt am Morgen nüchtern seine soziale Lage und strategischen Optionen ab — inneres Erleben.", "ort": "Zimmer Duroy, Haus Forestier, Cannes", "valenz": -1, "intensitaet": 2, "gewichtete_valenz": -2, "f_wert": null, "f_emotion": null, "raum_emotion": null, "route": null}}, {"type": "Feature", "geometry": {"type": "Point", "coordinates": [7.0128, 43.5513]}, "properties": {"id": 64, "zeile": 12, "tags": ["george_duroy", "mood", "time"], "perspektive": "figur", "text": "Er sagte sich: »Ja, es ist halt langweilig; aber das läßt sich nicht ändern, es gibt nun einmal im L", "notiz": "Duroy redet sich innerlich Mut zu und akzeptiert die unangenehme Situation als vorübergehend.", "ort": "Zimmer Duroy, Haus Forestier, Cannes", "valenz": -1, "intensitaet": 2, "gewichtete_valenz": -2, "f_wert": null, "f_emotion": null, "raum_emotion": null, "route": null}}, {"type": "Feature", "geometry": {"type": "Point", "coordinates": [7.0128, 43.5513]}, "properties": {"id": 65, "zeile": 13, "tags": ["george_duroy", "weather", "atmosphere", "mood"], "perspektive": "figur", "text": "Der Himmel war blau, von jenem tiefen, südlichen Blau, das das Herz bei seinem Anblick mit Freude er", "notiz": "Duroy nimmt den strahlend blauen Südfrankreich-Himmel wahr und erlebt dabei eine emotionale Aufhellung.", "ort": "Cannes, Aussenraum", "valenz": 1, "intensitaet": 2, "gewichtete_valenz": 2, "f_wert": "ort_loest_emotion_aus", "f_emotion": "Freude", "raum_emotion": {"ort": "Cannes", "emotion": "Freude", "richtung": "ort_loest_emotion_aus"}, "route": null}}, {"type": "Feature", "geometry": {"type": "Point", "coordinates": [7.0128, 43.5513]}, "properties": {"id": 66, "zeile": 14, "tags": ["george_duroy", "move", "mood"], "perspektive": "figur", "text": "Duroy ging zum Meer hinunter, in der Meinung, daß es früh genug wäre, mit Forestier am Tage zusammen", "notiz": "Duroy begibt sich ans Meer, um Forestier aus dem Weg zu gehen — Bewegung mit sozialem Kalkül verbunden.", "ort": "Meeresküste bei Cannes", "valenz": null, "intensitaet": null, "gewichtete_valenz": null, "f_wert": "emotion_faerbt_raum", "f_emotion": "Erleichterung, Distanzwunsch", "raum_emotion": {"ort": "Meer, Cannes", "emotion": "Erleichterung, Distanzwunsch", "richtung": "emotion_faerbt_raum"}, "route": null}}, {"type": "Feature", "geometry": {"type": "Point", "coordinates": [7.0128, 43.5513]}, "properties": {"id": 67, "zeile": 1, "tags": ["time", "location"], "perspektive": "erzaehler", "text": "Als er zum Frühstück zurückkam, sagte der Diener: »Herr Forestier hat schon zwei-, dreimal nach dem ", "notiz": "Neutral erzählte Rückkehr Duroys zum Frühstück, Zeitangabe ohne emotionalen Bezug.", "ort": "Unterkunft in Cannes (nicht näher spezifiziert)", "valenz": null, "intensitaet": 1, "gewichtete_valenz": null, "f_wert": null, "f_emotion": null, "raum_emotion": null, "route": null}}, {"type": "Feature", "geometry": {"type": "Point", "coordinates": [7.0128, 43.5513]}, "properties": {"id": 68, "zeile": 2, "tags": ["move"], "perspektive": "figur", "text": "Er ging hinauf.", "notiz": "Duroys Bewegung durch den Raum — er geht zu Forestier hinauf.", "ort": "Unterkunft in Cannes (nicht näher spezifiziert)", "valenz": null, "intensitaet": null, "gewichtete_valenz": null, "f_wert": null, "f_emotion": null, "raum_emotion": null, "route": null}}, {"type": "Feature", "geometry": {"type": "Point", "coordinates": [7.0128, 43.5513]}, "properties": {"id": 69, "zeile": 3, "tags": ["space", "social"], "perspektive": "erzaehler", "text": "Forestier schien in einem Sessel zu schlafen. Seine Frau lag ausgestreckt auf dem Sofa und las.", "notiz": "Maupassant beschreibt die Szene im Zimmer von aussen — Forestier und Madeleines Positionen im Raum.", "ort": "Zimmer Forestiers, Unterkunft in Cannes", "valenz": null, "intensitaet": 1, "gewichtete_valenz": null, "f_wert": null, "f_emotion": null, "raum_emotion": null, "route": null}}, {"type": "Feature", "geometry": {"type": "Point", "coordinates": [7.0128, 43.5513]}, "properties": {"id": 70, "zeile": 4, "tags": ["move", "koerper_als_akteur", "social"], "perspektive": "erzaehler", "text": "Als der Landauer vorgefahren war, stieg Forestier Schritt für Schritt die Treppe hinunter, gestützt ", "notiz": "Erzähler beschreibt Forestiers mühsamen Gang nach unten — Körper als Zeichen von Schwäche, sozial markiert durch den Diener.", "ort": "Unterkunft in Cannes (nicht näher spezifiziert)", "valenz": null, "intensitaet": 1, "gewichtete_valenz": null, "f_wert": null, "f_emotion": null, "raum_emotion": null, "route": null}}, {"type": "Feature", "geometry": {"type": "Point", "coordinates": [7.0174, 43.5528]}, "properties": {"id": 71, "zeile": 5, "tags": ["move", "location", "space", "atmosphere"], "perspektive": "erzaehler", "text": "Sie fuhren zuerst auf den schattigen Wegen, die sich immer zwischen zwei Gärten durchziehen und die ", "notiz": "Erzähler beschreibt die Route durch Cannes und deren parkartigen Charakter — atmosphärische Raumqualität von aussen.", "ort": "Cannes, schattige Wege zwischen Gärten", "valenz": null, "intensitaet": 2, "gewichtete_valenz": null, "f_wert": "ort_loest_emotion_aus", "f_emotion": "Idyllische, parkähnliche Atmosphäre", "raum_emotion": {"ort": "Schattige Wege in Cannes", "emotion": "Idyllische, parkähnliche Atmosphäre", "richtung": "ort_loest_emotion_aus"}, "route": [[2.4589897, 48.8172336]]}}, {"type": "Feature", "geometry": {"type": "Point", "coordinates": [7.054, 43.5677]}, "properties": {"id": 72, "zeile": 6, "tags": ["move", "location"], "perspektive": "erzaehler", "text": "Dann ging es auf der Straße von Antibes am Meer entlang.", "notiz": "Erzähler beschreibt die Route der Wagenfahrt auf der Straße von Antibes entlang dem Meer.", "ort": "Straße von Antibes, Küstenstraße bei Cannes", "valenz": null, "intensitaet": 1, "gewichtete_valenz": null, "f_wert": null, "f_emotion": null, "raum_emotion": null, "route": [[2.4589897, 48.8172336]]}}, {"type": "Feature", "geometry": {"type": "Point", "coordinates": [7.054, 43.5677]}, "properties": {"id": 73, "zeile": 7, "tags": ["location", "historical"], "perspektive": "erzaehler", "text": "Forestier erklärte dem Freunde die Gegend, er zeigte die Villa des Grafen von Paris, dann, nannte er", "notiz": "Forestier zeigt Duroy die Villen der Gegend — Nennung der Villa des Grafen von Paris als historisch-politische Referenz.", "ort": "Küstenstraße bei Cannes/Antibes, Villa des Grafen von Paris", "valenz": null, "intensitaet": 1, "gewichtete_valenz": null, "f_wert": null, "f_emotion": null, "raum_emotion": null, "route": null}}, {"type": "Feature", "geometry": {"type": "Point", "coordinates": [7.054, 43.5677]}, "properties": {"id": 74, "zeile": 8, "tags": ["atmosphere", "mood", "koerper_als_akteur"], "perspektive": "erzaehler", "text": "Er war lustig, aber seine Fröhlichkeit war erzwungen und gemacht wie die eines zum Tode Verurteilten", "notiz": "Maupassant beschreibt Forestiers erzwungene Fröhlichkeit und körperliche Schwäche von aussen — düstere Atmosphäre trotz Ausflug.", "ort": "Küstenstraße bei Cannes/Antibes", "valenz": null, "intensitaet": 2, "gewichtete_valenz": null, "f_wert": "ort_loest_emotion_aus", "f_emotion": "Erzwungene Fröhlichkeit, Todesahnung", "raum_emotion": {"ort": "Küstenstraße bei Cannes", "emotion": "Erzwungene Fröhlichkeit, Todesahnung", "richtung": "ort_loest_emotion_aus"}, "route": null}}, {"type": "Feature", "geometry": {"type": "Point", "coordinates": [7.045, 43.52]}, "properties": {"id": 75, "zeile": 1, "tags": ["location", "historical"], "perspektive": "erzaehler", "text": "dort drüben ist die Insel Sainte-Marguerite, und das ist das Schloß, aus dem Bazaine entflohen ist", "notiz": "Verweis auf die Île Sainte-Marguerite und den historisch-politischen Kontext der Flucht Bazaines.", "ort": "Île Sainte-Marguerite, Cannes", "valenz": null, "intensitaet": 1, "gewichtete_valenz": null, "f_wert": null, "f_emotion": null, "raum_emotion": null, "route": null}}, {"type": "Feature", "geometry": {"type": "Point", "coordinates": [7.0825, 43.54]}, "properties": {"id": 76, "zeile": 2, "tags": ["location_erinnerung", "george_duroy"], "perspektive": "figur", "text": "Dann fielen ihm Erinnerungen aus seiner Militärzeit ein, er nannte die Namen mehrerer Offiziere, von", "notiz": "Duroy erinnert sich an seine Militärzeit und die damit verbundenen Personen — persönliche Erinnerung.", "ort": "Militärzeit Duroys (unspezifisch)", "valenz": 1, "intensitaet": 2, "gewichtete_valenz": 2, "f_wert": null, "f_emotion": null, "raum_emotion": null, "route": null}}, {"type": "Feature", "geometry": {"type": "Point", "coordinates": [7.12, 43.56]}, "properties": {"id": 77, "zeile": 3, "tags": ["location", "space"], "perspektive": "erzaehler", "text": "plötzlich bei einer Straßenbiegung tat sich der ganze Golf Juan auf mit seinem weißen Dörfchen im Hi", "notiz": "Maupassant beschreibt die plötzliche Weite des Golf Juan als Panoramablick von außen.", "ort": "Golf Juan / Golfe-Juan", "valenz": null, "intensitaet": 2, "gewichtete_valenz": null, "f_wert": null, "f_emotion": null, "raum_emotion": null, "route": null}}, {"type": "Feature", "geometry": {"type": "Point", "coordinates": [7.12, 43.56]}, "properties": {"id": 78, "zeile": 4, "tags": ["space", "atmosphere"], "perspektive": "erzaehler", "text": "mitten in der weiten Bucht ein halbes Dutzend großer Schiffe; sie glichen Felsen, die mit Ästen bede", "notiz": "Erzähler beschreibt die imposante Kulisse der Kriegsschiffe in der Bucht als atmosphärisches Raumkonstrukt.", "ort": "Golf Juan, Kriegsgeschwader", "valenz": null, "intensitaet": 2, "gewichtete_valenz": null, "f_wert": null, "f_emotion": null, "raum_emotion": null, "route": null}}, {"type": "Feature", "geometry": {"type": "Point", "coordinates": [7.12, 43.56]}, "properties": {"id": 79, "zeile": 5, "tags": ["material", "atmosphere"], "perspektive": "erzaehler", "text": "Sie waren von riesiger, ungeheuerlicher Gestalt mit Auswüchsen, Türmen und Schnäbeln, die sich ins W", "notiz": "Maupassant beschreibt die physische Massivität und Schwere der Kriegsschiffe aus der Erzählerperspektive.", "ort": "Golf Juan, Kriegsgeschwader", "valenz": null, "intensitaet": 2, "gewichtete_valenz": null, "f_wert": null, "f_emotion": null, "raum_emotion": null, "route": null}}, {"type": "Feature", "geometry": {"type": "Point", "coordinates": [7.12, 43.56]}, "properties": {"id": 80, "zeile": 6, "tags": ["atmosphere", "space"], "perspektive": "erzaehler", "text": "Ein großer Dreimaster fuhr mit vollen Segeln, die schneeweiß und heiter leuchteten, an den Kriegssch", "notiz": "Kontrast zwischen dem eleganten Dreimaster und den eisernen Kriegsschiffen — atmosphärische Beschreibung durch den Erzähler.", "ort": "Golf Juan", "valenz": null, "intensitaet": 2, "gewichtete_valenz": null, "f_wert": null, "f_emotion": null, "raum_emotion": null, "route": null}}, {"type": "Feature", "geometry": {"type": "Point", "coordinates": [7.12, 43.56]}, "properties": {"id": 81, "zeile": 7, "tags": ["location"], "perspektive": "erzaehler", "text": "Sie gelangten zu einer großen Ausstellungshalle, auf der die Inschrift stand: »Kunstfayencen vom Gol", "notiz": "Erzähler benennt den nächsten konkreten Ort — eine Ausstellungshalle für Kunstfayencen am Golf Juan.", "ort": "Ausstellungshalle Kunstfayencen, Golf Juan", "valenz": null, "intensitaet": 1, "gewichtete_valenz": null, "f_wert": null, "f_emotion": null, "raum_emotion": null, "route": null}}, {"type": "Feature", "geometry": {"type": "Point", "coordinates": [7.12, 43.56]}, "properties": {"id": 82, "zeile": 8, "tags": ["move"], "perspektive": "erzaehler", "text": "Der Wagen fuhr um einen Rasenplatz herum und hielt dann vor der Tür.", "notiz": "Erzähler beschreibt die Ankunft des Wagens vor der Ausstellungshalle als neutrale Bewegungsangabe.", "ort": "Ausstellungshalle Kunstfayencen, Golf Juan", "valenz": null, "intensitaet": null, "gewichtete_valenz": null, "f_wert": null, "f_emotion": null, "raum_emotion": null, "route": [[2.4589897, 48.8172336], [2.4516376, 48.8183823], [2.4516141, 48.8184318], [2.4513883, 48.8184752], [2.4512596, 48.8185587], [2.4511833, 48.8186102], [2.4501876, 48.819034], [2.4498593, 48.8191408], [2.4474768, 48.8195127], [2.4470202, 48.8196513], [2.4454196, 48.8202058], [2.4451037, 48.8203027], [2.445073, 48.8203401], [2.4449402, 48.8206817], [2.4439821, 48.8208514], [2.4416966, 48.8212023], [2.4404252, 48.821314], [2.4391553, 48.8214051], [2.4348127, 48.8223155], [2.4344616, 48.8224589], [2.4317478, 48.8228407], [2.4312725, 48.8230641], [2.4307202, 48.8233364], [2.4305982, 48.823633], [2.4298276, 48.8245476], [2.4296955, 48.8246403], [2.4280934, 48.8255845], [2.4277162, 48.8258018], [2.4255965, 48.8269365], [2.4254739, 48.8270131], [2.4247924, 48.8274449], [2.4238108, 48.8278625], [2.4216708, 48.8288456], [2.4215647, 48.8289526], [2.4213079, 48.8289196], [2.4210209, 48.8289045], [2.4207915, 48.8289315], [2.4197321, 48.8287046], [2.4196216, 48.8287289], [2.4193184, 48.8286406], [2.4192392, 48.8285823], [2.4183992, 48.8291059], [2.4178863, 48.8296359], [2.4164984, 48.8306996], [2.4155145, 48.8312174], [2.4143718, 48.832005], [2.4143493, 48.8320332], [2.4142706, 48.8321317], [2.4131176, 48.8329247], [2.4122954, 48.8331459], [2.4107305, 48.8332545], [2.4100625, 48.8337761], [2.4099735, 48.8338747], [2.4099331, 48.83386], [2.4087772, 48.8340885], [2.4086843, 48.8341787], [2.4081218, 48.8347383], [2.4080882, 48.8347591], [2.4080239, 48.8347138], [2.4077721, 48.8347997], [2.407324, 48.834953], [2.4071609, 48.8350088], [2.406776, 48.8351405], [2.4067638, 48.8351987], [2.4065537, 48.8351996], [2.4063288, 48.8353783], [2.4061882, 48.8354735], [2.406197, 48.8355216], [2.4056607, 48.8357437], [2.4055586, 48.8357794], [2.4054755, 48.8358129], [2.4045543, 48.8361573], [2.4035054, 48.836539], [2.4032781, 48.8366193], [2.4032422, 48.8366403], [2.4027664, 48.8368104], [2.4024841, 48.8369199], [2.4024742, 48.8369026], [2.4023275, 48.8369033], [2.4021428, 48.8369816], [2.4020171, 48.8370386], [2.4018551, 48.8370968], [2.4017566, 48.8371754], [2.4015582, 48.8372336], [2.3994894, 48.8380184], [2.3992751, 48.8380389], [2.3991246, 48.838095], [2.3986741, 48.8382666], [2.3985886, 48.838295], [2.3983833, 48.8383744], [2.3983629, 48.8383953], [2.3974228, 48.8387475], [2.3971841, 48.8388022], [2.3970942, 48.8388547], [2.3969816, 48.8389351], [2.3965771, 48.8390887], [2.3963096, 48.8391489], [2.396123, 48.8391927], [2.3960488, 48.839167], [2.3959422, 48.8391668], [2.3958091, 48.8391838], [2.3953999, 48.8393226], [2.3949524, 48.8393463], [2.3946518, 48.8395769], [2.3946286, 48.8397445], [2.3927779, 48.8401655], [2.3928509, 48.8403739], [2.3926887, 48.8404087], [2.3923887, 48.8404753], [2.3922675, 48.8405022], [2.3920042, 48.8405591], [2.3912955, 48.8407136], [2.3909868, 48.8407801], [2.3892732, 48.841162], [2.3891771, 48.8411834], [2.3889667, 48.8412283], [2.3888754, 48.8412469], [2.3876076, 48.8415934], [2.3864765, 48.842116], [2.3863534, 48.8420672], [2.3858837, 48.8425679], [2.3858112, 48.8426578], [2.3858147, 48.8426742], [2.3852359, 48.8432541], [2.3844453, 48.8439021], [2.3841668, 48.8441278], [2.3834407, 48.8446286], [2.3829717, 48.8447454], [2.3828819, 48.844734], [2.3826807, 48.8448136], [2.3820178, 48.8449876], [2.3810673, 48.8452754], [2.380906, 48.8453439], [2.380384, 48.8455639], [2.3790235, 48.8463614], [2.3788042, 48.8463358], [2.3786245, 48.8465212], [2.3786962, 48.8465295], [2.3777305, 48.847245], [2.3776338, 48.8473139], [2.3776167, 48.8473441], [2.3769837, 48.8477276], [2.3766779, 48.8479103], [2.3760647, 48.8482542], [2.3759132, 48.848335], [2.3758421, 48.8484057], [2.3757069, 48.8484848], [2.3749707, 48.8489136], [2.3747879, 48.8490757], [2.3747491, 48.8490929], [2.3746673, 48.8491434], [2.3746834, 48.8491835], [2.3743236, 48.8495178], [2.3742747, 48.8494816], [2.3740755, 48.8496319], [2.3741516, 48.8496692], [2.3737759, 48.8499992], [2.3736393, 48.8501159], [2.373246, 48.8504647], [2.3731796, 48.8504795], [2.3730931, 48.8505349], [2.3730871, 48.8505975], [2.3722725, 48.8512919], [2.3721765, 48.8513838], [2.3702574, 48.8531151], [2.3700133, 48.8530881], [2.3694012, 48.853181], [2.3691574, 48.8530035], [2.3687993, 48.8530791], [2.3682514, 48.8531668], [2.3682031, 48.8532019], [2.3676731, 48.853255], [2.3675276, 48.8532842], [2.3672962, 48.8533287], [2.3671393, 48.8533481], [2.3670374, 48.8533543], [2.3667182, 48.8534024], [2.3665519, 48.8534214], [2.3664252, 48.8534443], [2.36638, 48.8534649], [2.3662106, 48.8535061], [2.3657171, 48.8535957], [2.3656134, 48.8536181], [2.3655065, 48.8536296], [2.365475, 48.8536596], [2.3652155, 48.853736], [2.36495, 48.853799], [2.3647112, 48.8538599], [2.3646658, 48.8538767], [2.3645686, 48.8538821], [2.3645704, 48.8539089], [2.3637979, 48.8541679], [2.3637342, 48.8541794], [2.3636642, 48.8542065], [2.3636115, 48.8542301], [2.363527, 48.8542676], [2.3630228, 48.8544503], [2.3627076, 48.8545584], [2.3626214, 48.8545911], [2.3625931, 48.8546091], [2.362204, 48.8547565], [2.3618141, 48.85485], [2.3617424, 48.8548668], [2.3616214, 48.8548979], [2.3615036, 48.8549283], [2.3614329, 48.8549466], [2.3600944, 48.8552216], [2.3596288, 48.8553132], [2.3596408, 48.8553464], [2.3596603, 48.8553968], [2.3595198, 48.8554182], [2.3590736, 48.8556131], [2.358794, 48.8556808], [2.3580463, 48.8558606], [2.3580161, 48.8558678], [2.3578585, 48.8559056], [2.357779, 48.8559247], [2.3571632, 48.8560653], [2.3570056, 48.8561092], [2.3567159, 48.856175], [2.3566371, 48.856186], [2.3564594, 48.8562298], [2.3564148, 48.8562512], [2.3557684, 48.856401], [2.3557419, 48.8564035], [2.3553342, 48.8565107], [2.3539377, 48.8568411], [2.3539151, 48.8568172], [2.3536092, 48.8568941], [2.3535014, 48.8569356], [2.3524016, 48.8572028], [2.3522467, 48.8572349], [2.3521879, 48.8571248], [2.3521393, 48.8570375]]}}, {"type": "Feature", "geometry": {"type": "Point", "coordinates": [7.0128, 43.5513]}, "properties": {"id": 83, "zeile": 1, "tags": ["george_duroy"], "perspektive": "erzaehler", "text": "Er wählte lange und fragte bald seine Frau, bald Duroy um Rat.", "notiz": "Maupassant beschreibt Forestiers Verhalten von aussen, Duroy ist als passive Figur erwähnt.", "ort": "Cannes (Küstenort, Südfrankreich)", "valenz": null, "intensitaet": null, "gewichtete_valenz": null, "f_wert": null, "f_emotion": null, "raum_emotion": null, "route": null}}, {"type": "Feature", "geometry": {"type": "Point", "coordinates": [7.0128, 43.5513]}, "properties": {"id": 84, "zeile": 4, "tags": ["move", "location"], "perspektive": "erzaehler", "text": "Sie fuhren längs der Meeresküste nach Hause.", "notiz": "Erzähler beschreibt die Bewegung der Gruppe entlang der Meeresküste.", "ort": "Meeresküste (Côte d'Azur, Cannes-Umgebung)", "valenz": null, "intensitaet": null, "gewichtete_valenz": null, "f_wert": null, "f_emotion": null, "raum_emotion": null, "route": null}}, {"type": "Feature", "geometry": {"type": "Point", "coordinates": [7.0128, 43.5513]}, "properties": {"id": 85, "zeile": 5, "tags": ["weather", "space"], "perspektive": "erzaehler", "text": "Plötzlich traf sie ein kalter Luftzug, der aus irgendeinem Seitental kam", "notiz": "Erzähler beschreibt atmosphärisch den kalten Luftzug aus dem Seitental als Kulisse.", "ort": "Küstenstraße bei Cannes", "valenz": null, "intensitaet": 1, "gewichtete_valenz": null, "f_wert": "ort_loest_emotion_aus", "f_emotion": "bedrohliche Kälte", "raum_emotion": {"ort": "Küstenstraße", "emotion": "bedrohliche Kälte", "richtung": "ort_loest_emotion_aus"}, "route": null}}, {"type": "Feature", "geometry": {"type": "Point", "coordinates": [7.0128, 43.5513]}, "properties": {"id": 86, "zeile": 5, "tags": ["sound", "atmosphere"], "perspektive": "erzaehler", "text": "und der Kranke begann zu husten. Anfangs war es nur ein kleiner Anfall, aber er wurde stärker, das H", "notiz": "Maupassant beschreibt Forestiers Hustenattacke von aussen als akustische Kulisse.", "ort": "Küstenstraße bei Cannes", "valenz": null, "intensitaet": 2, "gewichtete_valenz": null, "f_wert": "ort_loest_emotion_aus", "f_emotion": "Bedrohung, körperlicher Verfall", "raum_emotion": {"ort": "Kutsche auf Küstenstraße", "emotion": "Bedrohung, körperlicher Verfall", "richtung": "ort_loest_emotion_aus"}, "route": null}}, {"type": "Feature", "geometry": {"type": "Point", "coordinates": [7.0128, 43.5513]}, "properties": {"id": 87, "zeile": 7, "tags": ["sound", "atmosphere"], "perspektive": "erzaehler", "text": "Forestier war am Ersticken, und jedesmal, wenn er aufatmen wollte, zerriß ihm der Husten, der aus se", "notiz": "Erzähler schildert Forestiers körperliche Qual von aussen — akustisch und körperlich.", "ort": "Küstenstraße bei Cannes", "valenz": null, "intensitaet": 3, "gewichtete_valenz": null, "f_wert": null, "f_emotion": null, "raum_emotion": null, "route": null}}, {"type": "Feature", "geometry": {"type": "Point", "coordinates": [7.0128, 43.5513]}, "properties": {"id": 88, "zeile": 9, "tags": ["move", "location"], "perspektive": "erzaehler", "text": "und der Kranke mußte aus dem Wagen in sein Zimmer hinaufgetragen werden.", "notiz": "Erzähler beschreibt die Bewegung Forestiers vom Wagen ins Zimmer.", "ort": "Unterkunft in Cannes (Zimmer)", "valenz": null, "intensitaet": null, "gewichtete_valenz": null, "f_wert": null, "f_emotion": null, "raum_emotion": null, "route": null}}, {"type": "Feature", "geometry": {"type": "Point", "coordinates": [7.0128, 43.5513]}, "properties": {"id": 89, "zeile": 10, "tags": ["george_duroy", "koerper_als_akteur", "mood"], "perspektive": "figur", "text": "Duroy hielt seine Beine und fühlte bei jedem krampf der Lungen das Zucken seiner Füße.", "notiz": "Duroy erlebt körperlich das Zucken von Forestiers Füssen — ein unmittelbares sensorisches Erleben des Sterbens.", "ort": "Unterkunft in Cannes", "valenz": null, "intensitaet": null, "gewichtete_valenz": null, "f_wert": "koerper_als_sensor", "f_emotion": "Bedrängnis, körperliche Nähe zum Sterben", "raum_emotion": {"ort": "Zimmer/Wagen in Cannes", "emotion": "Bedrängnis, körperliche Nähe zum Sterben", "richtung": "koerper_als_sensor"}, "route": null}}, {"type": "Feature", "geometry": {"type": "Point", "coordinates": [7.0128, 43.5513]}, "properties": {"id": 90, "zeile": 11, "tags": ["time", "atmosphere"], "perspektive": "erzaehler", "text": "Auch das warme Bett brachte keine Linderung und der Anfall dauerte bis Mitternacht an.", "notiz": "Erzähler gibt Tageszeit (Mitternacht) als neutrale Zeitangabe an und beschreibt die anhaltende Qual.", "ort": "Zimmer in Cannes", "valenz": null, "intensitaet": 2, "gewichtete_valenz": null, "f_wert": null, "f_emotion": null, "raum_emotion": null, "route": null}}, {"type": "Feature", "geometry": {"type": "Point", "coordinates": [7.0128, 43.5513]}, "properties": {"id": 91, "zeile": 12, "tags": ["time", "atmosphere"], "perspektive": "erzaehler", "text": "Endlich gelang es durch Betäubungsmittel den tödlichen Hustenkrampf einigermaßen zu beruhigen. Und d", "notiz": "Erzähler beschreibt das Ende des Anfalls und den Zustand bis zum Morgen als neutrale Zeitangabe.", "ort": "Zimmer in Cannes", "valenz": -1, "intensitaet": 2, "gewichtete_valenz": -2, "f_wert": null, "f_emotion": null, "raum_emotion": null, "route": null}}, {"type": "Feature", "geometry": {"type": "Point", "coordinates": [7.0128, 43.5513]}, "properties": {"id": 92, "zeile": 15, "tags": ["george_duroy", "atmosphere"], "perspektive": "erzaehler", "text": "Er stand zu diesem Zwecke auf, mußte aber sofort wieder ins Bett gelegt werden, und er begann so kur", "notiz": "Erzähler beschreibt von aussen, wie Frau Forestier Duroy wecken lässt — Duroy als passive Figur im Handlungsgefüge.", "ort": "Zimmer in Cannes", "valenz": null, "intensitaet": null, "gewichtete_valenz": null, "f_wert": "ort_loest_emotion_aus", "f_emotion": "Angst, Krisenstimmung", "raum_emotion": {"ort": "Zimmer in Cannes", "emotion": "Angst, Krisenstimmung", "richtung": "ort_loest_emotion_aus"}, "route": null}}, {"type": "Feature", "geometry": {"type": "Point", "coordinates": [7.0128, 43.5513]}, "properties": {"id": 93, "zeile": 16, "tags": ["george_duroy", "move"], "perspektive": "figur", "text": "Er erschien kurze Zeit darauf mit dem Doktor Gavaut, der eine Arzenei verschrieb und ein paar Ratsch", "notiz": "Duroy handelt aktiv — er holt den Arzt und kehrt mit ihm zurück.", "ort": "Cannes (Unterkunft und Umgebung)", "valenz": null, "intensitaet": null, "gewichtete_valenz": null, "f_wert": null, "f_emotion": null, "raum_emotion": null, "route": null}}, {"type": "Feature", "geometry": {"type": "Point", "coordinates": [7.0128, 43.5513]}, "properties": {"id": 94, "zeile": 1, "tags": ["george_duroy", "move"], "perspektive": "figur", "text": "Als ihn Duroy hinausbegleitete und ihn nach seiner Meinung fragte", "notiz": "Duroy begleitet den Arzt hinaus und handelt aktiv in der Situation.", "ort": "Wohnung Forestier (Cannes oder Paris, Kontext unklar)", "valenz": null, "intensitaet": null, "gewichtete_valenz": null, "f_wert": null, "f_emotion": null, "raum_emotion": null, "route": null}}, {"type": "Feature", "geometry": {"type": "Point", "coordinates": [7.0128, 43.5513]}, "properties": {"id": 95, "zeile": 3, "tags": ["george_duroy", "mood"], "perspektive": "figur", "text": "Duroy ließ Frau Forestier rufen. »Er wird sterben. Der Doktor rät, nach einem Priester zu schicken. ", "notiz": "Duroy handelt aktiv und überbringt die Todesnachricht an Frau Forestier.", "ort": "Wohnung Forestier", "valenz": null, "intensitaet": null, "gewichtete_valenz": null, "f_wert": null, "f_emotion": null, "raum_emotion": null, "route": null}}, {"type": "Feature", "geometry": {"type": "Point", "coordinates": [7.0128, 43.5513]}, "properties": {"id": 96, "zeile": 10, "tags": ["george_duroy", "move"], "perspektive": "erzaehler", "text": "Der junge Mann brachte einen liebenswürdigen, alten Geistlichen mit, der sich den Umständen anzupass", "notiz": "Maupassant beschreibt von aussen, wie Duroy den Priester holt und zum Sterbenden führt.", "ort": "Wohnung Forestier", "valenz": null, "intensitaet": null, "gewichtete_valenz": null, "f_wert": null, "f_emotion": null, "raum_emotion": null, "route": null}}, {"type": "Feature", "geometry": {"type": "Point", "coordinates": [7.0128, 43.5513]}, "properties": {"id": 97, "zeile": 12, "tags": ["space"], "perspektive": "erzaehler", "text": "Frau Forestier ging hinaus und setzte sich mit Duroy in das Zimmer nebenan.", "notiz": "Maupassant beschreibt die räumliche Anordnung — Frau Forestier und Duroy warten im Nebenzimmer.", "ort": "Nebenzimmer in der Wohnung Forestier", "valenz": null, "intensitaet": 1, "gewichtete_valenz": null, "f_wert": null, "f_emotion": null, "raum_emotion": null, "route": null}}, {"type": "Feature", "geometry": {"type": "Point", "coordinates": [7.0128, 43.5513]}, "properties": {"id": 98, "zeile": 20, "tags": ["sound"], "perspektive": "figur", "text": "Sie hörte die Stimme des Priesters; er sprach etwas laut, denn er war schwerhörig.", "notiz": "Duroy (und Frau Forestier) nehmen die laute Stimme des Priesters aus dem Nebenzimmer akustisch wahr.", "ort": "Nebenzimmer in der Wohnung Forestier", "valenz": -1, "intensitaet": 1, "gewichtete_valenz": -1, "f_wert": "ort_loest_emotion_aus", "f_emotion": "Bedrängnis durch das Hören des Sterbeprozesses", "raum_emotion": {"ort": "Nebenzimmer", "emotion": "Bedrängnis durch das Hören des Sterbeprozesses", "richtung": "ort_loest_emotion_aus"}, "route": null}}, {"type": "Feature", "geometry": {"type": "Point", "coordinates": [7.0128, 43.5513]}, "properties": {"id": 99, "zeile": 22, "tags": ["sound", "space"], "perspektive": "erzaehler", "text": "Was Forestier antwortete, konnten sie nicht hören.", "notiz": "Maupassant beschreibt die räumliche und akustische Trennung zwischen den Zimmern — Forestiers Antwort dringt nicht durch.", "ort": "Nebenzimmer in der Wohnung Forestier", "valenz": -1, "intensitaet": 1, "gewichtete_valenz": -1, "f_wert": null, "f_emotion": null, "raum_emotion": null, "route": null}}, {"type": "Feature", "geometry": {"type": "Point", "coordinates": [7.0128, 43.5513]}, "properties": {"id": 100, "zeile": 1, "tags": ["atmosphere", "time"], "perspektive": "erzaehler", "text": "Es folgte ein langes Schweigen.", "notiz": "Maupassant beschreibt die Stille als atmosphärische Pause zwischen den Figuren von aussen.", "ort": "Cannes (Haus Forestier)", "valenz": -1, "intensitaet": 2, "gewichtete_valenz": -2, "f_wert": null, "f_emotion": null, "raum_emotion": null, "route": null}}, {"type": "Feature", "geometry": {"type": "Point", "coordinates": [7.0128, 43.5513]}, "properties": {"id": 101, "zeile": 2, "tags": ["george_duroy", "mood"], "perspektive": "figur", "text": "Die junge Frau und Duroy rührten sich nicht mehr. Sie fühlten sich seltsam verwirrt und von einer än", "notiz": "Duroy erlebt zusammen mit Madeleine eine innere Verwirrtheit und ängstliche Spannung angesichts der Beichte des Sterbenden.", "ort": "Cannes (Haus Forestier)", "valenz": -1, "intensitaet": 2, "gewichtete_valenz": -2, "f_wert": "ort_loest_emotion_aus", "f_emotion": "ängstliche Spannung, Verwirrung", "raum_emotion": {"ort": "Sterbezimmer Forestier", "emotion": "ängstliche Spannung, Verwirrung", "richtung": "ort_loest_emotion_aus"}, "route": null}}, {"type": "Feature", "geometry": {"type": "Point", "coordinates": [7.0128, 43.5513]}, "properties": {"id": 102, "zeile": 3, "tags": ["location", "space", "smell"], "perspektive": "erzaehler", "text": "Sie gingen und setzten sich auf eine Bank vor der Tür, unter einem blühenden Rosenstrauch, hinter ei", "notiz": "Maupassant beschreibt den Garten mit konkreten räumlichen Details und dem starken Duft der Nelken als Kulisse.", "ort": "Garten des Hauses Forestier in Cannes", "valenz": null, "intensitaet": 2, "gewichtete_valenz": null, "f_wert": null, "f_emotion": null, "raum_emotion": null, "route": null}}, {"type": "Feature", "geometry": {"type": "Point", "coordinates": [2.3522, 48.8566]}, "properties": {"id": 103, "zeile": 4, "tags": ["george_duroy", "location_erinnerung"], "perspektive": "figur", "text": "Nach einer minutenlangen Pause fragte Duroy: »Wird es lange dauern, bis Sie nach Paris zurückkehren?", "notiz": "Duroy denkt an Paris und erkundigt sich nach Madeleines Rückkehr — Paris als Sehnsuchtspol in der Ferne.", "ort": "Paris (allgemein)", "valenz": null, "intensitaet": null, "gewichtete_valenz": null, "f_wert": "ort_loest_emotion_aus", "f_emotion": "Ungeduld, Sehnsucht nach Rückkehr", "raum_emotion": {"ort": "Paris", "emotion": "Ungeduld, Sehnsucht nach Rückkehr", "richtung": "ort_loest_emotion_aus"}, "route": null}}, {"type": "Feature", "geometry": {"type": "Point", "coordinates": [2.3522, 48.8566]}, "properties": {"id": 104, "zeile": 5, "tags": ["atmosphere", "space"], "perspektive": "erzaehler", "text": "Sie schauten beide einem Schmetterling zu, der auf den Nelken seine Nahrung suchte; er flog von eine", "notiz": "Maupassant beschreibt die stille Szene im Garten mit dem Schmetterling als atmosphärisches Bild der Wartezeit von aussen.", "ort": "Garten des Hauses Forestier in Cannes", "valenz": 0, "intensitaet": 1, "gewichtete_valenz": 0, "f_wert": "ort_loest_emotion_aus", "f_emotion": "Stille, Warten, Unausweichlichkeit des Todes", "raum_emotion": {"ort": "Garten Forestier", "emotion": "Stille, Warten, Unausweichlichkeit des Todes", "richtung": "ort_loest_emotion_aus"}, "route": null}}, {"type": "Feature", "geometry": {"type": "Point", "coordinates": [2.3522, 48.8566]}, "properties": {"id": 105, "zeile": 6, "tags": ["time", "atmosphere"], "perspektive": "erzaehler", "text": "Sie saßen und schwiegen eine lange Zeit.", "notiz": "Maupassant markiert die Dauer des Schweigens als neutrale Zeitangabe und atmosphärische Beschreibung des Wartens.", "ort": "Garten des Hauses Forestier in Cannes", "valenz": -1, "intensitaet": 1, "gewichtete_valenz": -1, "f_wert": null, "f_emotion": null, "raum_emotion": null, "route": null}}, {"type": "Feature", "geometry": {"type": "Point", "coordinates": [2.3522, 48.8566]}, "properties": {"id": 106, "zeile": 1, "tags": ["move"], "perspektive": "erzaehler", "text": "Sie gingen zusammen hinauf.", "notiz": "Neutrale Erzählerangabe der gemeinsamen Aufwärtsbewegung ins Zimmer.", "ort": "Zimmer Forestiers in Cannes (nicht Paris)", "valenz": null, "intensitaet": null, "gewichtete_valenz": null, "f_wert": null, "f_emotion": null, "raum_emotion": null, "route": null}}, {"type": "Feature", "geometry": {"type": "Point", "coordinates": [2.3522, 48.8566]}, "properties": {"id": 107, "zeile": 1, "tags": ["george_duroy", "social"], "perspektive": "erzaehler", "text": "Forestier schien seit gestern noch magerer geworden zu sein.", "notiz": "Maupassant beschreibt Forestiers körperlichen Verfall von außen, sichtbar für die Anwesenden.", "ort": "Zimmer Forestiers", "valenz": null, "intensitaet": 2, "gewichtete_valenz": null, "f_wert": null, "f_emotion": null, "raum_emotion": null, "route": null}}, {"type": "Feature", "geometry": {"type": "Point", "coordinates": [2.3522, 48.8566]}, "properties": {"id": 108, "zeile": 3, "tags": ["atmosphere", "material"], "perspektive": "erzaehler", "text": "Er weinte. Große Tränen rannen aus seinen Augen über die fleischlosen Backen, und die eingefallenen ", "notiz": "Maupassant beschreibt Forestiers Weinen und körperlichen Verfall detailliert von außen als bewegendes Stimmungsbild.", "ort": "Zimmer Forestiers", "valenz": -1, "intensitaet": 3, "gewichtete_valenz": -3, "f_wert": "ort_loest_emotion_aus", "f_emotion": "Schrecken und Mitleid", "raum_emotion": {"ort": "Sterbezimmer", "emotion": "Schrecken und Mitleid", "richtung": "ort_loest_emotion_aus"}, "route": null}}, {"type": "Feature", "geometry": {"type": "Point", "coordinates": [2.3522, 48.8566]}, "properties": {"id": 109, "zeile": 4, "tags": ["material", "atmosphere"], "perspektive": "erzaehler", "text": "Und nun sanken seine Hände auf das Bett und bewegten sich hier fortwährend langsam und regelmäßig, a", "notiz": "Maupassant beschreibt die unruhige Handbewegung des Sterbenden als schauriges Stimmungsbild von außen.", "ort": "Zimmer Forestiers", "valenz": -1, "intensitaet": 2, "gewichtete_valenz": -2, "f_wert": null, "f_emotion": null, "raum_emotion": null, "route": null}}, {"type": "Feature", "geometry": {"type": "Point", "coordinates": [2.3522, 48.8566]}, "properties": {"id": 110, "zeile": 5, "tags": ["sound", "atmosphere"], "perspektive": "erzaehler", "text": "Forestier atmete so schnell wie ein Hund, der eben gelaufen ist. Die Atemzüge gingen so hastig, daß ", "notiz": "Maupassant beschreibt das agonale Atmen Forestiers als sensorische Kulisse des Sterbens.", "ort": "Zimmer Forestiers", "valenz": -1, "intensitaet": 2, "gewichtete_valenz": -2, "f_wert": "ort_loest_emotion_aus", "f_emotion": "Schrecken, Beklemmung", "raum_emotion": {"ort": "Sterbezimmer", "emotion": "Schrecken, Beklemmung", "richtung": "ort_loest_emotion_aus"}, "route": null}}, {"type": "Feature", "geometry": {"type": "Point", "coordinates": [2.3522, 48.8566]}, "properties": {"id": 111, "zeile": 7, "tags": ["atmosphere", "mood"], "perspektive": "erzaehler", "text": "Er starrte vor sich hin und sah etwas, was für die andern unsichtbar blieb, etwas Furchtbares, denn ", "notiz": "Maupassant beschreibt von außen den ins Leere gerichteten Blick des Sterbenden als Stimmungsbild des Todes.", "ort": "Zimmer Forestiers", "valenz": -1, "intensitaet": 3, "gewichtete_valenz": -3, "f_wert": "ort_loest_emotion_aus", "f_emotion": "Grauen, Todesangst", "raum_emotion": {"ort": "Sterbezimmer", "emotion": "Grauen, Todesangst", "richtung": "ort_loest_emotion_aus"}, "route": null}}, {"type": "Feature", "geometry": {"type": "Point", "coordinates": [2.3522, 48.8566]}, "properties": {"id": 112, "zeile": 8, "tags": ["atmosphere", "material"], "perspektive": "erzaehler", "text": "Seine beiden Hände fuhren mit ihrer schrecklichen, ermüdenden Gebärde fort.", "notiz": "Maupassant beschreibt die repetitive Sterbegeste Forestiers von außen als bedrückende Kulisse.", "ort": "Zimmer Forestiers", "valenz": -1, "intensitaet": 2, "gewichtete_valenz": -2, "f_wert": null, "f_emotion": null, "raum_emotion": null, "route": null}}, {"type": "Feature", "geometry": {"type": "Point", "coordinates": [2.3522, 48.8566]}, "properties": {"id": 113, "zeile": 9, "tags": ["atmosphere"], "perspektive": "erzaehler", "text": "Plötzlich überfiel ihn ein furchtbarer Krampf, der seinen Körper von Kopf bis zu Fuß erbeben ließ.", "notiz": "Maupassant beschreibt den finalen Krampf Forestiers als dramatischen äußeren Vorgang.", "ort": "Zimmer Forestiers", "valenz": -1, "intensitaet": 3, "gewichtete_valenz": -3, "f_wert": null, "f_emotion": null, "raum_emotion": null, "route": null}}, {"type": "Feature", "geometry": {"type": "Point", "coordinates": [2.3522, 48.8566]}, "properties": {"id": 114, "zeile": 10, "tags": ["atmosphere"], "perspektive": "erzaehler", "text": "Er sprach nichts mehr und blieb unbeweglich, verstört und röchelnd liegen.", "notiz": "Maupassant beschreibt den Zustand des Sterbenden nach dem Krampf von außen — Stille und Verfall.", "ort": "Zimmer Forestiers", "valenz": -1, "intensitaet": 2, "gewichtete_valenz": -2, "f_wert": "ort_loest_emotion_aus", "f_emotion": "Stille, Schrecken", "raum_emotion": {"ort": "Sterbezimmer", "emotion": "Stille, Schrecken", "richtung": "ort_loest_emotion_aus"}, "route": null}}, {"type": "Feature", "geometry": {"type": "Point", "coordinates": [2.3522, 48.8566]}, "properties": {"id": 115, "zeile": 11, "tags": ["time", "sound", "location"], "perspektive": "erzaehler", "text": "Die Zeit verging; die Uhr eines nahegelegenen Klosters schlug zwölf.", "notiz": "Neutrale Zeitangabe durch Maupassant — Mitternacht schlägt, markiert durch den Klosterglockenklang als atmosphärische Kulisse.", "ort": "Kloster in der Nähe des Sterbeortes (Cannes)", "valenz": null, "intensitaet": 1, "gewichtete_valenz": null, "f_wert": "ort_loest_emotion_aus", "f_emotion": "Schwere, Unausweichlichkeit des Todes", "raum_emotion": {"ort": "Sterbezimmer / nahe Kloster", "emotion": "Schwere, Unausweichlichkeit des Todes", "richtung": "ort_loest_emotion_aus"}, "route": null}}, {"type": "Feature", "geometry": {"type": "Point", "coordinates": [2.3522, 48.8566]}, "properties": {"id": 116, "zeile": 1, "tags": ["move", "location"], "perspektive": "erzaehler", "text": "Duroy verließ das Zimmer, um etwas zu essen.", "notiz": "Duroy verlässt das Krankenzimmer — neutrale Erzählerangabe zur Bewegung.", "ort": "Krankenzimmer Forestier, Cannes", "valenz": null, "intensitaet": null, "gewichtete_valenz": null, "f_wert": null, "f_emotion": null, "raum_emotion": null, "route": null}}, {"type": "Feature", "geometry": {"type": "Point", "coordinates": [2.3522, 48.8566]}, "properties": {"id": 117, "zeile": 2, "tags": ["time"], "perspektive": "erzaehler", "text": "Nach einer Stunde war er wieder da.", "notiz": "Neutrale Zeitangabe durch den Erzähler ohne emotionalen Bezug.", "ort": "Krankenzimmer Forestier, Cannes", "valenz": null, "intensitaet": 1, "gewichtete_valenz": null, "f_wert": null, "f_emotion": null, "raum_emotion": null, "route": null}}, {"type": "Feature", "geometry": {"type": "Point", "coordinates": [2.3522, 48.8566]}, "properties": {"id": 118, "zeile": 3, "tags": ["material", "atmosphere"], "perspektive": "erzaehler", "text": "Der Kranke hatte sich nicht gerührt. Er fuhr noch immer mit seinen mageren Fingern über die Bettdeck", "notiz": "Der Erzähler beschreibt die körperlichen Zeichen des Sterbenden von aussen — düstere, beklemmende Atmosphäre.", "ort": "Krankenzimmer Forestier, Cannes", "valenz": -1, "intensitaet": 2, "gewichtete_valenz": -2, "f_wert": "ort_loest_emotion_aus", "f_emotion": "Beklemmung, Sterbensnähe", "raum_emotion": {"ort": "Krankenzimmer", "emotion": "Beklemmung, Sterbensnähe", "richtung": "ort_loest_emotion_aus"}, "route": null}}, {"type": "Feature", "geometry": {"type": "Point", "coordinates": [2.3522, 48.8566]}, "properties": {"id": 119, "zeile": 4, "tags": ["space", "george_duroy"], "perspektive": "erzaehler", "text": "Die junge Frau saß in einem Lehnstuhl am Fuße des Bettes. Duroy nahm sich einen anderen und setzte s", "notiz": "Erzähler schildert die räumliche Anordnung der Figuren im Krankenzimmer beim stillen Warten.", "ort": "Krankenzimmer Forestier, Cannes", "valenz": null, "intensitaet": null, "gewichtete_valenz": null, "f_wert": "ort_loest_emotion_aus", "f_emotion": "Stille, Erwartung", "raum_emotion": {"ort": "Krankenzimmer", "emotion": "Stille, Erwartung", "richtung": "ort_loest_emotion_aus"}, "route": null}}, {"type": "Feature", "geometry": {"type": "Point", "coordinates": [2.3522, 48.8566]}, "properties": {"id": 120, "zeile": 5, "tags": ["george_duroy", "mood"], "perspektive": "figur", "text": "Duroy begann auch schläfrig zu werden, als er plötzlich das Gefühl hatte, daß etwas geschehen müßte.", "notiz": "Duroy erlebt subjektiv Schläfrigkeit und dann eine plötzliche innere Ahnung — innere Wahrnehmung.", "ort": "Krankenzimmer Forestier, Cannes", "valenz": null, "intensitaet": null, "gewichtete_valenz": null, "f_wert": "ort_loest_emotion_aus", "f_emotion": "Ahnung, Unruhe", "raum_emotion": {"ort": "Krankenzimmer", "emotion": "Ahnung, Unruhe", "richtung": "ort_loest_emotion_aus"}, "route": null}}, {"type": "Feature", "geometry": {"type": "Point", "coordinates": [2.3522, 48.8566]}, "properties": {"id": 121, "zeile": 6, "tags": ["george_duroy", "atmosphere", "material"], "perspektive": "figur", "text": "Er öffnete die Augen gerade noch früh genug, um zu sehen, wie Forestier die seinen wie zwei erlösche", "notiz": "Duroy beobachtet aus seiner Perspektive den Sterbevorgang Forestiers — visuelle Wahrnehmung des Todes.", "ort": "Krankenzimmer Forestier, Cannes", "valenz": null, "intensitaet": 2, "gewichtete_valenz": null, "f_wert": "ort_loest_emotion_aus", "f_emotion": "Schrecken, Erschütterung", "raum_emotion": {"ort": "Krankenzimmer", "emotion": "Schrecken, Erschütterung", "richtung": "ort_loest_emotion_aus"}, "route": null}}, {"type": "Feature", "geometry": {"type": "Point", "coordinates": [2.3522, 48.8566]}, "properties": {"id": 122, "zeile": 7, "tags": ["george_duroy", "mood", "koerper_als_akteur"], "perspektive": "figur", "text": "Georges machte vor Schreck und Entsetzen mechanisch das Zeichen des Kreuzes.", "notiz": "Duroys Körper reagiert reflexartig aus Schreck und Entsetzen — körperliche Handlung als emotionaler Ausdruck.", "ort": "Krankenzimmer Forestier, Cannes", "valenz": null, "intensitaet": null, "gewichtete_valenz": null, "f_wert": "ort_loest_emotion_aus", "f_emotion": "Schreck, Entsetzen", "raum_emotion": {"ort": "Krankenzimmer", "emotion": "Schreck, Entsetzen", "richtung": "ort_loest_emotion_aus"}, "route": null}}, {"type": "Feature", "geometry": {"type": "Point", "coordinates": [2.3522, 48.8566]}, "properties": {"id": 123, "zeile": 8, "tags": ["george_duroy", "mood"], "perspektive": "figur", "text": "Duroy, der seine Kaltblütigkeit wiedergewonnen hatte, murmelte mit einem Seufzer der Erleichterung: ", "notiz": "Duroy erlebt innerlich Erleichterung nach dem Tod Forestiers — moralisch ambivalenter innerer Zustand.", "ort": "Krankenzimmer Forestier, Cannes", "valenz": null, "intensitaet": null, "gewichtete_valenz": null, "f_wert": null, "f_emotion": null, "raum_emotion": null, "route": null}}, {"type": "Feature", "geometry": {"type": "Point", "coordinates": [2.3522, 48.8566]}, "properties": {"id": 124, "zeile": 9, "tags": ["time", "george_duroy"], "perspektive": "erzaehler", "text": "Als die erste Bestürzung vorüber war und die ersten Tränen geflossen waren, beschäftigte man sich mi", "notiz": "Neutrale Erzählerangabe zu den Abläufen nach dem Tod und zur Zeitdauer bis in die Nacht.", "ort": "Cannes, Haus Forestier", "valenz": null, "intensitaet": 1, "gewichtete_valenz": null, "f_wert": null, "f_emotion": null, "raum_emotion": null, "route": null}}, {"type": "Feature", "geometry": {"type": "Point", "coordinates": [2.3522, 48.8566]}, "properties": {"id": 125, "zeile": 10, "tags": ["george_duroy", "koerper_als_akteur"], "perspektive": "figur", "text": "Als er heimkehrte, war er sehr hungrig.", "notiz": "Duroy spürt körperlichen Hunger nach dem langen Wachen — Körper als Sensor.", "ort": "Cannes, Haus Forestier", "valenz": null, "intensitaet": null, "gewichtete_valenz": null, "f_wert": "koerper_als_sensor", "f_emotion": "körperliche Erschöpfung, Hunger", "raum_emotion": {"ort": "Haus Forestier", "emotion": "körperliche Erschöpfung, Hunger", "richtung": "koerper_als_sensor"}, "route": null}}, {"type": "Feature", "geometry": {"type": "Point", "coordinates": [2.3522, 48.8566]}, "properties": {"id": 126, "zeile": 11, "tags": ["space", "atmosphere", "material", "smell"], "perspektive": "erzaehler", "text": "Dann setzten sie sich beide in das Trauergemach, um an der Leiche zu wachen. Zwei Kerzen brannten au", "notiz": "Erzähler beschreibt das Trauergemach mit symbolisch aufgeladenen Objekten — karge Totenwacht-Atmosphäre.", "ort": "Trauergemach, Haus Forestier, Cannes", "valenz": null, "intensitaet": 2, "gewichtete_valenz": null, "f_wert": "ort_loest_emotion_aus", "f_emotion": "Trauer, Stille, Endlichkeit", "raum_emotion": {"ort": "Trauergemach", "emotion": "Trauer, Stille, Endlichkeit", "richtung": "ort_loest_emotion_aus"}, "route": null}}, {"type": "Feature", "geometry": {"type": "Point", "coordinates": [2.3522, 48.8566]}, "properties": {"id": 127, "zeile": 1, "tags": ["space", "atmosphere"], "perspektive": "erzaehler", "text": "Sie saßen jetzt allein, der junge Mann und die junge Frau neben ihm, der nicht mehr auf dieser Welt ", "notiz": "Der Erzähler beschreibt die isolierte Situation der beiden neben dem Toten.", "ort": "Sterbezimmer Forestiers (Cannes)", "valenz": null, "intensitaet": 2, "gewichtete_valenz": null, "f_wert": "ort_loest_emotion_aus", "f_emotion": "Einsamkeit, Stille", "raum_emotion": {"ort": "Sterbezimmer", "emotion": "Einsamkeit, Stille", "richtung": "ort_loest_emotion_aus"}, "route": null}}, {"type": "Feature", "geometry": {"type": "Point", "coordinates": [2.3522, 48.8566]}, "properties": {"id": 128, "zeile": 2, "tags": ["george_duroy", "atmosphere", "mood"], "perspektive": "figur", "text": "Georges besonders, den die Finsternis um die Leiche beängstigte, konnte den Blick nicht von ihr wend", "notiz": "Duroy erlebt die Dunkelheit um die Leiche als beängstigend und ist von ihr gefesselt.", "ort": "Sterbezimmer Forestiers (Cannes)", "valenz": -1, "intensitaet": 2, "gewichtete_valenz": -2, "f_wert": "ort_loest_emotion_aus", "f_emotion": "Angst, Faszination", "raum_emotion": {"ort": "Sterbezimmer", "emotion": "Angst, Faszination", "richtung": "ort_loest_emotion_aus"}, "route": null}}, {"type": "Feature", "geometry": {"type": "Point", "coordinates": [2.3522, 48.8566]}, "properties": {"id": 129, "zeile": 3, "tags": ["george_duroy", "material", "atmosphere", "mood"], "perspektive": "figur", "text": "Seine Augen und seine Gedanken wurden angezogen und fasziniert von diesem fleischlosen Gesicht, das ", "notiz": "Duroy nimmt das Gesicht des Toten im Kerzenlicht wahr — physische Details erzeugen eine unheimliche Faszination.", "ort": "Sterbezimmer Forestiers (Cannes)", "valenz": null, "intensitaet": 2, "gewichtete_valenz": null, "f_wert": "ort_loest_emotion_aus", "f_emotion": "Faszination, Schrecken", "raum_emotion": {"ort": "Sterbezimmer", "emotion": "Faszination, Schrecken", "richtung": "ort_loest_emotion_aus"}, "route": null}}, {"type": "Feature", "geometry": {"type": "Point", "coordinates": [2.3522, 48.8566]}, "properties": {"id": 130, "zeile": 4, "tags": ["george_duroy", "mood"], "perspektive": "figur", "text": "Das war sein Freund Charles Forestier, der gestern noch mit ihm gesprochen hatte! Wie unbegreiflich ", "notiz": "Duroy begreift den Tod Forestiers und empfindet Unbegreiflichkeit und Grauen.", "ort": "Sterbezimmer Forestiers (Cannes)", "valenz": -1, "intensitaet": 2, "gewichtete_valenz": -2, "f_wert": "ort_loest_emotion_aus", "f_emotion": "Entsetzen, Fassungslosigkeit", "raum_emotion": {"ort": "Sterbezimmer", "emotion": "Entsetzen, Fassungslosigkeit", "richtung": "ort_loest_emotion_aus"}, "route": null}}, {"type": "Feature", "geometry": {"type": "Point", "coordinates": [2.3522, 48.8566]}, "properties": {"id": 131, "zeile": 5, "tags": ["george_duroy", "mood", "location_erinnerung"], "perspektive": "figur", "text": "Oh, jetzt dachte er an die Worte Norbert de Varennes, den die Furcht vor dem Tode so quälte", "notiz": "Duroy erinnert sich an de Varennes' Worte über den Tod — eine persönliche gedankliche Erinnerung.", "ort": "unbestimmt (Erinnerung an frühere Begegnung)", "valenz": -1, "intensitaet": 1, "gewichtete_valenz": -1, "f_wert": "ort_loest_emotion_aus", "f_emotion": "Todesangst, existenzielle Beunruhigung", "raum_emotion": {"ort": null, "emotion": "Todesangst, existenzielle Beunruhigung", "richtung": "ort_loest_emotion_aus"}, "route": null}}, {"type": "Feature", "geometry": {"type": "Point", "coordinates": [2.3522, 48.8566]}, "properties": {"id": 132, "zeile": 6, "tags": ["george_duroy", "mood", "atmosphere"], "perspektive": "figur", "text": "Ein dumpfes, unendliches Grauen lastete vernichtend auf der Seele Duroys, der Schrecken vor dem gren", "notiz": "Duroys Seele wird von existenziellem Grauen und Todesschrecken überwältigt.", "ort": "Sterbezimmer Forestiers (Cannes)", "valenz": -1, "intensitaet": 3, "gewichtete_valenz": -3, "f_wert": "ort_loest_emotion_aus", "f_emotion": "existenzielles Grauen, Vernichtungsangst", "raum_emotion": {"ort": "Sterbezimmer", "emotion": "existenzielles Grauen, Vernichtungsangst", "richtung": "ort_loest_emotion_aus"}, "route": null}}, {"type": "Feature", "geometry": {"type": "Point", "coordinates": [2.3522, 48.8566]}, "properties": {"id": 133, "zeile": 7, "tags": ["george_duroy", "koerper_als_akteur", "mood"], "perspektive": "figur", "text": "Und er beugte schon die Stirn vor dieser entsetzlichen dauernden Drohung.", "notiz": "Duroys körperliche Geste des Neigens drückt die Unterwerfung unter die Macht des Todes aus.", "ort": "Sterbezimmer Forestiers (Cannes)", "valenz": null, "intensitaet": null, "gewichtete_valenz": null, "f_wert": "koerper_als_sensor", "f_emotion": "Unterwerfung, Schrecken", "raum_emotion": {"ort": "Sterbezimmer", "emotion": "Unterwerfung, Schrecken", "richtung": "koerper_als_sensor"}, "route": null}}, {"type": "Feature", "geometry": {"type": "Point", "coordinates": [2.3522, 48.8566]}, "properties": {"id": 134, "zeile": 1, "tags": ["george_duroy", "mood"], "perspektive": "figur", "text": "Er dachte an die Fliegen, die ein paar Stunden leben, an die Tiere, die Tage, an die Menschen, die e", "notiz": "Duroy verfällt angesichts des Todes in existenzielle Grübeleien über die Vergänglichkeit des Lebens.", "ort": "Sterbezimmer Forestier, Cannes", "valenz": -1, "intensitaet": 2, "gewichtete_valenz": -2, "f_wert": "ort_loest_emotion_aus", "f_emotion": "Vergänglichkeit, existenzielle Leere", "raum_emotion": {"ort": "Sterbezimmer", "emotion": "Vergänglichkeit, existenzielle Leere", "richtung": "ort_loest_emotion_aus"}, "route": null}}, {"type": "Feature", "geometry": {"type": "Point", "coordinates": [2.3522, 48.8566]}, "properties": {"id": 135, "zeile": 4, "tags": ["george_duroy", "koerper_als_akteur", "mood"], "perspektive": "figur", "text": "Er wandte die Augen ab, um die Leiche nicht mehr sehen zu müssen.", "notiz": "Duroy wendet sich körperlich vom Anblick der Leiche ab — eine physische Reaktion auf emotionale Überwältigung.", "ort": "Sterbezimmer Forestier, Cannes", "valenz": null, "intensitaet": null, "gewichtete_valenz": null, "f_wert": "ort_loest_emotion_aus", "f_emotion": "Abscheu, Unbehagen", "raum_emotion": {"ort": "Sterbezimmer", "emotion": "Abscheu, Unbehagen", "richtung": "ort_loest_emotion_aus"}, "route": null}}, {"type": "Feature", "geometry": {"type": "Point", "coordinates": [2.3522, 48.8566]}, "properties": {"id": 136, "zeile": 5, "tags": ["atmosphere", "social"], "perspektive": "erzaehler", "text": "Madame Forestier saß mit gesenktem Kopf da und schien ebenfalls in schmerzliche Gedanken versunken z", "notiz": "Maupassant beschreibt Madame Forestier von aussen als in Trauer versunkene Figur im Trauerraum.", "ort": "Sterbezimmer Forestier, Cannes", "valenz": -1, "intensitaet": 2, "gewichtete_valenz": -2, "f_wert": null, "f_emotion": null, "raum_emotion": null, "route": null}}, {"type": "Feature", "geometry": {"type": "Point", "coordinates": [2.3522, 48.8566]}, "properties": {"id": 137, "zeile": 6, "tags": ["george_duroy", "mood"], "perspektive": "figur", "text": "Ihre blonden Haare über dem traurigen Gesicht sahen so schön und reizvoll aus, daß eine süße Empfind", "notiz": "Duroys Wahrnehmung von Madame Forestiers Schönheit löst trotz der Todesstimmung eine Hoffnungsempfindung in ihm aus.", "ort": "Sterbezimmer Forestier, Cannes", "valenz": null, "intensitaet": null, "gewichtete_valenz": null, "f_wert": "ort_loest_emotion_aus", "f_emotion": "aufkeimende Hoffnung, Begehren", "raum_emotion": {"ort": "Sterbezimmer", "emotion": "aufkeimende Hoffnung, Begehren", "richtung": "ort_loest_emotion_aus"}, "route": null}}, {"type": "Feature", "geometry": {"type": "Point", "coordinates": [2.3522, 48.8566]}, "properties": {"id": 138, "zeile": 7, "tags": ["george_duroy", "mood", "time"], "perspektive": "figur", "text": "Warum verzweifeln, wenn man noch so viele Jahre vor sich hatte? Er betrachtete sie aufmerksam.", "notiz": "Duroy erlebt Zeit als emotionale Ressource — die Zukunft kontrastiert mit der Gegenwart des Todes und nährt seinen Optimismus.", "ort": "Sterbezimmer Forestier, Cannes", "valenz": null, "intensitaet": null, "gewichtete_valenz": null, "f_wert": "emotion_faerbt_raum", "f_emotion": "Zuversicht, Lebenswille", "raum_emotion": {"ort": "Sterbezimmer", "emotion": "Zuversicht, Lebenswille", "richtung": "emotion_faerbt_raum"}, "route": null}}, {"type": "Feature", "geometry": {"type": "Point", "coordinates": [2.3522, 48.8566]}, "properties": {"id": 139, "zeile": 9, "tags": ["george_duroy", "mood"], "perspektive": "figur", "text": "Er sagte sich: »Das einzig Gute und Schöne im Leben ist: die Liebe! Ein geliebtes Weib in seinen Arm", "notiz": "Duroy formuliert angesichts des Todes eine innere Überzeugung über den Wert der Liebe als höchstes Lebensgut.", "ort": "Sterbezimmer Forestier, Cannes", "valenz": null, "intensitaet": null, "gewichtete_valenz": null, "f_wert": "ort_loest_emotion_aus", "f_emotion": "Sehnsucht nach Liebe, Lebenshunger", "raum_emotion": {"ort": "Sterbezimmer", "emotion": "Sehnsucht nach Liebe, Lebenshunger", "richtung": "ort_loest_emotion_aus"}, "route": null}}, {"type": "Feature", "geometry": {"type": "Point", "coordinates": [2.3522, 48.8566]}, "properties": {"id": 140, "zeile": 11, "tags": ["george_duroy", "mood", "social"], "perspektive": "figur", "text": "Welches Glück hatte der Tote gehabt, daß er eine so kluge und reizende Kameradin gefunden hatte. Wie", "notiz": "Duroy grübelt über Forestiers sozialen Aufstieg durch die Ehe und vergleicht sich implizit mit dem Verstorbenen.", "ort": "Sterbezimmer Forestier, Cannes", "valenz": null, "intensitaet": null, "gewichtete_valenz": null, "f_wert": null, "f_emotion": null, "raum_emotion": null, "route": null}}, {"type": "Feature", "geometry": {"type": "Point", "coordinates": [2.3522, 48.8566]}, "properties": {"id": 141, "zeile": 13, "tags": ["george_duroy", "social"], "perspektive": "figur", "text": "Er erinnerte sich an alle Gerüchte über den Grafen de Vaudrec, der sie angeblich ausgestattet und ve", "notiz": "Duroy erinnert sich an gesellschaftliche Gerüchte über Madame Forestiers Herkunft und soziale Stellung.", "ort": "Sterbezimmer Forestier, Cannes", "valenz": null, "intensitaet": null, "gewichtete_valenz": null, "f_wert": null, "f_emotion": null, "raum_emotion": null, "route": null}}, {"type": "Feature", "geometry": {"type": "Point", "coordinates": [2.3522, 48.8566]}, "properties": {"id": 142, "zeile": 15, "tags": ["george_duroy", "mood", "social"], "perspektive": "figur", "text": "Was würde sie nun anfangen? Wen würde sie heiraten? Einen Abgeordneten, wie Madame de Marelle meinte", "notiz": "Duroy spekuliert über Madame Forestiers Zukunft und verrät dabei sein eigenes Interesse an ihr als möglicher Partnerin.", "ort": "Sterbezimmer Forestier, Cannes", "valenz": null, "intensitaet": null, "gewichtete_valenz": null, "f_wert": null, "f_emotion": null, "raum_emotion": null, "route": null}}, {"type": "Feature", "geometry": {"type": "Point", "coordinates": [2.3522, 48.8566]}, "properties": {"id": 143, "zeile": 17, "tags": ["george_duroy", "mood"], "perspektive": "figur", "text": "Er dachte darüber nach und es wurde ihm klar, daß seine Beunruhigung aus jenen dunklen, verborgenen ", "notiz": "Duroy erkennt durch Selbstreflexion, dass seine Grübeleien über Madame Forestiers Zukunft verborgenes eigenes Begehren sind.", "ort": "Sterbezimmer Forestier, Cannes", "valenz": null, "intensitaet": null, "gewichtete_valenz": null, "f_wert": "ort_loest_emotion_aus", "f_emotion": "verborgenes Begehren, Selbsterkenntnis", "raum_emotion": {"ort": "Sterbezimmer", "emotion": "verborgenes Begehren, Selbsterkenntnis", "richtung": "ort_loest_emotion_aus"}, "route": null}}, {"type": "Feature", "geometry": {"type": "Point", "coordinates": [2.3522, 48.8566]}, "properties": {"id": 144, "zeile": 1, "tags": ["george_duroy", "mood", "social"], "perspektive": "figur", "text": "warum sollte er nicht versuchen, sie zu erobern? Wie stark und unüberwindlich würde er an ihrer Seit", "notiz": "Duroy kalkuliert innerlich seinen sozialen Aufstieg durch eine mögliche Verbindung mit der Witwe — inneres Erleben von Ehrgeiz und Statusdenken.", "ort": "unbestimmt (Zimmer des Sterbenden)", "valenz": null, "intensitaet": null, "gewichtete_valenz": null, "f_wert": null, "f_emotion": null, "raum_emotion": null, "route": null}}, {"type": "Feature", "geometry": {"type": "Point", "coordinates": [2.3522, 48.8566]}, "properties": {"id": 145, "zeile": 2, "tags": ["george_duroy", "mood"], "perspektive": "figur", "text": "Er wußte ganz genau, daß er ihr gefiel, daß sie mehr für ihn empfand als bloß Sympathie, daß sie ein", "notiz": "Duroy ist überzeugt von der gegenseitigen Anziehung — inneres Gewissheitsgefühl als emotionaler Zustand.", "ort": "unbestimmt (Zimmer des Sterbenden)", "valenz": null, "intensitaet": null, "gewichtete_valenz": null, "f_wert": null, "f_emotion": null, "raum_emotion": null, "route": null}}, {"type": "Feature", "geometry": {"type": "Point", "coordinates": [2.3522, 48.8566]}, "properties": {"id": 146, "zeile": 3, "tags": ["george_duroy", "mood", "time"], "perspektive": "figur", "text": "Eine ungeduldige Neugier quälte ihn, er wollte sie befragen, ihre Absichten kennenlernen.", "notiz": "Duroy erlebt Ungeduld und innere Dringlichkeit — Zeitdruck als emotionaler Zustand.", "ort": "unbestimmt (Zimmer des Sterbenden)", "valenz": null, "intensitaet": null, "gewichtete_valenz": null, "f_wert": "ort_loest_emotion_aus", "f_emotion": "ungeduldige Neugier, innere Dringlichkeit", "raum_emotion": {"ort": "Zimmer des Sterbenden", "emotion": "ungeduldige Neugier, innere Dringlichkeit", "richtung": "ort_loest_emotion_aus"}, "route": null}}, {"type": "Feature", "geometry": {"type": "Point", "coordinates": [2.3522, 48.8566]}, "properties": {"id": 147, "zeile": 4, "tags": ["george_duroy", "mood", "time", "move"], "perspektive": "figur", "text": "Übermorgen würde er abreisen, denn er konnte nicht allein in einem Hause mit dieser Frau wohnen. Er ", "notiz": "Duroy plant die Abreise nach Paris und erlebt zeitlichen Druck — Bewegung und Kalkül verbinden sich mit emotionaler Dringlichkeit.", "ort": "Paris (als Ziel der Rückkehr)", "valenz": null, "intensitaet": null, "gewichtete_valenz": null, "f_wert": "ort_loest_emotion_aus", "f_emotion": "Dringlichkeit, strategisches Kalkül", "raum_emotion": {"ort": "Paris (Rückkehrziel)", "emotion": "Dringlichkeit, strategisches Kalkül", "richtung": "ort_loest_emotion_aus"}, "route": [[2.3521393, 48.8570375], [2.3521879, 48.8571248], [2.3522467, 48.8572349], [2.3524016, 48.8572028], [2.3535014, 48.8569356], [2.3536092, 48.8568941], [2.3539151, 48.8568172], [2.3539377, 48.8568411], [2.3553342, 48.8565107], [2.3557419, 48.8564035], [2.3557684, 48.856401], [2.3564148, 48.8562512], [2.3564594, 48.8562298], [2.3566371, 48.856186], [2.3567159, 48.856175], [2.3570056, 48.8561092], [2.3571632, 48.8560653], [2.357779, 48.8559247], [2.3578585, 48.8559056], [2.3580161, 48.8558678], [2.3580463, 48.8558606], [2.358794, 48.8556808], [2.3590736, 48.8556131], [2.3595198, 48.8554182], [2.3596603, 48.8553968], [2.3596408, 48.8553464], [2.3596288, 48.8553132], [2.3600944, 48.8552216], [2.3614329, 48.8549466], [2.3615036, 48.8549283], [2.3616214, 48.8548979], [2.3617424, 48.8548668], [2.3618141, 48.85485], [2.362204, 48.8547565], [2.3625931, 48.8546091], [2.3626214, 48.8545911], [2.3627076, 48.8545584], [2.3630228, 48.8544503], [2.363527, 48.8542676], [2.3636115, 48.8542301], [2.3636642, 48.8542065], [2.3637342, 48.8541794], [2.3637979, 48.8541679], [2.3645704, 48.8539089], [2.3645686, 48.8538821], [2.3646658, 48.8538767], [2.3647112, 48.8538599], [2.36495, 48.853799], [2.3652155, 48.853736], [2.365475, 48.8536596], [2.3655065, 48.8536296], [2.3656134, 48.8536181], [2.3657171, 48.8535957], [2.3662106, 48.8535061], [2.36638, 48.8534649], [2.3664252, 48.8534443], [2.3665519, 48.8534214], [2.3667182, 48.8534024], [2.3670374, 48.8533543], [2.3671393, 48.8533481], [2.3672962, 48.8533287], [2.3675276, 48.8532842], [2.3676731, 48.853255], [2.3682031, 48.8532019], [2.3682514, 48.8531668], [2.3687993, 48.8530791], [2.3691574, 48.8530035], [2.3694012, 48.853181], [2.3700133, 48.8530881], [2.3702574, 48.8531151], [2.3721765, 48.8513838], [2.3722725, 48.8512919], [2.3730871, 48.8505975], [2.3730931, 48.8505349], [2.3731796, 48.8504795], [2.373246, 48.8504647], [2.3736393, 48.8501159], [2.3737759, 48.8499992], [2.3741516, 48.8496692], [2.3740755, 48.8496319], [2.3742747, 48.8494816], [2.3743236, 48.8495178], [2.3746834, 48.8491835], [2.3746673, 48.8491434], [2.3747491, 48.8490929], [2.3747879, 48.8490757], [2.3749707, 48.8489136], [2.3757069, 48.8484848], [2.3758421, 48.8484057], [2.3759132, 48.848335], [2.3760647, 48.8482542], [2.3766779, 48.8479103], [2.3769837, 48.8477276], [2.3776167, 48.8473441], [2.3776338, 48.8473139], [2.3777305, 48.847245], [2.3786962, 48.8465295], [2.3786245, 48.8465212], [2.3788042, 48.8463358], [2.3790235, 48.8463614], [2.380384, 48.8455639], [2.380906, 48.8453439], [2.3810673, 48.8452754], [2.3820178, 48.8449876], [2.3826807, 48.8448136], [2.3828819, 48.844734], [2.3829717, 48.8447454], [2.3834407, 48.8446286], [2.3841668, 48.8441278], [2.3844453, 48.8439021], [2.3852359, 48.8432541], [2.3858147, 48.8426742], [2.3858112, 48.8426578], [2.3858837, 48.8425679], [2.3863534, 48.8420672], [2.3864765, 48.842116], [2.3876076, 48.8415934], [2.3888754, 48.8412469], [2.3889667, 48.8412283], [2.3891771, 48.8411834], [2.3892732, 48.841162], [2.3909868, 48.8407801], [2.3912955, 48.8407136], [2.3920042, 48.8405591], [2.3922675, 48.8405022], [2.3923887, 48.8404753], [2.3926887, 48.8404087], [2.3928509, 48.8403739], [2.3927779, 48.8401655], [2.3946286, 48.8397445], [2.3946518, 48.8395769], [2.3949524, 48.8393463], [2.3953999, 48.8393226], [2.3958091, 48.8391838], [2.3959422, 48.8391668], [2.3960488, 48.839167], [2.396123, 48.8391927], [2.3963096, 48.8391489], [2.3965771, 48.8390887], [2.3969816, 48.8389351], [2.3970942, 48.8388547], [2.3971841, 48.8388022], [2.3974228, 48.8387475], [2.3983629, 48.8383953], [2.3983833, 48.8383744], [2.3985886, 48.838295], [2.3986741, 48.8382666], [2.3991246, 48.838095], [2.3992751, 48.8380389], [2.3994894, 48.8380184], [2.4015582, 48.8372336], [2.4017566, 48.8371754], [2.4018551, 48.8370968], [2.4020171, 48.8370386], [2.4021428, 48.8369816], [2.4023275, 48.8369033], [2.4024742, 48.8369026], [2.4024841, 48.8369199], [2.4027664, 48.8368104], [2.4032422, 48.8366403], [2.4032781, 48.8366193], [2.4035054, 48.836539], [2.4045543, 48.8361573], [2.4054755, 48.8358129], [2.4055586, 48.8357794], [2.4056607, 48.8357437], [2.406197, 48.8355216], [2.4061882, 48.8354735], [2.4063288, 48.8353783], [2.4065537, 48.8351996], [2.4067638, 48.8351987], [2.406776, 48.8351405], [2.4071609, 48.8350088], [2.407324, 48.834953], [2.4077721, 48.8347997], [2.4080239, 48.8347138], [2.4080882, 48.8347591], [2.4081218, 48.8347383], [2.4086843, 48.8341787], [2.4087772, 48.8340885], [2.4099331, 48.83386], [2.4099735, 48.8338747], [2.4100625, 48.8337761], [2.4107305, 48.8332545], [2.4122954, 48.8331459], [2.4131176, 48.8329247], [2.4142706, 48.8321317], [2.4143493, 48.8320332], [2.4143718, 48.832005], [2.4155145, 48.8312174], [2.4164984, 48.8306996], [2.4178863, 48.8296359], [2.4183992, 48.8291059], [2.4192392, 48.8285823], [2.4193184, 48.8286406], [2.4196216, 48.8287289], [2.4197321, 48.8287046], [2.4207915, 48.8289315], [2.4210209, 48.8289045], [2.4213079, 48.8289196], [2.4215647, 48.8289526], [2.4216708, 48.8288456], [2.4238108, 48.8278625], [2.4247924, 48.8274449], [2.4254739, 48.8270131], [2.4255965, 48.8269365], [2.4277162, 48.8258018], [2.4280934, 48.8255845], [2.4296955, 48.8246403], [2.4298276, 48.8245476], [2.4305982, 48.823633], [2.4307202, 48.8233364], [2.4312725, 48.8230641], [2.4317478, 48.8228407], [2.4344616, 48.8224589], [2.4348127, 48.8223155], [2.4391553, 48.8214051], [2.4404252, 48.821314], [2.4416966, 48.8212023], [2.4439821, 48.8208514], [2.4449402, 48.8206817], [2.445073, 48.8203401], [2.4451037, 48.8203027], [2.4454196, 48.8202058], [2.4470202, 48.8196513], [2.4474768, 48.8195127], [2.4498593, 48.8191408], [2.4501876, 48.819034], [2.4511833, 48.8186102], [2.4512596, 48.8185587], [2.4513883, 48.8184752], [2.4516141, 48.8184318], [2.4516376, 48.8183823], [2.4589897, 48.8172336]]}}, {"type": "Feature", "geometry": {"type": "Point", "coordinates": [2.3522, 48.8566]}, "properties": {"id": 148, "zeile": 5, "tags": ["space", "sound", "atmosphere"], "perspektive": "erzaehler", "text": "Tiefes Schweigen herrschte im Zimmer. Man hörte nur das metallische, regelmäßige Ticken der Uhr, die", "notiz": "Maupassant beschreibt die Stille und das Uhren-Ticken als atmosphärische Kulisse des Totenzimmers — von aussen geschildert.", "ort": "Zimmer des Sterbenden (unbestimmter Ort)", "valenz": -1, "intensitaet": 2, "gewichtete_valenz": -2, "f_wert": "ort_loest_emotion_aus", "f_emotion": "Stille, feierliche Schwere", "raum_emotion": {"ort": "Totenzimmer", "emotion": "Stille, feierliche Schwere", "richtung": "ort_loest_emotion_aus"}, "route": null}}, {"type": "Feature", "geometry": {"type": "Point", "coordinates": [2.3522, 48.8566]}, "properties": {"id": 149, "zeile": 6, "tags": ["sound", "atmosphere", "space"], "perspektive": "erzaehler", "text": "Der Ton ihrer Stimme klang so seltsam in diesem düsteren Raum, daß sie beide erstaunt waren.", "notiz": "Maupassant beschreibt den Klang der Stimme als fremd im düsteren Raum — atmosphärische Raumqualität von aussen geschildert.", "ort": "Zimmer des Sterbenden (unbestimmter Ort)", "valenz": -1, "intensitaet": 2, "gewichtete_valenz": -2, "f_wert": "ort_loest_emotion_aus", "f_emotion": "Befremdung, Erschrecken", "raum_emotion": {"ort": "Totenzimmer", "emotion": "Befremdung, Erschrecken", "richtung": "ort_loest_emotion_aus"}, "route": null}}, {"type": "Feature", "geometry": {"type": "Point", "coordinates": [2.3522, 48.8566]}, "properties": {"id": 150, "zeile": 7, "tags": ["atmosphere", "time"], "perspektive": "erzaehler", "text": "Und sie blickten plötzlich das Antlitz des Toten an, als hätten sie erwartet, daß er sich bewegte, s", "notiz": "Maupassant beschreibt den gemeinsamen Blick auf den Toten und die Zeitdimension seiner jüngsten Lebendigkeit — neutrale Erzählerperspektive.", "ort": "Zimmer des Sterbenden (unbestimmter Ort)", "valenz": -1, "intensitaet": 2, "gewichtete_valenz": -2, "f_wert": "ort_loest_emotion_aus", "f_emotion": "Schrecken, Unwirklichkeit des Todes", "raum_emotion": {"ort": "Totenzimmer", "emotion": "Schrecken, Unwirklichkeit des Todes", "richtung": "ort_loest_emotion_aus"}, "route": null}}, {"type": "Feature", "geometry": {"type": "Point", "coordinates": [2.3522, 48.8566]}, "properties": {"id": 151, "zeile": 1, "tags": ["george_duroy", "mood", "koerper_als_akteur"], "perspektive": "figur", "text": "Er hatte ihre Hand ergriffen und behielt sie in der seinen. Er preßte sie mit dem heißen Verlangen, ", "notiz": "Duroy erlebt intensives körperliches Begehren und handelt entsprechend — innere Wahrnehmung und Körpereinsatz.", "ort": "Innenraum, Wohnung der Witwe (nicht genauer bestimmt)", "valenz": 1, "intensitaet": 2, "gewichtete_valenz": 2, "f_wert": null, "f_emotion": null, "raum_emotion": null, "route": null}}, {"type": "Feature", "geometry": {"type": "Point", "coordinates": [2.3522, 48.8566]}, "properties": {"id": 152, "zeile": 2, "tags": ["george_duroy", "koerper_als_akteur", "material", "smell"], "perspektive": "figur", "text": "Endlich entschloß er sich dazu, näherte sie langsam seinem Munde und drückte die zarte, etwas heiße,", "notiz": "Duroy nimmt die physische und sensorische Qualität der Hand wahr — Wärme, Parfüm, Fieberhaftigkeit — als körperlich-erotisches Erleben.", "ort": "Innenraum, Wohnung der Witwe (nicht genauer bestimmt)", "valenz": null, "intensitaet": 2, "gewichtete_valenz": null, "f_wert": "koerper_als_sensor", "f_emotion": "Begehren, sinnliche Wahrnehmung", "raum_emotion": {"ort": "Wohnung der Witwe", "emotion": "Begehren, sinnliche Wahrnehmung", "richtung": "koerper_als_sensor"}, "route": null}}, {"type": "Feature", "geometry": {"type": "Point", "coordinates": [2.3522, 48.8566]}, "properties": {"id": 153, "zeile": 3, "tags": ["george_duroy", "mood", "time"], "perspektive": "figur", "text": "Als er dann fühlte, daß dieser zärtliche Freundschaftskuß etwas zu lange dauerte, ließ er die kleine", "notiz": "Duroy erlebt die Dauer des Kusses als emotional bedeutsam und reguliert sein Verhalten — Zeit wird als inneres Erleben wahrgenommen.", "ort": "Innenraum, Wohnung der Witwe (nicht genauer bestimmt)", "valenz": 1, "intensitaet": 2, "gewichtete_valenz": 2, "f_wert": null, "f_emotion": null, "raum_emotion": null, "route": null}}, {"type": "Feature", "geometry": {"type": "Point", "coordinates": [2.3522, 48.8566]}, "properties": {"id": 154, "zeile": 4, "tags": ["george_duroy", "mood", "social"], "perspektive": "figur", "text": "Er wußte nicht recht, wie er es ihr begreiflich machen sollte, daß er sehr glücklich sein würde, wen", "notiz": "Duroy denkt über seinen Wunsch nach, sie zu heiraten — inneres strategisches und emotionales Kalkül bezüglich seiner zukünftigen sozialen Lage.", "ort": "Innenraum, Wohnung der Witwe (nicht genauer bestimmt)", "valenz": 1, "intensitaet": 2, "gewichtete_valenz": 2, "f_wert": null, "f_emotion": null, "raum_emotion": null, "route": null}}, {"type": "Feature", "geometry": {"type": "Point", "coordinates": [2.3522, 48.8566]}, "properties": {"id": 155, "zeile": 5, "tags": ["george_duroy", "mood", "time"], "perspektive": "figur", "text": "Gewiß konnte er es ihr zu dieser Stunde angesichts dieses Toten nicht sagen, doch er hoffte, eine je", "notiz": "Duroy kalkuliert innerlich den richtigen Moment und die richtige Formulierung — Zeit und Situation werden als strategisches Erleben wahrgenommen.", "ort": "Innenraum, Wohnung der Witwe (nicht genauer bestimmt)", "valenz": 0, "intensitaet": 2, "gewichtete_valenz": 0, "f_wert": null, "f_emotion": null, "raum_emotion": null, "route": null}}, {"type": "Feature", "geometry": {"type": "Point", "coordinates": [2.3522, 48.8566]}, "properties": {"id": 156, "zeile": 6, "tags": ["george_duroy", "mood", "atmosphere", "material"], "perspektive": "figur", "text": "Doch die Leiche genierte ihn, die starre, kalte Leiche, die vor ihm lag, und die sie zwischen sich f", "notiz": "Duroy empfindet die Anwesenheit des Toten als störend und hemmend — der Raum ist durch die Leiche emotional und physisch besetzt.", "ort": "Innenraum, Wohnung der Witwe (nicht genauer bestimmt)", "valenz": -1, "intensitaet": 2, "gewichtete_valenz": -2, "f_wert": "ort_loest_emotion_aus", "f_emotion": "Hemmung, Unbehagen, Genierung", "raum_emotion": {"ort": "Wohnung der Witwe mit aufgebahrtem Toten", "emotion": "Hemmung, Unbehagen, Genierung", "richtung": "ort_loest_emotion_aus"}, "route": null}}, {"type": "Feature", "geometry": {"type": "Point", "coordinates": [2.3522, 48.8566]}, "properties": {"id": 157, "zeile": 1, "tags": ["george_duroy", "smell", "space", "atmosphere"], "perspektive": "figur", "text": "Übrigens glaubte er seit einiger Zeit zu bemerken, daß die Luft des geschlossenen Zimmers einen verd", "notiz": "Duroy nimmt den Verwesungsgeruch des Sterbezimmers als bedrohliche Raumqualität wahr.", "ort": "Sterbezimmer in einer Villa an der Küste (Cannes/Côte d'Azur)", "valenz": -1, "intensitaet": 2, "gewichtete_valenz": -2, "f_wert": "ort_loest_emotion_aus", "f_emotion": "Unbehagen, Schrecken", "raum_emotion": {"ort": "Geschlossenes Sterbezimmer", "emotion": "Unbehagen, Schrecken", "richtung": "ort_loest_emotion_aus"}, "route": null}}, {"type": "Feature", "geometry": {"type": "Point", "coordinates": [2.3522, 48.8566]}, "properties": {"id": 158, "zeile": 5, "tags": ["george_duroy", "move"], "perspektive": "figur", "text": "Er ging zum Fenster und öffnete es.", "notiz": "Duroy bewegt sich zum Fenster und öffnet es — aktive Handlung im Raum.", "ort": "Sterbezimmer in einer Villa an der Küste", "valenz": null, "intensitaet": null, "gewichtete_valenz": null, "f_wert": null, "f_emotion": null, "raum_emotion": null, "route": null}}, {"type": "Feature", "geometry": {"type": "Point", "coordinates": [2.3522, 48.8566]}, "properties": {"id": 159, "zeile": 6, "tags": ["smell", "weather", "atmosphere", "material"], "perspektive": "erzaehler", "text": "Ein Hauch der frischen, duftigen Nacht wehte herein und ließ die beiden Kerzen neben dem Bett flacke", "notiz": "Maupassant beschreibt den frischen Nachtwind und sein sichtbares Effekt als atmosphärische Kulisse.", "ort": "Villa an der Küste, Sterbezimmer", "valenz": null, "intensitaet": 2, "gewichtete_valenz": null, "f_wert": null, "f_emotion": null, "raum_emotion": null, "route": null}}, {"type": "Feature", "geometry": {"type": "Point", "coordinates": [2.3522, 48.8566]}, "properties": {"id": 160, "zeile": 7, "tags": ["space", "atmosphere", "weather", "location"], "perspektive": "erzaehler", "text": "Draußen breitete wie am Tage vorher der Mond sein ruhig flutendes Licht auf die weißen Mauern der Vi", "notiz": "Maupassant beschreibt die nächtliche Meereslandschaft mit Mondlicht als ruhige Kulisse von aussen.", "ort": "Küstenlandschaft bei Cannes/Côte d'Azur, vor der Villa", "valenz": null, "intensitaet": 2, "gewichtete_valenz": null, "f_wert": null, "f_emotion": null, "raum_emotion": null, "route": null}}, {"type": "Feature", "geometry": {"type": "Point", "coordinates": [2.3522, 48.8566]}, "properties": {"id": 161, "zeile": 8, "tags": ["george_duroy", "mood", "koerper_als_akteur"], "perspektive": "figur", "text": "Duroy atmete tief; er fühlte sich jetzt von neuen Hoffnungen erfüllt und belebt vom Herannahen des G", "notiz": "Duroy erlebt die frische Luft körperlich und fühlt aufkeimende Hoffnung und Lebendigkeit.", "ort": "Fenster der Villa an der Küste", "valenz": 1, "intensitaet": 2, "gewichtete_valenz": 2, "f_wert": "ort_loest_emotion_aus", "f_emotion": "Hoffnung, Lebendigkeit", "raum_emotion": {"ort": "Fenster zur nächtlichen Meereslandschaft", "emotion": "Hoffnung, Lebendigkeit", "richtung": "ort_loest_emotion_aus"}, "route": null}}, {"type": "Feature", "geometry": {"type": "Point", "coordinates": [2.3522, 48.8566]}, "properties": {"id": 162, "zeile": 9, "tags": ["george_duroy", "atmosphere", "space"], "perspektive": "figur", "text": "»Kommen Sie doch etwas frische Luft schöpfen,« sagte er, »es ist herrlich draußen.«", "notiz": "Duroy lädt die Frau ein und bewertet den Aussenraum positiv aus seiner eigenen Perspektive.", "ort": "Fenster der Villa an der Küste", "valenz": 1, "intensitaet": 1, "gewichtete_valenz": 1, "f_wert": "emotion_faerbt_raum", "f_emotion": "Begeisterung, Wohlgefühl", "raum_emotion": {"ort": "Aussenraum vor der Villa", "emotion": "Begeisterung, Wohlgefühl", "richtung": "emotion_faerbt_raum"}, "route": null}}, {"type": "Feature", "geometry": {"type": "Point", "coordinates": [2.3522, 48.8566]}, "properties": {"id": 163, "zeile": 13, "tags": ["george_duroy", "social", "mood"], "perspektive": "figur", "text": "Sehen Sie ... ich bin ein armer Teufel, ich besitze kein Vermögen, und meine Stellung muß ich mir no", "notiz": "Duroy reflektiert seinen sozialen Status und seine Ambitionen — inneres Erleben seiner eigenen Lage.", "ort": "Fenster der Villa an der Küste", "valenz": -1, "intensitaet": 2, "gewichtete_valenz": -2, "f_wert": null, "f_emotion": null, "raum_emotion": null, "route": null}}, {"type": "Feature", "geometry": {"type": "Point", "coordinates": [2.3522, 48.8566]}, "properties": {"id": 164, "zeile": 15, "tags": ["george_duroy", "time", "location"], "perspektive": "figur", "text": "übermorgen schon muß ich Sie verlassen, und wenn Sie nach Paris zurückkommen, wird es vielleicht zu ", "notiz": "Duroy erlebt die bevorstehende Abreise und Rückkehr nach Paris als zeitlichen Druck in seiner Liebeswerbung.", "ort": "Paris (allgemein, als antizipierter Rückkehrort)", "valenz": -1, "intensitaet": 2, "gewichtete_valenz": -2, "f_wert": "ort_loest_emotion_aus", "f_emotion": "Zeitdruck, Dringlichkeit", "raum_emotion": {"ort": "Paris (vorgestellt)", "emotion": "Zeitdruck, Dringlichkeit", "richtung": "ort_loest_emotion_aus"}, "route": null}}, {"type": "Feature", "geometry": {"type": "Point", "coordinates": [7.0128, 43.5513]}, "properties": {"id": 165, "zeile": 1, "tags": ["george_duroy", "atmosphere"], "perspektive": "erzaehler", "text": "Er hatte gesprochen, ohne sie anzublicken, als streue er seine Worte in die Nacht hinaus.", "notiz": "Der Erzähler beschreibt Duroys Verhalten von aussen — er spricht ohne Blickkontakt, als würde er seine Worte in die nächtliche Dunkelheit entlassen.", "ort": "Cannes, Sterbezimmer Forestier", "valenz": null, "intensitaet": 1, "gewichtete_valenz": null, "f_wert": null, "f_emotion": null, "raum_emotion": null, "route": null}}, {"type": "Feature", "geometry": {"type": "Point", "coordinates": [7.0128, 43.5513]}, "properties": {"id": 166, "zeile": 2, "tags": ["atmosphere", "space"], "perspektive": "erzaehler", "text": "Und sie schien ihn nicht gehört zu haben, so unbeweglich war sie geblieben, und sie starrte mit ruhi", "notiz": "Maupassant beschreibt die Mondlandschaft als äussere Kulisse und die Unbeweglichkeit der Frau als atmosphärisches Bild.", "ort": "Cannes, Sterbezimmer Forestier", "valenz": -1, "intensitaet": 2, "gewichtete_valenz": -2, "f_wert": "ort_loest_emotion_aus", "f_emotion": "stille Distanz, Unberührtheit", "raum_emotion": {"ort": "nächtliche Mondlandschaft", "emotion": "stille Distanz, Unberührtheit", "richtung": "ort_loest_emotion_aus"}, "route": null}}, {"type": "Feature", "geometry": {"type": "Point", "coordinates": [7.0128, 43.5513]}, "properties": {"id": 167, "zeile": 3, "tags": ["atmosphere", "space"], "perspektive": "erzaehler", "text": "So blieben sie lange nebeneinander, Schulter an Schulter, schweigsam und nachdenklich stehen.", "notiz": "Erzählerische Beobachtung der körperlichen Nähe und des gemeinsamen Schweigens der beiden Figuren.", "ort": "Cannes, Sterbezimmer Forestier", "valenz": 0, "intensitaet": 2, "gewichtete_valenz": 0, "f_wert": null, "f_emotion": null, "raum_emotion": null, "route": null}}, {"type": "Feature", "geometry": {"type": "Point", "coordinates": [7.0128, 43.5513]}, "properties": {"id": 168, "zeile": 4, "tags": ["george_duroy", "smell", "move"], "perspektive": "figur", "text": "Wie er näher herantrat, merkte er, daß der Körper Forestiers tatsächlich Leichengeruch ausströmte.", "notiz": "Duroy nimmt beim Herantreten den Leichengeruch wahr — sensorische Wahrnehmung aus seiner Perspektive.", "ort": "Cannes, Sterbezimmer Forestier", "valenz": null, "intensitaet": null, "gewichtete_valenz": null, "f_wert": "ort_loest_emotion_aus", "f_emotion": "Ekel, körperliche Abwehr", "raum_emotion": {"ort": "Totenbett Forestiers", "emotion": "Ekel, körperliche Abwehr", "richtung": "ort_loest_emotion_aus"}, "route": null}}, {"type": "Feature", "geometry": {"type": "Point", "coordinates": [7.0128, 43.5513]}, "properties": {"id": 169, "zeile": 5, "tags": ["george_duroy", "move", "smell", "koerper_als_akteur"], "perspektive": "figur", "text": "Er rückte seinen Sessel weiter ab, denn lange hätte er diesen Geruch nicht ertragen können.", "notiz": "Duroy bewegt sich körperlich vom Geruch weg — körperliche Reaktion auf sensorischen Reiz aus seiner eigenen Perspektive.", "ort": "Cannes, Sterbezimmer Forestier", "valenz": null, "intensitaet": null, "gewichtete_valenz": null, "f_wert": "koerper_als_sensor", "f_emotion": "Unerträglichkeit, Abscheu", "raum_emotion": {"ort": "Sterbezimmer, Totenbett", "emotion": "Unerträglichkeit, Abscheu", "richtung": "koerper_als_sensor"}, "route": null}}, {"type": "Feature", "geometry": {"type": "Point", "coordinates": [7.0128, 43.5513]}, "properties": {"id": 170, "zeile": 6, "tags": ["atmosphere", "mood"], "perspektive": "erzaehler", "text": "Sie blickten jetzt nicht so oft zu ihm hinüber, sie hatten sich an die Tatsache gewöhnt, daß er nun ", "notiz": "Maupassant beschreibt von aussen, wie beide Figuren sich emotional an den Tod gewöhnen — kein spezifisch inneres Erleben Duroys.", "ort": "Cannes, Sterbezimmer Forestier", "valenz": 0, "intensitaet": 2, "gewichtete_valenz": 0, "f_wert": "ort_loest_emotion_aus", "f_emotion": "stumpfe Gewöhnung an den Tod", "raum_emotion": {"ort": "Sterbezimmer", "emotion": "stumpfe Gewöhnung an den Tod", "richtung": "ort_loest_emotion_aus"}, "route": null}}, {"type": "Feature", "geometry": {"type": "Point", "coordinates": [7.0128, 43.5513]}, "properties": {"id": 171, "zeile": 7, "tags": ["atmosphere", "social"], "perspektive": "erzaehler", "text": "Sie sprachen jetzt nicht mehr und fuhren fort, auf anständige Weise an der Leiche zu wachen, und ver", "notiz": "Erzähler beschreibt die soziale Pflicht der Totenwache von aussen — stilles Ausharren als gesellschaftliche Norm.", "ort": "Cannes, Sterbezimmer Forestier", "valenz": null, "intensitaet": 2, "gewichtete_valenz": null, "f_wert": null, "f_emotion": null, "raum_emotion": null, "route": null}}, {"type": "Feature", "geometry": {"type": "Point", "coordinates": [7.0128, 43.5513]}, "properties": {"id": 172, "zeile": 8, "tags": ["george_duroy", "time"], "perspektive": "erzaehler", "text": "Aber gegen Mitternacht schlief Duroy doch ein.", "notiz": "Neutrale Erzählerangabe zur Tageszeit — Mitternacht markiert den Zeitpunkt, an dem Duroy trotz Totenwache einschläft.", "ort": "Cannes, Sterbezimmer Forestier", "valenz": null, "intensitaet": 1, "gewichtete_valenz": null, "f_wert": null, "f_emotion": null, "raum_emotion": null, "route": null}}, {"type": "Feature", "geometry": {"type": "Point", "coordinates": [7.0128, 43.5513]}, "properties": {"id": 173, "zeile": 1, "tags": ["george_duroy"], "perspektive": "figur", "text": "Als er aufwachte, sah er, daß Madame Forestier gleichfalls schlummerte.", "notiz": "Duroy erwacht und nimmt seine Umgebung wahr — innere Perspektive der Wahrnehmung.", "ort": "Krankenzimmer / Sterbehaus Forestier (Cannes oder Umgebung)", "valenz": null, "intensitaet": null, "gewichtete_valenz": null, "f_wert": null, "f_emotion": null, "raum_emotion": null, "route": null}}, {"type": "Feature", "geometry": {"type": "Point", "coordinates": [7.0128, 43.5513]}, "properties": {"id": 174, "zeile": 2, "tags": ["george_duroy", "mood", "koerper_als_akteur"], "perspektive": "figur", "text": "Er setzte sich dann möglichst bequem zurecht, schloß die Augen wieder und brummte: »O Gott, im Bett ", "notiz": "Duroy empfindet körperliches Unbehagen und sehnt sich nach mehr Komfort — inneres Erleben.", "ort": "Sterbehaus Forestier", "valenz": null, "intensitaet": null, "gewichtete_valenz": null, "f_wert": "ort_loest_emotion_aus", "f_emotion": "Unbehagen, Müdigkeit", "raum_emotion": {"ort": "Sterbehaus Forestier", "emotion": "Unbehagen, Müdigkeit", "richtung": "ort_loest_emotion_aus"}, "route": null}}, {"type": "Feature", "geometry": {"type": "Point", "coordinates": [7.0128, 43.5513]}, "properties": {"id": 175, "zeile": 3, "tags": ["sound", "time"], "perspektive": "erzaehler", "text": "Ein plötzliches Geräusch ließ ihn auffahren. Die Wärterin trat ein; es war heller Tag.", "notiz": "Maupassant beschreibt von aussen das Geräusch und die Tageszeit als neutrale Kulisse.", "ort": "Sterbehaus Forestier", "valenz": null, "intensitaet": 1, "gewichtete_valenz": null, "f_wert": null, "f_emotion": null, "raum_emotion": null, "route": null}}, {"type": "Feature", "geometry": {"type": "Point", "coordinates": [7.0128, 43.5513]}, "properties": {"id": 176, "zeile": 4, "tags": ["george_duroy", "mood"], "perspektive": "figur", "text": "Duroy warf einen Blick auf den Toten und rief jetzt zitternd: »Oh! Sein Bart!«", "notiz": "Duroy reagiert erschrocken auf den Anblick des Toten — inneres Erleben mit körperlicher Reaktion.", "ort": "Sterbehaus Forestier", "valenz": null, "intensitaet": null, "gewichtete_valenz": null, "f_wert": "ort_loest_emotion_aus", "f_emotion": "Erschrecken, Entsetzen", "raum_emotion": {"ort": "Sterbehaus Forestier", "emotion": "Erschrecken, Entsetzen", "richtung": "ort_loest_emotion_aus"}, "route": null}}, {"type": "Feature", "geometry": {"type": "Point", "coordinates": [7.0128, 43.5513]}, "properties": {"id": 177, "zeile": 5, "tags": ["material", "time"], "perspektive": "erzaehler", "text": "Der Bart war allerdings in seinem entstellten Gesicht in wenigen Stunden um so viel gewachsen, wie s", "notiz": "Maupassant beschreibt von aussen die physische Veränderung am Leichnam als objektive Beobachtung.", "ort": "Sterbehaus Forestier", "valenz": -1, "intensitaet": 2, "gewichtete_valenz": -2, "f_wert": null, "f_emotion": null, "raum_emotion": null, "route": null}}, {"type": "Feature", "geometry": {"type": "Point", "coordinates": [7.0128, 43.5513]}, "properties": {"id": 178, "zeile": 6, "tags": ["george_duroy", "mood", "atmosphere"], "perspektive": "figur", "text": "Starr und verblüfft standen sie angesichts dieses Lebens nach dem Tode, wie vor einem grauenhaften W", "notiz": "Duroy erlebt gemeinsam mit Madame Forestier ein tiefes Erschrecken angesichts des unheimlichen Lebenszeichens am Toten — innere Perspektive des Erlebens.", "ort": "Sterbehaus Forestier", "valenz": -1, "intensitaet": 3, "gewichtete_valenz": -3, "f_wert": "ort_loest_emotion_aus", "f_emotion": "Entsetzen, Unheimlichkeit, Verwirrung", "raum_emotion": {"ort": "Sterbehaus Forestier", "emotion": "Entsetzen, Unheimlichkeit, Verwirrung", "richtung": "ort_loest_emotion_aus"}, "route": null}}, {"type": "Feature", "geometry": {"type": "Point", "coordinates": [7.0128, 43.5513]}, "properties": {"id": 179, "zeile": 7, "tags": ["time"], "perspektive": "erzaehler", "text": "Sie gingen alle beide bis elf zur Ruhe. Dann wurde Charles in den Sarg gelegt und sofort fühlten sie", "notiz": "Maupassant beschreibt von aussen den Ablauf des Morgens und die emotionale Reaktion beider Figuren auf die Einsargung.", "ort": "Sterbehaus Forestier", "valenz": null, "intensitaet": 2, "gewichtete_valenz": null, "f_wert": null, "f_emotion": null, "raum_emotion": null, "route": null}}, {"type": "Feature", "geometry": {"type": "Point", "coordinates": [7.0128, 43.5513]}, "properties": {"id": 180, "zeile": 8, "tags": ["george_duroy", "mood"], "perspektive": "figur", "text": "Während sie sich beim Frühstück gegenübersaßen, hatten sie beide Lust, von tröstenden, froheren Ding", "notiz": "Duroy spürt den Wunsch zur Rückkehr ins Leben — inneres Erleben eines emotionalen Aufatmens nach dem Tod.", "ort": "Sterbehaus Forestier", "valenz": null, "intensitaet": null, "gewichtete_valenz": null, "f_wert": "ort_loest_emotion_aus", "f_emotion": "Erleichterung, Lebenslust", "raum_emotion": {"ort": "Sterbehaus Forestier", "emotion": "Erleichterung, Lebenslust", "richtung": "ort_loest_emotion_aus"}, "route": null}}, {"type": "Feature", "geometry": {"type": "Point", "coordinates": [7.0128, 43.5513]}, "properties": {"id": 181, "zeile": 9, "tags": ["weather", "smell", "atmosphere", "space"], "perspektive": "erzaehler", "text": "Durch die weitgeöffneten Fenster drang die milde, warme Frühlingsluft herein und trug den Duft der N", "notiz": "Maupassant beschreibt als Erzähler die sensorische Atmosphäre des Frühlingstages als belebende Kulisse.", "ort": "Sterbehaus Forestier", "valenz": 1, "intensitaet": 2, "gewichtete_valenz": 2, "f_wert": "ort_loest_emotion_aus", "f_emotion": "Erleichterung, Lebensbejahung", "raum_emotion": {"ort": "Sterbehaus Forestier", "emotion": "Erleichterung, Lebensbejahung", "richtung": "ort_loest_emotion_aus"}, "route": null}}, {"type": "Feature", "geometry": {"type": "Point", "coordinates": [7.0128, 43.5513]}, "properties": {"id": 182, "zeile": 10, "tags": ["george_duroy", "move", "smell", "weather", "mood"], "perspektive": "figur", "text": "sie wanderten langsam um die kleinen Rasenplätze herum und atmeten entzückt die milde Luft ein, die ", "notiz": "Duroy bewegt sich durch den Garten und nimmt die Naturgerüche entzückt wahr — innere Sinneswahrnehmung.", "ort": "Garten des Sterbehauses Forestier", "valenz": null, "intensitaet": null, "gewichtete_valenz": null, "f_wert": "koerper_als_sensor", "f_emotion": "Entzücken, Erholung", "raum_emotion": {"ort": "Garten des Sterbehauses Forestier", "emotion": "Entzücken, Erholung", "richtung": "koerper_als_sensor"}, "route": null}}, {"type": "Feature", "geometry": {"type": "Point", "coordinates": [7.0128, 43.5513]}, "properties": {"id": 183, "zeile": 1, "tags": ["george_duroy"], "perspektive": "erzaehler", "text": "Er küßte ihr lange die Hand und ging, ohne ein Wort zu sagen.", "notiz": "Der Erzähler beschreibt Duroys Reaktion von außen — er küsst Madeleine die Hand und verlässt sie schweigend.", "ort": "Cannes, Wohnort der Forestiers", "valenz": null, "intensitaet": null, "gewichtete_valenz": null, "f_wert": null, "f_emotion": null, "raum_emotion": null, "route": null}}, {"type": "Feature", "geometry": {"type": "Point", "coordinates": [7.0128, 43.5513]}, "properties": {"id": 184, "zeile": 2, "tags": ["time", "atmosphere", "social"], "perspektive": "erzaehler", "text": "Abends trafen sie sich nur zur Mahlzeit. Dann gingen sie auf ihre Zimmer, denn sie waren beide ganz ", "notiz": "Der Erzähler beschreibt den Abend neutral — kein emotionales Erleben Duroys, sondern sachliche Beschreibung von aussen.", "ort": "Cannes, Wohnort der Forestiers", "valenz": null, "intensitaet": 1, "gewichtete_valenz": null, "f_wert": null, "f_emotion": null, "raum_emotion": null, "route": null}}, {"type": "Feature", "geometry": {"type": "Point", "coordinates": [7.0174, 43.5528]}, "properties": {"id": 185, "zeile": 3, "tags": ["location", "time", "historical"], "perspektive": "erzaehler", "text": "Charles Forestier wurde am nächsten Morgen ohne jeden Prunk auf dem Friedhof von Cannes beerdigt.", "notiz": "Der Erzähler nennt den Friedhof von Cannes als konkreten Ort des Begräbnisses von Charles Forestier.", "ort": "Friedhof von Cannes", "valenz": null, "intensitaet": 1, "gewichtete_valenz": null, "f_wert": null, "f_emotion": null, "raum_emotion": null, "route": null}}, {"type": "Feature", "geometry": {"type": "Point", "coordinates": [7.0174, 43.5528]}, "properties": {"id": 186, "zeile": 4, "tags": ["george_duroy", "move", "time"], "perspektive": "figur", "text": "Georges Duroy wollte den Schnellzug nach Paris nehmen, der um halb zwei abfuhr.", "notiz": "Duroy plant aktiv seine Rückkehr nach Paris — Ortsveränderung und zeitliche Angabe aus seiner Handlungsperspektive.", "ort": "Bahnhof Cannes", "valenz": null, "intensitaet": null, "gewichtete_valenz": null, "f_wert": null, "f_emotion": null, "raum_emotion": null, "route": [[2.4589897, 48.8172336]]}}, {"type": "Feature", "geometry": {"type": "Point", "coordinates": [7.0174, 43.5528]}, "properties": {"id": 187, "zeile": 1, "tags": ["location", "space"], "perspektive": "erzaehler", "text": "Madame Forestier hatte ihn zur Bahn begleitet. In Erwartung des Zuges gingen sie ruhig auf dem Bahns", "notiz": "Der Erzähler beschreibt die Szene am Bahnsteig neutral von aussen.", "ort": "Bahnhof (Cannes oder Nizza, nicht spezifiziert)", "valenz": null, "intensitaet": 1, "gewichtete_valenz": null, "f_wert": null, "f_emotion": null, "raum_emotion": null, "route": null}}, {"type": "Feature", "geometry": {"type": "Point", "coordinates": [7.0174, 43.5528]}, "properties": {"id": 188, "zeile": 2, "tags": ["material"], "perspektive": "erzaehler", "text": "Der Zug lief ein. Er war ganz kurz; ein richtiger Schnellzug, der nur fünf Wagen hatte.", "notiz": "Der Erzähler beschreibt den einfahrenden Zug von aussen.", "ort": "Bahnhof (nicht spezifiziert)", "valenz": null, "intensitaet": 1, "gewichtete_valenz": null, "f_wert": null, "f_emotion": null, "raum_emotion": null, "route": null}}, {"type": "Feature", "geometry": {"type": "Point", "coordinates": [7.0174, 43.5528]}, "properties": {"id": 189, "zeile": 3, "tags": ["george_duroy", "mood"], "perspektive": "figur", "text": "Er wurde plötzlich traurig; er bedauerte schmerzlich, sie verlassen zu müssen, als ob er sie für imm", "notiz": "Duroy erlebt einen intensiven inneren Abschiedsschmerz — Emotion aus der Perspektive der Figur.", "ort": "Bahnhof (nicht spezifiziert)", "valenz": -1, "intensitaet": 3, "gewichtete_valenz": -3, "f_wert": "ort_loest_emotion_aus", "f_emotion": "Trauer, Verlustangst", "raum_emotion": {"ort": "Bahnhof", "emotion": "Trauer, Verlustangst", "richtung": "ort_loest_emotion_aus"}, "route": null}}, {"type": "Feature", "geometry": {"type": "Point", "coordinates": [7.0174, 43.5528]}, "properties": {"id": 190, "zeile": 4, "tags": ["move"], "perspektive": "erzaehler", "text": "Duroy stieg ins Kupee und lehnte sich zur Tür hinaus, um ihr noch ein paar Worte sagen zu können.", "notiz": "Erzähler beschreibt Duroys Bewegung ins Abteil von aussen.", "ort": "Bahnhof (nicht spezifiziert)", "valenz": null, "intensitaet": null, "gewichtete_valenz": null, "f_wert": null, "f_emotion": null, "raum_emotion": null, "route": null}}, {"type": "Feature", "geometry": {"type": "Point", "coordinates": [7.0174, 43.5528]}, "properties": {"id": 191, "zeile": 5, "tags": ["sound", "move"], "perspektive": "erzaehler", "text": "Die Lokomotive pfiff und der Zug setzte sich langsam in Bewegung.", "notiz": "Erzähler beschreibt das Pfeifen der Lokomotive und die Abfahrt des Zuges als szenische Kulisse.", "ort": "Bahnhof (nicht spezifiziert)", "valenz": 0, "intensitaet": 1, "gewichtete_valenz": 0, "f_wert": null, "f_emotion": null, "raum_emotion": null, "route": null}}, {"type": "Feature", "geometry": {"type": "Point", "coordinates": [7.0174, 43.5528]}, "properties": {"id": 192, "zeile": 6, "tags": ["george_duroy", "space"], "perspektive": "figur", "text": "Der junge Mann lehnte sich zum Wagenfenster hinaus und sah die junge Frau, die unbeweglich auf dem B", "notiz": "Duroy nimmt die zurückbleibende Madame Forestier aus seiner Perspektive im fahrenden Zug wahr.", "ort": "Bahnhof (nicht spezifiziert)", "valenz": -1, "intensitaet": 2, "gewichtete_valenz": -2, "f_wert": "ort_loest_emotion_aus", "f_emotion": "Abschiedsschmerz, Sehnsucht", "raum_emotion": {"ort": "Bahnhof / Bahnsteig", "emotion": "Abschiedsschmerz, Sehnsucht", "richtung": "ort_loest_emotion_aus"}, "route": null}}, {"type": "Feature", "geometry": {"type": "Point", "coordinates": [7.0174, 43.5528]}, "properties": {"id": 193, "zeile": 7, "tags": ["george_duroy", "koerper_als_akteur", "mood"], "perspektive": "figur", "text": "Und plötzlich, als er sie fast aus seinen Augen verloren hatte, warf er ihr mit beiden Händen eine K", "notiz": "Duroy handelt spontan aus Emotion heraus — der Körper als Ausdrucksmittel des Gefühls im Abschiedsmoment.", "ort": "Bahnhof (nicht spezifiziert)", "valenz": -1, "intensitaet": 2, "gewichtete_valenz": -2, "f_wert": "emotion_faerbt_raum", "f_emotion": "Zuneigung, Abschieds-Impuls", "raum_emotion": {"ort": "Bahnhof / fahrender Zug", "emotion": "Zuneigung, Abschieds-Impuls", "richtung": "emotion_faerbt_raum"}, "route": null}}]}