{
  "type": "FeatureCollection",
  "features": [
    {
      "type": "Feature",
      "geometry": {
        "type": "Point",
        "coordinates": [
          2.3308,
          48.8655
        ]
      },
      "properties": {
        "id": 1,
        "zeile": 1,
        "tags": [
          "george_duroy",
          "mood"
        ],
        "perspektive": "figur",
        "text": "Georges Duroy hatte schlecht geschlafen. Die Sehnsucht, seinen Artikel gedruckt zu sehen, gab ihm ke",
        "notiz": "Duroy erlebt innere Unruhe und Sehnsucht wegen seines zu erscheinenden Artikels.",
        "ort": "unbestimmt (Duroys Wohnung/Zimmer)",
        "valenz": -1,
        "intensitaet": 2,
        "gewichtete_valenz": -2,
        "f_wert": null,
        "f_emotion": null,
        "raum_emotion": null,
        "route": null
      }
    },
    {
      "type": "Feature",
      "geometry": {
        "type": "Point",
        "coordinates": [
          2.3308,
          48.8655
        ]
      },
      "properties": {
        "id": 2,
        "zeile": 2,
        "tags": [
          "move",
          "time"
        ],
        "perspektive": "figur",
        "text": "Schon bei Tagesanbruch stand er auf und ging in den Straßen herum, lange bevor die Zeitungsträger vo",
        "notiz": "Duroy bricht früh auf und bewegt sich durch die Straßen, getrieben von emotionaler Ungeduld.",
        "ort": "Straßen in Duroys Viertel (Paris)",
        "valenz": null,
        "intensitaet": null,
        "gewichtete_valenz": null,
        "f_wert": "ort_loest_emotion_aus",
        "f_emotion": "Ungeduld, Erwartung",
        "raum_emotion": {
          "ort": "Straßen von Paris bei Tagesanbruch",
          "emotion": "Ungeduld, Erwartung",
          "richtung": "ort_loest_emotion_aus"
        },
        "route": null
      }
    },
    {
      "type": "Feature",
      "geometry": {
        "type": "Point",
        "coordinates": [
          2.3308,
          48.8655
        ]
      },
      "properties": {
        "id": 3,
        "zeile": 3,
        "tags": [
          "move",
          "location"
        ],
        "perspektive": "figur",
        "text": "Dann ging er zum Bahnhof, denn er wußte, daß die Vie Française dort eher eintreffen würde als in sei",
        "notiz": "Duroy bewegt sich gezielt zum Bahnhof, weil er dort die Zeitung früher erhalten kann.",
        "ort": "Bahnhof (Paris, nicht näher spezifiziert)",
        "valenz": null,
        "intensitaet": null,
        "gewichtete_valenz": null,
        "f_wert": null,
        "f_emotion": null,
        "raum_emotion": null,
        "route": null
      }
    },
    {
      "type": "Feature",
      "geometry": {
        "type": "Point",
        "coordinates": [
          2.3308,
          48.8655
        ]
      },
      "properties": {
        "id": 4,
        "zeile": 4,
        "tags": [
          "move",
          "time",
          "mood"
        ],
        "perspektive": "figur",
        "text": "aber es war immer noch zu früh und wieder mußte er in den Straßen auf und ab wandern.",
        "notiz": "Duroy erlebt das Warten als Qual und wandert ungeduldig durch die Straßen.",
        "ort": "Straßen in der Nähe des Bahnhofs (Paris)",
        "valenz": null,
        "intensitaet": null,
        "gewichtete_valenz": null,
        "f_wert": "ort_loest_emotion_aus",
        "f_emotion": "Ungeduld, Warten",
        "raum_emotion": {
          "ort": "Straßen bei Bahnhof",
          "emotion": "Ungeduld, Warten",
          "richtung": "ort_loest_emotion_aus"
        },
        "route": null
      }
    },
    {
      "type": "Feature",
      "geometry": {
        "type": "Point",
        "coordinates": [
          2.3308,
          48.8655
        ]
      },
      "properties": {
        "id": 5,
        "zeile": 5,
        "tags": [
          "location",
          "social"
        ],
        "perspektive": "erzaehler",
        "text": "Er sah die Zeitungshändlerin ankommen und ihr Glashäuschen aufschließen, und dann bemerkte er auch e",
        "notiz": "Maupassant beschreibt von aussen den Kiosk und die Zeitungshändlerin als urbane Szenerie.",
        "ort": "Zeitungskiosk (Paris, in Bahnhofsnähe)",
        "valenz": null,
        "intensitaet": 1,
        "gewichtete_valenz": null,
        "f_wert": null,
        "f_emotion": null,
        "raum_emotion": null,
        "route": null
      }
    },
    {
      "type": "Feature",
      "geometry": {
        "type": "Point",
        "coordinates": [
          2.3308,
          48.8655
        ]
      },
      "properties": {
        "id": 6,
        "zeile": 6,
        "tags": [
          "george_duroy",
          "mood"
        ],
        "perspektive": "figur",
        "text": "Er stürzte darauflos; es war der »Figaro«, der »Gil Blas«, der »Gaulois«, das »Evénements« und noch ",
        "notiz": "Duroy stürzt sich auf die Zeitungen und erlebt Enttäuschung, als die gesuchte Zeitung fehlt.",
        "ort": "Zeitungskiosk (Paris)",
        "valenz": -1,
        "intensitaet": 2,
        "gewichtete_valenz": -2,
        "f_wert": "ort_loest_emotion_aus",
        "f_emotion": "Enttäuschung",
        "raum_emotion": {
          "ort": "Zeitungskiosk",
          "emotion": "Enttäuschung",
          "richtung": "ort_loest_emotion_aus"
        },
        "route": null
      }
    },
    {
      "type": "Feature",
      "geometry": {
        "type": "Point",
        "coordinates": [
          2.3308,
          48.8655
        ]
      },
      "properties": {
        "id": 7,
        "zeile": 7,
        "tags": [
          "george_duroy",
          "mood"
        ],
        "perspektive": "figur",
        "text": "Da ergriff ihn eine Furcht: »Wenn man die 'Erinnerungen eines afrikanischen Jägers' auf den nächsten",
        "notiz": "Duroy erlebt Angst und innere Unruhe, dass sein Artikel nicht erscheinen könnte.",
        "ort": "Zeitungskiosk (Paris)",
        "valenz": -1,
        "intensitaet": 2,
        "gewichtete_valenz": -2,
        "f_wert": null,
        "f_emotion": null,
        "raum_emotion": null,
        "route": null
      }
    },
    {
      "type": "Feature",
      "geometry": {
        "type": "Point",
        "coordinates": [
          2.3308,
          48.8655
        ]
      },
      "properties": {
        "id": 8,
        "zeile": 8,
        "tags": [
          "george_duroy",
          "move",
          "mood"
        ],
        "perspektive": "figur",
        "text": "Als er nach dem Kiosk zurückkehrte, sah er, daß man jetzt das Blatt verkaufte, ohne daß er es hatte ",
        "notiz": "Duroy kehrt zum Kiosk zurück und kauft die Zeitung in fieberhafter Hast.",
        "ort": "Zeitungskiosk (Paris)",
        "valenz": null,
        "intensitaet": null,
        "gewichtete_valenz": null,
        "f_wert": "ort_loest_emotion_aus",
        "f_emotion": "Fieberhaftigkeit, Erwartung",
        "raum_emotion": {
          "ort": "Zeitungskiosk",
          "emotion": "Fieberhaftigkeit, Erwartung",
          "richtung": "ort_loest_emotion_aus"
        },
        "route": null
      }
    },
    {
      "type": "Feature",
      "geometry": {
        "type": "Point",
        "coordinates": [
          2.3308,
          48.8655
        ]
      },
      "properties": {
        "id": 9,
        "zeile": 9,
        "tags": [
          "george_duroy",
          "mood",
          "koerper_als_akteur"
        ],
        "perspektive": "figur",
        "text": "— Nichts. — Sein Herz begann heftig zu klopfen. Er schlug die zweite Seite auf und las in heftiger E",
        "notiz": "Duroy erlebt körperlich spürbaren Schrecken und dann überwältigende Freude beim Auffinden seines gedruckten Namens.",
        "ort": "Zeitungskiosk (Paris)",
        "valenz": 1,
        "intensitaet": 3,
        "gewichtete_valenz": 3,
        "f_wert": "ort_loest_emotion_aus",
        "f_emotion": "Freude, Erleichterung",
        "raum_emotion": {
          "ort": "Zeitungskiosk",
          "emotion": "Freude, Erleichterung",
          "richtung": "ort_loest_emotion_aus"
        },
        "route": null
      }
    },
    {
      "type": "Feature",
      "geometry": {
        "type": "Point",
        "coordinates": [
          2.3308,
          48.8655
        ]
      },
      "properties": {
        "id": 10,
        "zeile": 10,
        "tags": [
          "george_duroy",
          "move",
          "mood"
        ],
        "perspektive": "figur",
        "text": "Ganz verwirrt, den Zylinder aufs Ohr gedrückt, die Zeitung in der Hand, ging er los.",
        "notiz": "Duroys körperliche Haltung (Zylinder schief) spiegelt seine innere Verwirrung und Aufgewühltheit wider.",
        "ort": "Straße vor dem Zeitungskiosk (Paris)",
        "valenz": null,
        "intensitaet": null,
        "gewichtete_valenz": null,
        "f_wert": "emotion_faerbt_raum",
        "f_emotion": "freudige Verwirrung",
        "raum_emotion": {
          "ort": "Straße Paris",
          "emotion": "freudige Verwirrung",
          "richtung": "emotion_faerbt_raum"
        },
        "route": null
      }
    },
    {
      "type": "Feature",
      "geometry": {
        "type": "Point",
        "coordinates": [
          2.3308,
          48.8655
        ]
      },
      "properties": {
        "id": 11,
        "zeile": 11,
        "tags": [
          "george_duroy",
          "mood",
          "social"
        ],
        "perspektive": "figur",
        "text": "Er fühlte ein Verlangen, die Passanten anzuhalten und ihnen zu erklären: »Kaufen Sie sich das, kaufe",
        "notiz": "Duroy fantasiert davon, seinen Erfolg öffentlich zu verkünden — Ausdruck seines Stolzes und sozialen Aufstiegswillens.",
        "ort": "Straße Paris (in Bewegung)",
        "valenz": 1,
        "intensitaet": 2,
        "gewichtete_valenz": 2,
        "f_wert": "emotion_faerbt_raum",
        "f_emotion": "Stolz, Eitelkeit",
        "raum_emotion": {
          "ort": "Belebte Straße Paris",
          "emotion": "Stolz, Eitelkeit",
          "richtung": "emotion_faerbt_raum"
        },
        "route": null
      }
    },
    {
      "type": "Feature",
      "geometry": {
        "type": "Point",
        "coordinates": [
          2.3308,
          48.8655
        ]
      },
      "properties": {
        "id": 12,
        "zeile": 12,
        "tags": [
          "george_duroy",
          "mood",
          "location",
          "sound"
        ],
        "perspektive": "figur",
        "text": "Am liebsten hätte er wie die Straßenhändler abends auf den Boulevards aus voller Kehle geschrien: »L",
        "notiz": "Duroy imaginiert sich selbst als Ausrufer auf den Boulevards — sein Triumphgefühl projiziert sich in den urbanen Raum.",
        "ort": "Boulevards von Paris (imaginiert)",
        "valenz": 1,
        "intensitaet": 2,
        "gewichtete_valenz": 2,
        "f_wert": "emotion_faerbt_raum",
        "f_emotion": "Triumph, Eitelkeit",
        "raum_emotion": {
          "ort": "Boulevards Paris",
          "emotion": "Triumph, Eitelkeit",
          "richtung": "emotion_faerbt_raum"
        },
        "route": null
      }
    },
    {
      "type": "Feature",
      "geometry": {
        "type": "Point",
        "coordinates": [
          2.3308,
          48.8655
        ]
      },
      "properties": {
        "id": 13,
        "zeile": 1,
        "tags": [
          "george_duroy",
          "mood",
          "social"
        ],
        "perspektive": "figur",
        "text": "Und plötzlich empfand er das Bedürfnis, selbst den Artikel zu lesen, und zwar öffentlich in irgendei",
        "notiz": "Duroy empfindet das innere Bedürfnis nach öffentlicher Anerkennung durch das Lesen seines Artikels.",
        "ort": "unbekanntes Café in Paris",
        "valenz": 1,
        "intensitaet": 2,
        "gewichtete_valenz": 2,
        "f_wert": "ort_loest_emotion_aus",
        "f_emotion": "Eitelkeit, Geltungsdrang",
        "raum_emotion": {
          "ort": "öffentliches Café",
          "emotion": "Eitelkeit, Geltungsdrang",
          "richtung": "ort_loest_emotion_aus"
        },
        "route": null
      }
    },
    {
      "type": "Feature",
      "geometry": {
        "type": "Point",
        "coordinates": [
          2.3308,
          48.8655
        ]
      },
      "properties": {
        "id": 14,
        "zeile": 2,
        "tags": [
          "george_duroy",
          "move",
          "location"
        ],
        "perspektive": "figur",
        "text": "Er wollte ein besuchtes Lokal finden; er mußte aber lange suchen, bis er endlich an eine Weinschenke",
        "notiz": "Duroy sucht aktiv ein belebtes Lokal und findet schließlich eine Weinschenke.",
        "ort": "Weinschenke in Paris (Nähe unbekannt)",
        "valenz": null,
        "intensitaet": null,
        "gewichtete_valenz": null,
        "f_wert": null,
        "f_emotion": null,
        "raum_emotion": null,
        "route": null
      }
    },
    {
      "type": "Feature",
      "geometry": {
        "type": "Point",
        "coordinates": [
          2.3308,
          48.8655
        ]
      },
      "properties": {
        "id": 15,
        "zeile": 3,
        "tags": [
          "george_duroy",
          "mood",
          "time"
        ],
        "perspektive": "figur",
        "text": "Er bestellte sich einen Rum in einem Tone, als ob er einen Absinth bestellt hätte, ohne an die Tages",
        "notiz": "Duroys Zerstreutheit und Aufregung zeigen sich darin, dass er die Tageszeit vergisst und Rum statt Absinth bestellt.",
        "ort": "Weinschenke in Paris",
        "valenz": 1,
        "intensitaet": 1,
        "gewichtete_valenz": 1,
        "f_wert": null,
        "f_emotion": null,
        "raum_emotion": null,
        "route": null
      }
    },
    {
      "type": "Feature",
      "geometry": {
        "type": "Point",
        "coordinates": [
          2.3308,
          48.8655
        ]
      },
      "properties": {
        "id": 16,
        "zeile": 6,
        "tags": [
          "george_duroy",
          "mood"
        ],
        "perspektive": "figur",
        "text": "Duroy erwiderte wütend und entrüstet: »Das ist eine nette Bude; kaufen Sie mir das Blatt sofort.«",
        "notiz": "Duroys Ungeduld und Wut zeigen sich in seiner scharfen Reaktion auf das Fehlen der Vie Française.",
        "ort": "Weinschenke in Paris",
        "valenz": -1,
        "intensitaet": 2,
        "gewichtete_valenz": -2,
        "f_wert": null,
        "f_emotion": null,
        "raum_emotion": null,
        "route": null
      }
    },
    {
      "type": "Feature",
      "geometry": {
        "type": "Point",
        "coordinates": [
          2.3308,
          48.8655
        ]
      },
      "properties": {
        "id": 17,
        "zeile": 7,
        "tags": [
          "george_duroy",
          "mood",
          "social"
        ],
        "perspektive": "figur",
        "text": "Duroy begann seinen Artikel zu lesen, ein paarmal sagte er dabei ganz laut: »Vortrefflich, ausgezeic",
        "notiz": "Duroy inszeniert sich bewusst als öffentliche Person, um Aufmerksamkeit auf seinen Artikel zu ziehen.",
        "ort": "Weinschenke in Paris",
        "valenz": 1,
        "intensitaet": 2,
        "gewichtete_valenz": 2,
        "f_wert": "emotion_faerbt_raum",
        "f_emotion": "Eitelkeit, Geltungsdrang",
        "raum_emotion": {
          "ort": "Weinschenke",
          "emotion": "Eitelkeit, Geltungsdrang",
          "richtung": "emotion_faerbt_raum"
        },
        "route": null
      }
    },
    {
      "type": "Feature",
      "geometry": {
        "type": "Point",
        "coordinates": [
          2.3308,
          48.8655
        ]
      },
      "properties": {
        "id": 18,
        "zeile": 9,
        "tags": [
          "george_duroy",
          "mood"
        ],
        "perspektive": "figur",
        "text": "er sah, als er fortging, wie einer der Gäste die Zeitung vom Tisch nahm.",
        "notiz": "Duroy beobachtet befriedigt, dass ein Gast seine zurückgelassene Zeitung aufnimmt — sein Plan geht auf.",
        "ort": "Weinschenke in Paris",
        "valenz": 1,
        "intensitaet": 1,
        "gewichtete_valenz": 1,
        "f_wert": "ort_loest_emotion_aus",
        "f_emotion": "Befriedigung, Eitelkeit",
        "raum_emotion": {
          "ort": "Weinschenke",
          "emotion": "Befriedigung, Eitelkeit",
          "richtung": "ort_loest_emotion_aus"
        },
        "route": null
      }
    },
    {
      "type": "Feature",
      "geometry": {
        "type": "Point",
        "coordinates": [
          2.3308,
          48.8655
        ]
      },
      "properties": {
        "id": 19,
        "zeile": 11,
        "tags": [
          "george_duroy",
          "mood",
          "move"
        ],
        "perspektive": "figur",
        "text": "Er dachte nach: »Was soll ich jetzt anfangen?« Und er entschloß sich, auf sein Bureau zu gehen, sich",
        "notiz": "Duroy entscheidet sich spontan, sein Bureau aufzusuchen und zu kündigen.",
        "ort": "Bureau Duroys (unbekannte Lage in Paris)",
        "valenz": null,
        "intensitaet": null,
        "gewichtete_valenz": null,
        "f_wert": null,
        "f_emotion": null,
        "raum_emotion": null,
        "route": null
      }
    },
    {
      "type": "Feature",
      "geometry": {
        "type": "Point",
        "coordinates": [
          2.3308,
          48.8655
        ]
      },
      "properties": {
        "id": 20,
        "zeile": 12,
        "tags": [
          "george_duroy",
          "mood",
          "social"
        ],
        "perspektive": "figur",
        "text": "Er zitterte im voraus vor Freude bei dem Gedanken an das Gesicht, das sein Chef und seine Kollegen m",
        "notiz": "Duroy antizipiert freudig die Reaktion seiner Vorgesetzten und empfindet Genugtuung über seinen sozialen Aufstieg.",
        "ort": "Bureau Duroys (unbekannte Lage in Paris)",
        "valenz": 1,
        "intensitaet": 2,
        "gewichtete_valenz": 2,
        "f_wert": "ort_loest_emotion_aus",
        "f_emotion": "Vorfreude, Schadenfreude",
        "raum_emotion": {
          "ort": "vorgestelltes Bureau",
          "emotion": "Vorfreude, Schadenfreude",
          "richtung": "ort_loest_emotion_aus"
        },
        "route": null
      }
    },
    {
      "type": "Feature",
      "geometry": {
        "type": "Point",
        "coordinates": [
          2.3308,
          48.8655
        ]
      },
      "properties": {
        "id": 21,
        "zeile": 13,
        "tags": [
          "george_duroy",
          "move",
          "time"
        ],
        "perspektive": "figur",
        "text": "Er ging langsam, um nicht vor halb zehn an Ort und Stelle zu sein, denn die Kasse wurde erst um zehn",
        "notiz": "Duroy reguliert bewusst sein Tempo, um zur richtigen Zeit am Bureau anzukommen — Zeit wird hier instrumentell erlebt.",
        "ort": "Strasse in Paris (Weg zum Bureau)",
        "valenz": null,
        "intensitaet": null,
        "gewichtete_valenz": null,
        "f_wert": null,
        "f_emotion": null,
        "raum_emotion": null,
        "route": null
      }
    },
    {
      "type": "Feature",
      "geometry": {
        "type": "Point",
        "coordinates": [
          2.3308,
          48.8655
        ]
      },
      "properties": {
        "id": 22,
        "zeile": 14,
        "tags": [
          "location",
          "space",
          "atmosphere"
        ],
        "perspektive": "erzaehler",
        "text": "Sein Bureau war ein dunkles, großes Zimmer, in dem man im Winter fast den ganzen Tag Gas brennen muß",
        "notiz": "Maupassant beschreibt das Bureau als düsteres, schlecht beleuchtetes Zimmer — von aussen, als atmosphärische Kulisse.",
        "ort": "Bureau Duroys (unbekannte Lage in Paris)",
        "valenz": null,
        "intensitaet": 2,
        "gewichtete_valenz": null,
        "f_wert": "ort_loest_emotion_aus",
        "f_emotion": "Düsternis, Bedrückung",
        "raum_emotion": {
          "ort": "Bureau",
          "emotion": "Düsternis, Bedrückung",
          "richtung": "ort_loest_emotion_aus"
        },
        "route": null
      }
    },
    {
      "type": "Feature",
      "geometry": {
        "type": "Point",
        "coordinates": [
          2.3308,
          48.8655
        ]
      },
      "properties": {
        "id": 23,
        "zeile": 15,
        "tags": [
          "space",
          "location"
        ],
        "perspektive": "erzaehler",
        "text": "Die Fenster gingen auf einen engen Hof, gegenüber lagen andere Bureaus.",
        "notiz": "Maupassant beschreibt die beengte räumliche Situation des Bureaus mit Blick auf einen engen Innenhof — sachliche Aussenbeschreibung.",
        "ort": "Bureau Duroys, Innenhof (unbekannte Lage in Paris)",
        "valenz": null,
        "intensitaet": 1,
        "gewichtete_valenz": null,
        "f_wert": null,
        "f_emotion": null,
        "raum_emotion": null,
        "route": null
      }
    },
    {
      "type": "Feature",
      "geometry": {
        "type": "Point",
        "coordinates": [
          2.3308,
          48.8655
        ]
      },
      "properties": {
        "id": 24,
        "zeile": 1,
        "tags": [
          "space",
          "social"
        ],
        "perspektive": "erzaehler",
        "text": "In dem seinen arbeiteten acht Angestellte und der Vorgesetzte, der in der Ecke hinter einem Wandschi",
        "notiz": "Maupassant beschreibt den Arbeitsraum von aussen mit seiner sozialen Hierarchie (Vorgesetzter hinter Wandschirm).",
        "ort": "Büro der Eisenbahngesellschaft (unspezifisch)",
        "valenz": null,
        "intensitaet": 1,
        "gewichtete_valenz": null,
        "f_wert": null,
        "f_emotion": null,
        "raum_emotion": null,
        "route": null
      }
    },
    {
      "type": "Feature",
      "geometry": {
        "type": "Point",
        "coordinates": [
          2.3308,
          48.8655
        ]
      },
      "properties": {
        "id": 25,
        "zeile": 2,
        "tags": [
          "george_duroy",
          "move",
          "social"
        ],
        "perspektive": "figur",
        "text": "Duroy ging zuerst, seine 118 Francs und 25 Centimes abzuholen, die in einem gelben Briefumschlag in ",
        "notiz": "Duroy handelt aktiv und holt seinen letzten Lohn ab — seine Armut wird durch den genauen Betrag sichtbar.",
        "ort": "Kassierer des Büros (unspezifisch)",
        "valenz": null,
        "intensitaet": null,
        "gewichtete_valenz": null,
        "f_wert": null,
        "f_emotion": null,
        "raum_emotion": null,
        "route": null
      }
    },
    {
      "type": "Feature",
      "geometry": {
        "type": "Point",
        "coordinates": [
          2.3308,
          48.8655
        ]
      },
      "properties": {
        "id": 26,
        "zeile": 3,
        "tags": [
          "george_duroy",
          "move",
          "mood",
          "location_erinnerung"
        ],
        "perspektive": "figur",
        "text": "Dann trat er übermütig und triumphierend in den Arbeitsraum, wo er so manchen Tag verbracht hatte.",
        "notiz": "Duroy betritt den Arbeitsraum mit Triumph und Übermut — der Ort seiner vergangenen Tätigkeit wird durch seine Emotion umgedeutet.",
        "ort": "Arbeitsraum des Büros (unspezifisch)",
        "valenz": 1,
        "intensitaet": 2,
        "gewichtete_valenz": 2,
        "f_wert": "emotion_faerbt_raum",
        "f_emotion": "Triumph, Übermut",
        "raum_emotion": {
          "ort": "Arbeitsraum",
          "emotion": "Triumph, Übermut",
          "richtung": "emotion_faerbt_raum"
        },
        "route": null
      }
    },
    {
      "type": "Feature",
      "geometry": {
        "type": "Point",
        "coordinates": [
          2.3308,
          48.8655
        ]
      },
      "properties": {
        "id": 27,
        "zeile": 7,
        "tags": [
          "george_duroy",
          "koerper_als_akteur",
          "mood"
        ],
        "perspektive": "figur",
        "text": "Duroy stand mitten im Zimmer und bereitete seine Überraschung vor.",
        "notiz": "Duroys körperliche Positionierung im Zentrum des Raums ist bewusst inszeniert — er bereitet seine Wirkung vor.",
        "ort": "Arbeitsraum des Büros (unspezifisch)",
        "valenz": 1,
        "intensitaet": 2,
        "gewichtete_valenz": 2,
        "f_wert": "emotion_faerbt_raum",
        "f_emotion": "Überlegenheit, Vorfreude",
        "raum_emotion": {
          "ort": "Arbeitsraum",
          "emotion": "Überlegenheit, Vorfreude",
          "richtung": "emotion_faerbt_raum"
        },
        "route": null
      }
    },
    {
      "type": "Feature",
      "geometry": {
        "type": "Point",
        "coordinates": [
          2.3308,
          48.8655
        ]
      },
      "properties": {
        "id": 28,
        "zeile": 12,
        "tags": [
          "atmosphere",
          "space",
          "social"
        ],
        "perspektive": "erzaehler",
        "text": "Unter den Beamten schlug das wie eine Bombe ein, und das verblüffte Gesicht des Herrn Potel tauchte ",
        "notiz": "Maupassant beschreibt von aussen die Wirkung von Duroys Aussage auf die Kollegen und die räumliche Absurdität des Wandschirms.",
        "ort": "Arbeitsraum des Büros (unspezifisch)",
        "valenz": null,
        "intensitaet": 2,
        "gewichtete_valenz": null,
        "f_wert": "ort_loest_emotion_aus",
        "f_emotion": "Verblüffung, Schockwirkung",
        "raum_emotion": {
          "ort": "Arbeitsraum",
          "emotion": "Verblüffung, Schockwirkung",
          "richtung": "ort_loest_emotion_aus"
        },
        "route": null
      }
    },
    {
      "type": "Feature",
      "geometry": {
        "type": "Point",
        "coordinates": [
          2.3308,
          48.8655
        ]
      },
      "properties": {
        "id": 29,
        "zeile": 14,
        "tags": [
          "social",
          "material",
          "space"
        ],
        "perspektive": "erzaehler",
        "text": "Er litt an Rheumatismus und hatte sich aus Furcht vor Zugluft dahinter verbaut. Er hatte nur zwei Lö",
        "notiz": "Maupassant beschreibt von aussen die soziale Kontrolle des Vorgesetzten durch den physischen Raum des Wandschirms.",
        "ort": "Arbeitsraum des Büros (unspezifisch)",
        "valenz": null,
        "intensitaet": 1,
        "gewichtete_valenz": null,
        "f_wert": null,
        "f_emotion": null,
        "raum_emotion": null,
        "route": null
      }
    },
    {
      "type": "Feature",
      "geometry": {
        "type": "Point",
        "coordinates": [
          2.3308,
          48.8655
        ]
      },
      "properties": {
        "id": 30,
        "zeile": 16,
        "tags": [
          "sound",
          "atmosphere"
        ],
        "perspektive": "erzaehler",
        "text": "Es war so still, daß man die Fliegen summen hörte.",
        "notiz": "Maupassant beschreibt die totale Stille nach Duroys Aussage durch das Geräusch der summenden Fliegen — atmosphärische Kulisse.",
        "ort": "Arbeitsraum des Büros (unspezifisch)",
        "valenz": null,
        "intensitaet": 2,
        "gewichtete_valenz": null,
        "f_wert": "ort_loest_emotion_aus",
        "f_emotion": "Bestürzung, Stille",
        "raum_emotion": {
          "ort": "Arbeitsraum",
          "emotion": "Bestürzung, Stille",
          "richtung": "ort_loest_emotion_aus"
        },
        "route": null
      }
    },
    {
      "type": "Feature",
      "geometry": {
        "type": "Point",
        "coordinates": [
          2.3308,
          48.8655
        ]
      },
      "properties": {
        "id": 31,
        "zeile": 20,
        "tags": [
          "george_duroy",
          "mood",
          "social"
        ],
        "perspektive": "figur",
        "text": "Er hatte sich zwar vorgenommen, das Vergnügen in die Länge zu ziehen, konnte jedoch nicht dem Drange",
        "notiz": "Duroy erlebt inneren Konflikt zwischen strategischer Kontrolle und dem Drang zur sofortigen Befriedigung seines Triumphgefühls.",
        "ort": "Arbeitsraum des Büros (unspezifisch)",
        "valenz": 1,
        "intensitaet": 2,
        "gewichtete_valenz": 2,
        "f_wert": "emotion_faerbt_raum",
        "f_emotion": "Triumph, Genugtuung",
        "raum_emotion": {
          "ort": "Arbeitsraum",
          "emotion": "Triumph, Genugtuung",
          "richtung": "emotion_faerbt_raum"
        },
        "route": null
      }
    },
    {
      "type": "Feature",
      "geometry": {
        "type": "Point",
        "coordinates": [
          2.3308,
          48.8655
        ]
      },
      "properties": {
        "id": 32,
        "zeile": 22,
        "tags": [
          "atmosphere",
          "social"
        ],
        "perspektive": "erzaehler",
        "text": "Übrigens war die Wirkung großartig; niemand wagte einen Ton von sich zu geben.",
        "notiz": "Maupassant beschreibt von aussen die kollektive Wirkung von Duroys Ankündigung auf die Kollegen — totale Sprachlosigkeit.",
        "ort": "Arbeitsraum des Büros (unspezifisch)",
        "valenz": null,
        "intensitaet": 2,
        "gewichtete_valenz": null,
        "f_wert": null,
        "f_emotion": null,
        "raum_emotion": null,
        "route": null
      }
    },
    {
      "type": "Feature",
      "geometry": {
        "type": "Point",
        "coordinates": [
          2.3308,
          48.8655
        ]
      },
      "properties": {
        "id": 33,
        "zeile": 25,
        "tags": [
          "george_duroy",
          "move"
        ],
        "perspektive": "figur",
        "text": "Damit ging er zum Bureauchef.",
        "notiz": "Duroy verlässt den Raum und bewegt sich aktiv zum Büroleiterzimmer — letzter Schritt des Abschiedsakts.",
        "ort": "Büro des Chefs (unspezifisch)",
        "valenz": null,
        "intensitaet": null,
        "gewichtete_valenz": null,
        "f_wert": null,
        "f_emotion": null,
        "raum_emotion": null,
        "route": null
      }
    },
    {
      "type": "Feature",
      "geometry": {
        "type": "Point",
        "coordinates": [
          2.3308,
          48.8655
        ]
      },
      "properties": {
        "id": 34,
        "zeile": 1,
        "tags": [
          "social"
        ],
        "perspektive": "erzaehler",
        "text": "Herr Perthuis, ein dicker Mann, dessen Gesicht rot wie ein Hahnenkamm wurde, erstickte fast vor Über",
        "notiz": "Maupassant beschreibt den Chef von aussen als soziale Figur der Autorität, die Duroy gegenübersteht.",
        "ort": "Büro des Arbeitgebers (nicht näher spezifiziert)",
        "valenz": null,
        "intensitaet": 2,
        "gewichtete_valenz": null,
        "f_wert": null,
        "f_emotion": null,
        "raum_emotion": null,
        "route": null
      }
    },
    {
      "type": "Feature",
      "geometry": {
        "type": "Point",
        "coordinates": [
          2.3308,
          48.8655
        ]
      },
      "properties": {
        "id": 35,
        "zeile": 2,
        "tags": [
          "george_duroy",
          "move",
          "mood"
        ],
        "perspektive": "figur",
        "text": "Er ging hinaus. Er war gerächt.",
        "notiz": "Duroy verlässt das Büro mit dem inneren Gefühl der Genugtuung und Rache.",
        "ort": "Büro des Arbeitgebers (nicht näher spezifiziert)",
        "valenz": null,
        "intensitaet": null,
        "gewichtete_valenz": null,
        "f_wert": "ort_loest_emotion_aus",
        "f_emotion": "Genugtuung, Rache",
        "raum_emotion": {
          "ort": "Büro des Arbeitgebers",
          "emotion": "Genugtuung, Rache",
          "richtung": "ort_loest_emotion_aus"
        },
        "route": null
      }
    },
    {
      "type": "Feature",
      "geometry": {
        "type": "Point",
        "coordinates": [
          2.3308,
          48.8655
        ]
      },
      "properties": {
        "id": 36,
        "zeile": 3,
        "tags": [
          "social",
          "george_duroy"
        ],
        "perspektive": "erzaehler",
        "text": "Er ging dann wirklich hin, um seinen bisherigen Kollegen die Hand zu schütteln. Sie wagten übrigens ",
        "notiz": "Maupassant beschreibt von aussen Duroys Abschied von den Kollegen und deren Verhalten aus Angst vor sozialer Kompromittierung.",
        "ort": "Büro des Arbeitgebers (nicht näher spezifiziert)",
        "valenz": null,
        "intensitaet": 2,
        "gewichtete_valenz": null,
        "f_wert": null,
        "f_emotion": null,
        "raum_emotion": null,
        "route": null
      }
    },
    {
      "type": "Feature",
      "geometry": {
        "type": "Point",
        "coordinates": [
          2.3308,
          48.8655
        ]
      },
      "properties": {
        "id": 37,
        "zeile": 4,
        "tags": [
          "george_duroy",
          "move",
          "social"
        ],
        "perspektive": "figur",
        "text": "Nun stand er wieder auf der Straße mit seinem Gehalt in der Tasche.",
        "notiz": "Duroy befindet sich wieder im öffentlichen Stadtraum und erlebt seinen neuen finanziellen Status als Erleichterung.",
        "ort": "Straße in Paris (nicht näher spezifiziert)",
        "valenz": null,
        "intensitaet": null,
        "gewichtete_valenz": null,
        "f_wert": "ort_loest_emotion_aus",
        "f_emotion": "Erleichterung, neues Selbstbewusstsein",
        "raum_emotion": {
          "ort": "Straße in Paris",
          "emotion": "Erleichterung, neues Selbstbewusstsein",
          "richtung": "ort_loest_emotion_aus"
        },
        "route": null
      }
    },
    {
      "type": "Feature",
      "geometry": {
        "type": "Point",
        "coordinates": [
          2.3308,
          48.8655
        ]
      },
      "properties": {
        "id": 38,
        "zeile": 5,
        "tags": [
          "george_duroy",
          "location",
          "social",
          "mood"
        ],
        "perspektive": "figur",
        "text": "Er leistete sich ein üppiges Frühstück in einem guten Restaurant zu mäßigen Preisen, das er kannte.",
        "notiz": "Duroy gönnt sich ein Frühstück in einem ihm bekannten Restaurant — inneres Erleben sozialen Aufstiegs durch Konsum.",
        "ort": "Restaurant in Paris (nicht näher spezifiziert)",
        "valenz": null,
        "intensitaet": null,
        "gewichtete_valenz": null,
        "f_wert": "ort_loest_emotion_aus",
        "f_emotion": "Selbstbelohnung, Genuss",
        "raum_emotion": {
          "ort": "Restaurant",
          "emotion": "Selbstbelohnung, Genuss",
          "richtung": "ort_loest_emotion_aus"
        },
        "route": null
      }
    },
    {
      "type": "Feature",
      "geometry": {
        "type": "Point",
        "coordinates": [
          2.3308,
          48.8655
        ]
      },
      "properties": {
        "id": 39,
        "zeile": 6,
        "tags": [
          "george_duroy",
          "social",
          "mood"
        ],
        "perspektive": "figur",
        "text": "Dann kaufte er sich wieder die Vie Française und ließ sie auf dem Tisch liegen, an dem er gegessen h",
        "notiz": "Duroy kauft die Zeitung, in der er nun Redakteur ist, als symbolische Geste des sozialen Aufstiegs.",
        "ort": "Restaurant in Paris (nicht näher spezifiziert)",
        "valenz": 1,
        "intensitaet": 2,
        "gewichtete_valenz": 2,
        "f_wert": null,
        "f_emotion": null,
        "raum_emotion": null,
        "route": null
      }
    },
    {
      "type": "Feature",
      "geometry": {
        "type": "Point",
        "coordinates": [
          2.3308,
          48.8655
        ]
      },
      "properties": {
        "id": 40,
        "zeile": 7,
        "tags": [
          "george_duroy",
          "move",
          "social",
          "mood"
        ],
        "perspektive": "figur",
        "text": "Er ging in mehrere Läden und kaufte sich Kleinigkeiten, nur um sie sich schicken zu lassen und seine",
        "notiz": "Duroy durchstreift Läden der Stadt, um seinen neuen Status öffentlich zu machen — inneres Erleben von Eitelkeit und sozialem Aufstieg.",
        "ort": "Läden in Paris (nicht näher spezifiziert)",
        "valenz": null,
        "intensitaet": null,
        "gewichtete_valenz": null,
        "f_wert": "emotion_faerbt_raum",
        "f_emotion": "Eitelkeit, Stolz",
        "raum_emotion": {
          "ort": "Läden in Paris",
          "emotion": "Eitelkeit, Stolz",
          "richtung": "emotion_faerbt_raum"
        },
        "route": null
      }
    },
    {
      "type": "Feature",
      "geometry": {
        "type": "Point",
        "coordinates": [
          2.3308,
          48.8655
        ]
      },
      "properties": {
        "id": 41,
        "zeile": 8,
        "tags": [
          "george_duroy",
          "move",
          "time",
          "social"
        ],
        "perspektive": "figur",
        "text": "Da er noch genügend Zeit hatte, ging er in eine lithographische Anstalt, wo Besuchskarten in ein paa",
        "notiz": "Duroy hat Zeit und nutzt sie gezielt für die Konstruktion seiner neuen Identität — Zeit als handlungsermöglichendes Element.",
        "ort": "Lithographische Anstalt in Paris (nicht näher spezifiziert)",
        "valenz": null,
        "intensitaet": null,
        "gewichtete_valenz": null,
        "f_wert": null,
        "f_emotion": null,
        "raum_emotion": null,
        "route": null
      }
    },
    {
      "type": "Feature",
      "geometry": {
        "type": "Point",
        "coordinates": [
          2.3308,
          48.8655
        ]
      },
      "properties": {
        "id": 42,
        "zeile": 9,
        "tags": [
          "george_duroy",
          "social",
          "mood"
        ],
        "perspektive": "figur",
        "text": "Er ließ sich sofort 100 Stück herstellen, die seinen Namen und seine neue Würde trugen.",
        "notiz": "Duroy lässt Visitenkarten drucken — die «neue Würde» markiert sein inneres Erleben des sozialen Aufstiegs.",
        "ort": "Lithographische Anstalt in Paris (nicht näher spezifiziert)",
        "valenz": 1,
        "intensitaet": 2,
        "gewichtete_valenz": 2,
        "f_wert": "ort_loest_emotion_aus",
        "f_emotion": "Stolz auf neue soziale Würde",
        "raum_emotion": {
          "ort": "Lithographische Anstalt",
          "emotion": "Stolz auf neue soziale Würde",
          "richtung": "ort_loest_emotion_aus"
        },
        "route": null
      }
    },
    {
      "type": "Feature",
      "geometry": {
        "type": "Point",
        "coordinates": [
          2.3308,
          48.8655
        ]
      },
      "properties": {
        "id": 43,
        "zeile": 10,
        "tags": [
          "george_duroy",
          "move",
          "location"
        ],
        "perspektive": "figur",
        "text": "Dann begab er sich in die Redaktion.",
        "notiz": "Duroy begibt sich in die Redaktion der Vie Française — Ortsveränderung aus seiner Perspektive.",
        "ort": "Redaktion der Vie Française, Paris",
        "valenz": null,
        "intensitaet": null,
        "gewichtete_valenz": null,
        "f_wert": null,
        "f_emotion": null,
        "raum_emotion": null,
        "route": null
      }
    },
    {
      "type": "Feature",
      "geometry": {
        "type": "Point",
        "coordinates": [
          2.3308,
          48.8655
        ]
      },
      "properties": {
        "id": 44,
        "zeile": 11,
        "tags": [
          "social"
        ],
        "perspektive": "erzaehler",
        "text": "Forestier empfing ihn wie einen Untergebenen etwas von oben herab.",
        "notiz": "Maupassant beschreibt von aussen die soziale Hierarchie zwischen Forestier und Duroy in der Redaktion.",
        "ort": "Redaktion der Vie Française, Paris",
        "valenz": null,
        "intensitaet": 2,
        "gewichtete_valenz": null,
        "f_wert": null,
        "f_emotion": null,
        "raum_emotion": null,
        "route": null
      }
    },
    {
      "type": "Feature",
      "geometry": {
        "type": "Point",
        "coordinates": [
          2.3308,
          48.8655
        ]
      },
      "properties": {
        "id": 45,
        "zeile": 12,
        "tags": [
          "social",
          "material"
        ],
        "perspektive": "erzaehler",
        "text": "Am andern Ende des Tisches saß ein kleiner, sehr dicker Mann mit ganz flachem, aufgedunsenem Gesicht",
        "notiz": "Maupassant beschreibt von aussen eine unbekannte Figur in der Redaktion durch äussere physische Merkmale.",
        "ort": "Redaktion der Vie Française, Paris",
        "valenz": null,
        "intensitaet": 1,
        "gewichtete_valenz": null,
        "f_wert": null,
        "f_emotion": null,
        "raum_emotion": null,
        "route": null
      }
    },
    {
      "type": "Feature",
      "geometry": {
        "type": "Point",
        "coordinates": [
          2.3308,
          48.8655
        ]
      },
      "properties": {
        "id": 46,
        "zeile": 1,
        "tags": [
          "social",
          "material"
        ],
        "perspektive": "erzaehler",
        "text": "Er war sehr kurzsichtig und schrieb, die Nase dicht ans Papier gedrückt.",
        "notiz": "Maupassant beschreibt Saint-Potin von aussen mit einer charakterisierenden körperlichen Eigenschaft.",
        "ort": "Redaktion La Vie française",
        "valenz": null,
        "intensitaet": 1,
        "gewichtete_valenz": null,
        "f_wert": null,
        "f_emotion": null,
        "raum_emotion": null,
        "route": null
      }
    },
    {
      "type": "Feature",
      "geometry": {
        "type": "Point",
        "coordinates": [
          2.3308,
          48.8655
        ]
      },
      "properties": {
        "id": 47,
        "zeile": 8,
        "tags": [
          "george_duroy",
          "mood"
        ],
        "perspektive": "figur",
        "text": "Duroy stotterte verlegen: »Nein ... ich dachte, es hätte Zeit bis heute nachmittag ... ich hatte die",
        "notiz": "Duroy erlebt Verlegenheit und sucht Ausreden, weil er das versprochene Manuskript nicht geliefert hat.",
        "ort": "Redaktion La Vie française",
        "valenz": -1,
        "intensitaet": 2,
        "gewichtete_valenz": -2,
        "f_wert": null,
        "f_emotion": null,
        "raum_emotion": null,
        "route": null
      }
    },
    {
      "type": "Feature",
      "geometry": {
        "type": "Point",
        "coordinates": [
          2.3308,
          48.8655
        ]
      },
      "properties": {
        "id": 48,
        "zeile": 10,
        "tags": [
          "atmosphere"
        ],
        "perspektive": "erzaehler",
        "text": "Der andere zuckte mißvergnügt die Achseln.",
        "notiz": "Maupassant beschreibt Forestiers Reaktion auf Duroys Ausrede von aussen.",
        "ort": "Redaktion La Vie française",
        "valenz": -1,
        "intensitaet": 1,
        "gewichtete_valenz": -1,
        "f_wert": null,
        "f_emotion": null,
        "raum_emotion": null,
        "route": null
      }
    },
    {
      "type": "Feature",
      "geometry": {
        "type": "Point",
        "coordinates": [
          2.3308,
          48.8655
        ]
      },
      "properties": {
        "id": 49,
        "zeile": 18,
        "tags": [
          "social"
        ],
        "perspektive": "erzaehler",
        "text": "Dann lehnte sich Forestier in seinen Stuhl zurück, nahm eine feierliche Haltung an, um seine Weisung",
        "notiz": "Maupassant beschreibt Forestiers überlegene Körperhaltung von aussen als sozialen Marker der Hierarchie.",
        "ort": "Redaktion La Vie française",
        "valenz": null,
        "intensitaet": 1,
        "gewichtete_valenz": null,
        "f_wert": null,
        "f_emotion": null,
        "raum_emotion": null,
        "route": null
      }
    },
    {
      "type": "Feature",
      "geometry": {
        "type": "Point",
        "coordinates": [
          2.3308,
          48.8655
        ]
      },
      "properties": {
        "id": 50,
        "zeile": 20,
        "tags": [
          "location",
          "historical"
        ],
        "perspektive": "erzaehler",
        "text": "wir haben in Paris seit zwei Tagen den chinesischen General Li-Theng-Fao, der im Hotel Continental a",
        "notiz": "Forestier nennt zwei konkrete Pariser Hotelstandorte im Zusammenhang mit exotischen Gästen — historisch-politischer Kontext der Dritten Republik.",
        "ort": "Hotel Continental, Paris (Rue de Castiglione)",
        "valenz": null,
        "intensitaet": 1,
        "gewichtete_valenz": null,
        "f_wert": null,
        "f_emotion": null,
        "raum_emotion": null,
        "route": null
      }
    },
    {
      "type": "Feature",
      "geometry": {
        "type": "Point",
        "coordinates": [
          2.3187,
          48.8683
        ]
      },
      "properties": {
        "id": 51,
        "zeile": 20,
        "tags": [
          "location",
          "historical"
        ],
        "perspektive": "erzaehler",
        "text": "den Rajah Taposahib Ramaderao Pali, der im Hotel Bristol wohnt.",
        "notiz": "Das Hotel Bristol als zweiter konkreter Pariser Ort im Kontext des kolonial-exotischen Interviews.",
        "ort": "Hotel Bristol, Place Vendôme / Rue du Faubourg Saint-Honoré, Paris",
        "valenz": null,
        "intensitaet": 1,
        "gewichtete_valenz": null,
        "f_wert": null,
        "f_emotion": null,
        "raum_emotion": null,
        "route": null
      }
    },
    {
      "type": "Feature",
      "geometry": {
        "type": "Point",
        "coordinates": [
          2.3327,
          48.87025
        ]
      },
      "properties": {
        "id": 52,
        "zeile": 20,
        "tags": [
          "george_duroy",
          "move"
        ],
        "perspektive": "erzaehler",
        "text": "Ihr werdet die beiden um eine Unterredung ersuchen.",
        "notiz": "Forestier gibt Duroy und Saint-Potin den Auftrag, die beiden Hotelgäste zu besuchen — eine angekündigte Ortsbewegung Duroys.",
        "ort": "Redaktion La Vie française",
        "valenz": null,
        "intensitaet": null,
        "gewichtete_valenz": null,
        "f_wert": null,
        "f_emotion": null,
        "raum_emotion": null,
        "route": null
      }
    },
    {
      "type": "Feature",
      "geometry": {
        "type": "Point",
        "coordinates": [
          2.3327,
          48.87025
        ]
      },
      "properties": {
        "id": 53,
        "zeile": 1,
        "tags": [
          "george_duroy"
        ],
        "perspektive": "erzaehler",
        "text": "Er schwieg, dann setzte er, ins Leere sprechend, hinzu",
        "notiz": "Erzähler beschreibt das Verhalten des Chefredakteurs von aussen.",
        "ort": "Redaktion La Vie Française",
        "valenz": null,
        "intensitaet": 1,
        "gewichtete_valenz": null,
        "f_wert": null,
        "f_emotion": null,
        "raum_emotion": null,
        "route": null
      }
    },
    {
      "type": "Feature",
      "geometry": {
        "type": "Point",
        "coordinates": [
          2.3327,
          48.87025
        ]
      },
      "properties": {
        "id": 54,
        "zeile": 8,
        "tags": [
          "social",
          "atmosphere"
        ],
        "perspektive": "erzaehler",
        "text": "Dann begann er wieder höchst würdig zu schreiben, mit der offenbaren Absicht, die Distanz zu wahren ",
        "notiz": "Erzähler beschreibt von aussen das soziale Machtspiel des Chefs gegenüber Duroy und Saint-Potin.",
        "ort": "Redaktion La Vie Française",
        "valenz": null,
        "intensitaet": 2,
        "gewichtete_valenz": null,
        "f_wert": null,
        "f_emotion": null,
        "raum_emotion": null,
        "route": null
      }
    },
    {
      "type": "Feature",
      "geometry": {
        "type": "Point",
        "coordinates": [
          2.3327,
          48.87025
        ]
      },
      "properties": {
        "id": 55,
        "zeile": 9,
        "tags": [
          "move",
          "location"
        ],
        "perspektive": "erzaehler",
        "text": "Kaum waren sie über die Schwelle, so sagte Saint-Potin lachend zu Duroy:",
        "notiz": "Erzähler beschreibt den Ortswechsel: Duroy und Saint-Potin verlassen die Redaktion.",
        "ort": "Eingang/Schwelle der Redaktion La Vie Française",
        "valenz": null,
        "intensitaet": 1,
        "gewichtete_valenz": null,
        "f_wert": null,
        "f_emotion": null,
        "raum_emotion": null,
        "route": null
      }
    },
    {
      "type": "Feature",
      "geometry": {
        "type": "Point",
        "coordinates": [
          2.3467,
          48.8722
        ]
      },
      "properties": {
        "id": 56,
        "zeile": 11,
        "tags": [
          "move",
          "location"
        ],
        "perspektive": "erzaehler",
        "text": "Sie gingen den Boulevard hinab und der Reporter fragte:",
        "notiz": "Erzähler beschreibt die Bewegung von Duroy und Saint-Potin einen Boulevard entlang.",
        "ort": "Boulevard Poissonière (Näherung, Redaktion La Vie Française)",
        "valenz": null,
        "intensitaet": 1,
        "gewichtete_valenz": null,
        "f_wert": null,
        "f_emotion": null,
        "raum_emotion": null,
        "route": [
          [
            2.3466305,
            48.8722361
          ]
        ]
      }
    },
    {
      "type": "Feature",
      "geometry": {
        "type": "Point",
        "coordinates": [
          2.3467,
          48.8722
        ]
      },
      "properties": {
        "id": 57,
        "zeile": 13,
        "tags": [
          "weather",
          "george_duroy"
        ],
        "perspektive": "figur",
        "text": "»Ja, gern, es ist sehr heiß heute.«",
        "notiz": "Duroy erlebt die Hitze körperlich und stimmt dem Erfrischungsvorschlag zu.",
        "ort": "Boulevard Poissonière (Näherung)",
        "valenz": -1,
        "intensitaet": 1,
        "gewichtete_valenz": -1,
        "f_wert": "koerper_als_sensor",
        "f_emotion": "Hitzeempfinden, Bedürfnis nach Erfrischung",
        "raum_emotion": {
          "ort": "Boulevard",
          "emotion": "Hitzeempfinden, Bedürfnis nach Erfrischung",
          "richtung": "koerper_als_sensor"
        },
        "route": null
      }
    },
    {
      "type": "Feature",
      "geometry": {
        "type": "Point",
        "coordinates": [
          2.3467,
          48.8722
        ]
      },
      "properties": {
        "id": 58,
        "zeile": 14,
        "tags": [
          "move",
          "location"
        ],
        "perspektive": "erzaehler",
        "text": "Sie gingen in ein Café und ließen sich etwas Erfrischendes bringen",
        "notiz": "Erzähler beschreibt den Ortswechsel in ein Café in der Nähe des Boulevards.",
        "ort": "Café am Boulevard (Näherung Boulevard Poissonière)",
        "valenz": null,
        "intensitaet": 1,
        "gewichtete_valenz": null,
        "f_wert": null,
        "f_emotion": null,
        "raum_emotion": null,
        "route": [
          [
            2.3466305,
            48.8722361
          ],
          [
            2.3462094,
            48.8722789
          ],
          [
            2.3462147,
            48.8722127
          ],
          [
            2.3461691,
            48.8721982
          ],
          [
            2.3460082,
            48.8722114
          ],
          [
            2.3456624,
            48.8711873
          ],
          [
            2.3454775,
            48.8712213
          ],
          [
            2.3437009,
            48.871508
          ],
          [
            2.3432636,
            48.8715758
          ],
          [
            2.3431939,
            48.8716002
          ],
          [
            2.3429897,
            48.8716375
          ],
          [
            2.3429308,
            48.8716429
          ],
          [
            2.342664,
            48.871685
          ],
          [
            2.3419053,
            48.8717956
          ],
          [
            2.3402555,
            48.8720522
          ],
          [
            2.3401728,
            48.8721058
          ],
          [
            2.3400073,
            48.8721295
          ],
          [
            2.3399294,
            48.8721349
          ],
          [
            2.3399177,
            48.872104
          ],
          [
            2.339515,
            48.8721683
          ],
          [
            2.3394788,
            48.8720522
          ],
          [
            2.3394569,
            48.8719822
          ],
          [
            2.339264,
            48.8719829
          ],
          [
            2.3389732,
            48.871984
          ],
          [
            2.3389729,
            48.8719336
          ],
          [
            2.3386941,
            48.8718878
          ],
          [
            2.3383603,
            48.8718295
          ],
          [
            2.338203,
            48.871802
          ],
          [
            2.3380261,
            48.871771
          ],
          [
            2.3379862,
            48.8717641
          ],
          [
            2.3375075,
            48.8716804
          ],
          [
            2.3372731,
            48.8716255
          ],
          [
            2.3372463,
            48.8716216
          ],
          [
            2.3371068,
            48.8716006
          ],
          [
            2.3368586,
            48.8715632
          ],
          [
            2.3366971,
            48.871521
          ],
          [
            2.3366593,
            48.8715153
          ],
          [
            2.3360054,
            48.8714028
          ],
          [
            2.3358936,
            48.8713952
          ]
        ]
      }
    },
    {
      "type": "Feature",
      "geometry": {
        "type": "Point",
        "coordinates": [
          2.3467,
          48.8722
        ]
      },
      "properties": {
        "id": 59,
        "zeile": 14,
        "tags": [
          "atmosphere",
          "social"
        ],
        "perspektive": "erzaehler",
        "text": "Herr Saint-Potin begann zu reden und wußte über die Zeitung und über jedermann eine Fülle erstaunlic",
        "notiz": "Erzähler beschreibt von aussen die Gesprächssituation im Café und die soziale Enthüllungsfreude Saint-Potins.",
        "ort": "Café am Boulevard (Näherung Boulevard Poissonière)",
        "valenz": null,
        "intensitaet": 1,
        "gewichtete_valenz": null,
        "f_wert": null,
        "f_emotion": null,
        "raum_emotion": null,
        "route": null
      }
    },
    {
      "type": "Feature",
      "geometry": {
        "type": "Point",
        "coordinates": [
          2.3467,
          48.8722
        ]
      },
      "properties": {
        "id": 60,
        "zeile": 16,
        "tags": [
          "social",
          "historical"
        ],
        "perspektive": "erzaehler",
        "text": "»Der Chef? Der richtige Jude! Die Juden kann man nie ummodeln. Das ist eine Rasse!« Und er führte di",
        "notiz": "Saint-Potins antisemitischer Monolog reflektiert soziale Vorurteile der Dritten Republik; Erzähler gibt diese Perspektive wieder.",
        "ort": "Café am Boulevard (Näherung Boulevard Poissonière)",
        "valenz": null,
        "intensitaet": 2,
        "gewichtete_valenz": null,
        "f_wert": null,
        "f_emotion": null,
        "raum_emotion": null,
        "route": null
      }
    },
    {
      "type": "Feature",
      "geometry": {
        "type": "Point",
        "coordinates": [
          2.3411,
          48.87195
        ]
      },
      "properties": {
        "id": 61,
        "zeile": 1,
        "tags": [
          "historical",
          "social"
        ],
        "perspektive": "erzaehler",
        "text": "Seine Zeitung ist offiziös, katholisch, liberal, republikanisch und orleanistisch zugleich, ein Kram",
        "notiz": "Maupassant beschreibt die politische und wirtschaftliche Natur von Walters Zeitung als Instrument der Spekulation — ein Kommentar zur Presselandschaft der Dritten Republik.",
        "ort": "Paris, allgemein (Redaktionskontext)",
        "valenz": null,
        "intensitaet": 2,
        "gewichtete_valenz": null,
        "f_wert": null,
        "f_emotion": null,
        "raum_emotion": null,
        "route": null
      }
    },
    {
      "type": "Feature",
      "geometry": {
        "type": "Point",
        "coordinates": [
          2.3411,
          48.87195
        ]
      },
      "properties": {
        "id": 62,
        "zeile": 3,
        "tags": [
          "george_duroy",
          "social"
        ],
        "perspektive": "erzaehler",
        "text": "So ging es weiter, wobei er Duroy immer »Mein lieber Freund« nannte.",
        "notiz": "Erzähler beobachtet das Gespräch zwischen Saint-Potin und Duroy von aussen — soziale Annäherungsgeste durch Anrede.",
        "ort": "unspezifisch, Gesprächssituation",
        "valenz": null,
        "intensitaet": 1,
        "gewichtete_valenz": null,
        "f_wert": null,
        "f_emotion": null,
        "raum_emotion": null,
        "route": null
      }
    },
    {
      "type": "Feature",
      "geometry": {
        "type": "Point",
        "coordinates": [
          2.3411,
          48.87195
        ]
      },
      "properties": {
        "id": 63,
        "zeile": 4,
        "tags": [
          "location",
          "social",
          "material"
        ],
        "perspektive": "erzaehler",
        "text": "Denken Sie, neulich war ich in seinem Arbeitszimmer, mit dem alten Narren de Norbert und diesem Don ",
        "notiz": "Erzähler lässt Saint-Potin Walters Arbeitszimmer erwähnen — der Hinweis auf die bekannte Aktenmappe verweist auf soziale Sichtbarkeit in Paris.",
        "ort": "Arbeitszimmer Walter (Paris, unspezifisch)",
        "valenz": null,
        "intensitaet": 2,
        "gewichtete_valenz": null,
        "f_wert": null,
        "f_emotion": null,
        "raum_emotion": null,
        "route": null
      }
    },
    {
      "type": "Feature",
      "geometry": {
        "type": "Point",
        "coordinates": [
          2.3411,
          48.87195
        ]
      },
      "properties": {
        "id": 64,
        "zeile": 5,
        "tags": [
          "social"
        ],
        "perspektive": "erzaehler",
        "text": "Dann verzog er das Gesicht zu einem sonderbaren Lächeln, das jedesmal seine dicken Backen umspielt, ",
        "notiz": "Erzähler beschreibt Walters Mimik von aussen als wiederkehrendes Charaktermerkmal — satirische Figurenzeichnung.",
        "ort": "Arbeitszimmer Walter (Paris, unspezifisch)",
        "valenz": null,
        "intensitaet": 2,
        "gewichtete_valenz": null,
        "f_wert": null,
        "f_emotion": null,
        "raum_emotion": null,
        "route": null
      }
    },
    {
      "type": "Feature",
      "geometry": {
        "type": "Point",
        "coordinates": [
          2.3411,
          48.87195
        ]
      },
      "properties": {
        "id": 65,
        "zeile": 6,
        "tags": [
          "social",
          "atmosphere"
        ],
        "perspektive": "erzaehler",
        "text": "Saint-Potin setzte mit dem erhabenen Gesicht eines Kenners hinzu: »Na, ist das nicht der reine Balza",
        "notiz": "Erzähler beschreibt Saint-Potins selbstgefällige Pose des Kenners — gesellschaftliche Inszenierung von Bildung.",
        "ort": "unspezifisch, Gesprächssituation",
        "valenz": null,
        "intensitaet": 1,
        "gewichtete_valenz": null,
        "f_wert": null,
        "f_emotion": null,
        "raum_emotion": null,
        "route": null
      }
    },
    {
      "type": "Feature",
      "geometry": {
        "type": "Point",
        "coordinates": [
          2.3411,
          48.87195
        ]
      },
      "properties": {
        "id": 66,
        "zeile": 7,
        "tags": [
          "george_duroy",
          "mood",
          "social"
        ],
        "perspektive": "figur",
        "text": "Duroy hatte nie Balzac gelesen, aber er antwortete mit Überzeugung: »Weiß der Teufel, ja.«",
        "notiz": "Duroy offenbart innerlich seine Bildungslücke, spielt aber nach aussen souverän mit — soziale Selbstinszenierung und innere Unsicherheit.",
        "ort": "unspezifisch, Gesprächssituation",
        "valenz": null,
        "intensitaet": null,
        "gewichtete_valenz": null,
        "f_wert": "ort_loest_emotion_aus",
        "f_emotion": "Unsicherheit, Anpassungsdrang",
        "raum_emotion": {
          "ort": "Gesprächssituation mit Saint-Potin",
          "emotion": "Unsicherheit, Anpassungsdrang",
          "richtung": "ort_loest_emotion_aus"
        },
        "route": null
      }
    },
    {
      "type": "Feature",
      "geometry": {
        "type": "Point",
        "coordinates": [
          2.3411,
          48.87195
        ]
      },
      "properties": {
        "id": 67,
        "zeile": 1,
        "tags": [
          "move"
        ],
        "perspektive": "erzaehler",
        "text": "Endlich war er bei Forestier angelangt:",
        "notiz": "Der Erzähler beschreibt neutral, dass Duroy in seiner Rede bei Forestier angelangt ist.",
        "ort": "Gesprächssituation in einem Lokal (nähe Boulevard Poissonière / Redaktion Vie Française)",
        "valenz": null,
        "intensitaet": null,
        "gewichtete_valenz": null,
        "f_wert": null,
        "f_emotion": null,
        "raum_emotion": null,
        "route": null
      }
    },
    {
      "type": "Feature",
      "geometry": {
        "type": "Point",
        "coordinates": [
          2.3411,
          48.87195
        ]
      },
      "properties": {
        "id": 68,
        "zeile": 2,
        "tags": [
          "george_duroy",
          "mood",
          "koerper_als_akteur"
        ],
        "perspektive": "figur",
        "text": "Duroy überfiel plötzlich ein Gefühl der inneren Kälte, eine Art Nervenkrampf; er hatte das Verlangen",
        "notiz": "Duroy erlebt eine heftige emotionale und körperliche Reaktion auf Saint-Potins Aussage über Mme Forestier.",
        "ort": "Lokal in der Nähe der Redaktion Vie Française",
        "valenz": null,
        "intensitaet": null,
        "gewichtete_valenz": null,
        "f_wert": "ort_loest_emotion_aus",
        "f_emotion": "innere Kälte, Nervenkrampf, Wut",
        "raum_emotion": {
          "ort": "Lokal",
          "emotion": "innere Kälte, Nervenkrampf, Wut",
          "richtung": "ort_loest_emotion_aus"
        },
        "route": null
      }
    },
    {
      "type": "Feature",
      "geometry": {
        "type": "Point",
        "coordinates": [
          2.3411,
          48.87195
        ]
      },
      "properties": {
        "id": 69,
        "zeile": 3,
        "tags": [
          "george_duroy",
          "time",
          "move"
        ],
        "perspektive": "figur",
        "text": "Duroy beglich die Zeche und sagte: »Mir scheint, es ist spät geworden und wir haben noch die beiden ",
        "notiz": "Duroy nimmt die Zeit wahr und signalisiert durch die Zahlung der Zeche seine Bereitschaft zum Aufbruch.",
        "ort": "Lokal in der Nähe der Redaktion Vie Française",
        "valenz": null,
        "intensitaet": null,
        "gewichtete_valenz": null,
        "f_wert": "ort_loest_emotion_aus",
        "f_emotion": "Ungeduld / Zeitdruck",
        "raum_emotion": {
          "ort": "Lokal",
          "emotion": "Ungeduld / Zeitdruck",
          "richtung": "ort_loest_emotion_aus"
        },
        "route": null
      }
    },
    {
      "type": "Feature",
      "geometry": {
        "type": "Point",
        "coordinates": [
          2.3411,
          48.87195
        ]
      },
      "properties": {
        "id": 70,
        "zeile": 4,
        "tags": [
          "location"
        ],
        "perspektive": "erzaehler",
        "text": "Hotel Bristol und Continental",
        "notiz": "Saint-Potin nennt konkrete Pariser Hotels als Informationsquellen; der Erzähler gibt reale Ortsnamen an.",
        "ort": "Hôtel Bristol / Hôtel Continental, Paris",
        "valenz": null,
        "intensitaet": 1,
        "gewichtete_valenz": null,
        "f_wert": null,
        "f_emotion": null,
        "raum_emotion": null,
        "route": null
      }
    },
    {
      "type": "Feature",
      "geometry": {
        "type": "Point",
        "coordinates": [
          2.3411,
          48.87195
        ]
      },
      "properties": {
        "id": 71,
        "zeile": 5,
        "tags": [
          "move",
          "social"
        ],
        "perspektive": "erzaehler",
        "text": "Wir rauchen noch eine Zigarre und gehen dann zu Fuß hin.",
        "notiz": "Der Erzähler beschreibt neutral Saint-Potins Plan, zu Fuß zu den Hotels zu gehen und dabei die Droschkenkosten zu berechnen — eine soziale Praxis der kleinen Manipulation.",
        "ort": "Lokal in der Nähe der Redaktion Vie Française",
        "valenz": null,
        "intensitaet": null,
        "gewichtete_valenz": null,
        "f_wert": null,
        "f_emotion": null,
        "raum_emotion": null,
        "route": null
      }
    },
    {
      "type": "Feature",
      "geometry": {
        "type": "Point",
        "coordinates": [
          2.3411,
          48.87195
        ]
      },
      "properties": {
        "id": 72,
        "zeile": 6,
        "tags": [
          "social"
        ],
        "perspektive": "erzaehler",
        "text": "Und nachher berechnen wir der Zeitung hundert Sous Droschkenspesen.",
        "notiz": "Der Erzähler lässt Saint-Potin die soziale Praxis der Spesenmanipulation enthüllen — ein Kommentar auf den Journalismus als soziales Milieu.",
        "ort": "Lokal in der Nähe der Redaktion Vie Française",
        "valenz": null,
        "intensitaet": 1,
        "gewichtete_valenz": null,
        "f_wert": null,
        "f_emotion": null,
        "raum_emotion": null,
        "route": null
      }
    },
    {
      "type": "Feature",
      "geometry": {
        "type": "Point",
        "coordinates": [
          2.3355,
          48.8717
        ]
      },
      "properties": {
        "id": 73,
        "zeile": 1,
        "tags": [
          "move",
          "location"
        ],
        "perspektive": "erzaehler",
        "text": "Sie standen auf und gingen den Boulevard herunter, der Madeleine zu.",
        "notiz": "Erzähler beschreibt die Bewegung von Duroy und Saint-Potin den Boulevard entlang Richtung Madeleine.",
        "ort": "Boulevard des Capucines, Richtung Madeleine",
        "valenz": null,
        "intensitaet": null,
        "gewichtete_valenz": null,
        "f_wert": null,
        "f_emotion": null,
        "raum_emotion": null,
        "route": [
          [
            2.3358936,
            48.8713952
          ],
          [
            2.3349102,
            48.8712119
          ],
          [
            2.3348238,
            48.8711976
          ],
          [
            2.334707,
            48.871178
          ],
          [
            2.3341992,
            48.8710926
          ],
          [
            2.3340134,
            48.8710614
          ],
          [
            2.3339537,
            48.8710513
          ],
          [
            2.3327325,
            48.8708461
          ],
          [
            2.3325847,
            48.8709012
          ],
          [
            2.3323199,
            48.8708527
          ],
          [
            2.3322366,
            48.8708148
          ],
          [
            2.3321494,
            48.8707754
          ],
          [
            2.3318858,
            48.870725
          ],
          [
            2.3317958,
            48.8706816
          ],
          [
            2.3302507,
            48.8704198
          ],
          [
            2.3301597,
            48.8704192
          ],
          [
            2.3297669,
            48.8703468
          ],
          [
            2.3297441,
            48.8703418
          ],
          [
            2.3290827,
            48.8702262
          ],
          [
            2.3281923,
            48.8700626
          ],
          [
            2.3280917,
            48.8700934
          ],
          [
            2.3279435,
            48.8700758
          ],
          [
            2.3278463,
            48.8700515
          ],
          [
            2.3276377,
            48.8700123
          ],
          [
            2.327505,
            48.8700692
          ],
          [
            2.326766,
            48.8703143
          ],
          [
            2.3267325,
            48.8703052
          ],
          [
            2.3266354,
            48.8703374
          ],
          [
            2.3266243,
            48.8703559
          ],
          [
            2.3261753,
            48.8704926
          ],
          [
            2.3261491,
            48.8704869
          ],
          [
            2.3260167,
            48.8705321
          ],
          [
            2.3259966,
            48.8705564
          ],
          [
            2.3257948,
            48.8705972
          ],
          [
            2.3257291,
            48.8706212
          ],
          [
            2.3254745,
            48.8705601
          ],
          [
            2.3253754,
            48.8706149
          ],
          [
            2.3249833,
            48.870739
          ],
          [
            2.3245894,
            48.8708638
          ],
          [
            2.324416,
            48.8708444
          ],
          [
            2.3241788,
            48.8709261
          ],
          [
            2.3241446,
            48.8708799
          ],
          [
            2.3241037,
            48.8708245
          ],
          [
            2.3233893,
            48.8709535
          ],
          [
            2.323289,
            48.870708
          ],
          [
            2.3232736,
            48.8706672
          ],
          [
            2.3231714,
            48.8706448
          ],
          [
            2.3230836,
            48.8706216
          ],
          [
            2.323204,
            48.870449
          ],
          [
            2.3228381,
            48.8703544
          ],
          [
            2.3228104,
            48.8703913
          ],
          [
            2.3227281,
            48.8703639
          ],
          [
            2.3226286,
            48.8703861
          ],
          [
            2.3226393,
            48.8704119
          ],
          [
            2.3214412,
            48.8706673
          ],
          [
            2.3214162,
            48.8706491
          ],
          [
            2.3212941,
            48.8707049
          ],
          [
            2.3212877,
            48.8707244
          ],
          [
            2.3200684,
            48.8711249
          ],
          [
            2.3200427,
            48.8711158
          ],
          [
            2.320005,
            48.8711273
          ],
          [
            2.319965,
            48.8711396
          ],
          [
            2.3184861,
            48.8716428
          ],
          [
            2.318443,
            48.8716373
          ],
          [
            2.3183586,
            48.8716831
          ],
          [
            2.3178607,
            48.8714146
          ],
          [
            2.3166414,
            48.8711398
          ],
          [
            2.3161832,
            48.8713266
          ],
          [
            2.3160449,
            48.8713398
          ],
          [
            2.3160167,
            48.8713122
          ],
          [
            2.3143172,
            48.8717743
          ],
          [
            2.3142636,
            48.8716733
          ],
          [
            2.3142287,
            48.871661
          ],
          [
            2.3134971,
            48.870793
          ],
          [
            2.3133282,
            48.8708499
          ],
          [
            2.3128271,
            48.8705866
          ],
          [
            2.3127267,
            48.870527
          ],
          [
            2.3127237,
            48.8705049
          ],
          [
            2.3127547,
            48.8704797
          ],
          [
            2.3125,
            48.8702901
          ],
          [
            2.311944,
            48.8700028
          ],
          [
            2.3118963,
            48.8699941
          ],
          [
            2.3117469,
            48.8699315
          ],
          [
            2.3117156,
            48.869919
          ],
          [
            2.3109092,
            48.869501
          ],
          [
            2.3106756,
            48.8696234
          ],
          [
            2.3105649,
            48.8696646
          ],
          [
            2.3102496,
            48.8697202
          ],
          [
            2.3101853,
            48.869726
          ],
          [
            2.3099363,
            48.8697159
          ],
          [
            2.3093758,
            48.8695363
          ],
          [
            2.3086913,
            48.8697534
          ],
          [
            2.3081148,
            48.8698989
          ]
        ]
      }
    },
    {
      "type": "Feature",
      "geometry": {
        "type": "Point",
        "coordinates": [
          2.3355,
          48.8717
        ]
      },
      "properties": {
        "id": 74,
        "zeile": 2,
        "tags": [
          "george_duroy",
          "mood"
        ],
        "perspektive": "figur",
        "text": "Duroy drückte ihm die Hand und ging. Der Gedanke an den Artikel, den er abends noch schreiben sollte",
        "notiz": "Duroy erlebt innere Unruhe wegen des zu schreibenden Artikels — ein emotionaler Zustand, der sein Handeln bestimmt.",
        "ort": "Boulevard des Capucines, nahe Madeleine",
        "valenz": null,
        "intensitaet": null,
        "gewichtete_valenz": null,
        "f_wert": "ort_loest_emotion_aus",
        "f_emotion": "Unruhe, gedankliche Beschäftigung",
        "raum_emotion": {
          "ort": "Boulevard",
          "emotion": "Unruhe, gedankliche Beschäftigung",
          "richtung": "ort_loest_emotion_aus"
        },
        "route": null
      }
    },
    {
      "type": "Feature",
      "geometry": {
        "type": "Point",
        "coordinates": [
          2.3078,
          48.8698
        ]
      },
      "properties": {
        "id": 75,
        "zeile": 3,
        "tags": [
          "george_duroy",
          "move",
          "location",
          "space"
        ],
        "perspektive": "figur",
        "text": "Er suchte nach neuen Ideen, Einfällen, nach Anekdoten und Schilderungen und gelangte schließlich zur",
        "notiz": "Duroy nimmt beim Gehen die Leere der Avenue des Champs-Élysées wahr — Bewegung und Raumwahrnehmung aus seiner Perspektive.",
        "ort": "Avenue des Champs-Élysées",
        "valenz": null,
        "intensitaet": null,
        "gewichtete_valenz": null,
        "f_wert": "emotion_faerbt_raum",
        "f_emotion": "gedankliche Anspannung, Suche",
        "raum_emotion": {
          "ort": "Avenue des Champs-Élysées",
          "emotion": "gedankliche Anspannung, Suche",
          "richtung": "emotion_faerbt_raum"
        },
        "route": [
          [
            2.3081148,
            48.8698989
          ],
          [
            2.3086913,
            48.8697534
          ],
          [
            2.3093758,
            48.8695363
          ],
          [
            2.3099363,
            48.8697159
          ],
          [
            2.3101853,
            48.869726
          ],
          [
            2.3102496,
            48.8697202
          ],
          [
            2.3105649,
            48.8696646
          ],
          [
            2.3106756,
            48.8696234
          ],
          [
            2.3109092,
            48.869501
          ],
          [
            2.3117156,
            48.869919
          ],
          [
            2.3117469,
            48.8699315
          ],
          [
            2.3118963,
            48.8699941
          ],
          [
            2.311944,
            48.8700028
          ],
          [
            2.3125,
            48.8702901
          ],
          [
            2.3127547,
            48.8704797
          ],
          [
            2.3127237,
            48.8705049
          ],
          [
            2.3127267,
            48.870527
          ],
          [
            2.3128271,
            48.8705866
          ],
          [
            2.3133282,
            48.8708499
          ],
          [
            2.3140342,
            48.8717245
          ],
          [
            2.3140202,
            48.8717443
          ],
          [
            2.3140872,
            48.8718502
          ],
          [
            2.3141167,
            48.8718586
          ],
          [
            2.3145454,
            48.8724786
          ],
          [
            2.3147846,
            48.8724884
          ],
          [
            2.3148624,
            48.8725784
          ],
          [
            2.3159072,
            48.872835
          ],
          [
            2.3159294,
            48.8728237
          ],
          [
            2.3160441,
            48.8728242
          ],
          [
            2.3160626,
            48.8728402
          ],
          [
            2.3178683,
            48.8731871
          ],
          [
            2.3178888,
            48.873175
          ],
          [
            2.3179913,
            48.8731861
          ],
          [
            2.318012,
            48.873198
          ],
          [
            2.3194883,
            48.8733415
          ],
          [
            2.3194942,
            48.8733339
          ],
          [
            2.3196223,
            48.8733251
          ],
          [
            2.3196316,
            48.8733571
          ],
          [
            2.3206372,
            48.8734476
          ],
          [
            2.3206667,
            48.8734379
          ],
          [
            2.3208954,
            48.8734005
          ],
          [
            2.3211153,
            48.8733952
          ],
          [
            2.3211072,
            48.8734384
          ],
          [
            2.3223129,
            48.873389
          ],
          [
            2.3223384,
            48.8733678
          ],
          [
            2.3224678,
            48.8733643
          ],
          [
            2.3224933,
            48.8733788
          ],
          [
            2.3235527,
            48.8733189
          ],
          [
            2.3235836,
            48.873303
          ],
          [
            2.3237056,
            48.873314
          ],
          [
            2.3237365,
            48.8733206
          ],
          [
            2.3242059,
            48.8732895
          ],
          [
            2.3242264,
            48.8732872
          ],
          [
            2.3243388,
            48.8732751
          ],
          [
            2.3244005,
            48.8732841
          ],
          [
            2.3253109,
            48.8732051
          ],
          [
            2.3253297,
            48.8731808
          ],
          [
            2.3254779,
            48.8731817
          ],
          [
            2.3265426,
            48.8731121
          ],
          [
            2.3268659,
            48.8730869
          ],
          [
            2.3268921,
            48.8730948
          ],
          [
            2.3276233,
            48.8730394
          ],
          [
            2.3276357,
            48.8730315
          ],
          [
            2.327747,
            48.8730242
          ],
          [
            2.3282114,
            48.8730031
          ],
          [
            2.3282496,
            48.8729811
          ],
          [
            2.3283644,
            48.872929
          ],
          [
            2.3285926,
            48.8727931
          ],
          [
            2.3287576,
            48.8729175
          ],
          [
            2.3287538,
            48.8729414
          ],
          [
            2.329969,
            48.8728851
          ],
          [
            2.3299948,
            48.872883
          ],
          [
            2.3309295,
            48.8728086
          ],
          [
            2.330942,
            48.8727877
          ],
          [
            2.3311885,
            48.8727558
          ],
          [
            2.331551,
            48.8728324
          ],
          [
            2.3317406,
            48.8729813
          ],
          [
            2.3317549,
            48.8730295
          ],
          [
            2.3328079,
            48.8728908
          ],
          [
            2.332871,
            48.8728814
          ],
          [
            2.3329578,
            48.8728251
          ],
          [
            2.3331858,
            48.8728178
          ],
          [
            2.3332767,
            48.8728055
          ],
          [
            2.3334871,
            48.8727842
          ],
          [
            2.3335433,
            48.8727945
          ],
          [
            2.3337776,
            48.8727614
          ],
          [
            2.335118,
            48.8725727
          ],
          [
            2.3351264,
            48.8725716
          ],
          [
            2.3352493,
            48.8725558
          ],
          [
            2.3357482,
            48.8724924
          ],
          [
            2.3357997,
            48.8724751
          ],
          [
            2.3360566,
            48.8724398
          ],
          [
            2.336088,
            48.8724356
          ],
          [
            2.3372905,
            48.8722677
          ],
          [
            2.3373147,
            48.8722644
          ],
          [
            2.3374501,
            48.872246
          ],
          [
            2.3374768,
            48.8722423
          ],
          [
            2.3381566,
            48.8721498
          ],
          [
            2.3381696,
            48.8721481
          ],
          [
            2.3383287,
            48.8721265
          ],
          [
            2.3383527,
            48.8721327
          ],
          [
            2.3384216,
            48.8723363
          ],
          [
            2.3389846,
            48.8722635
          ],
          [
            2.3391089,
            48.8722471
          ],
          [
            2.3391626,
            48.8722392
          ],
          [
            2.3393374,
            48.8722141
          ],
          [
            2.3399294,
            48.8721349
          ],
          [
            2.3400073,
            48.8721295
          ],
          [
            2.3401728,
            48.8721058
          ],
          [
            2.3402555,
            48.8720522
          ],
          [
            2.3419053,
            48.8717956
          ],
          [
            2.342664,
            48.871685
          ],
          [
            2.3429308,
            48.8716429
          ],
          [
            2.3429897,
            48.8716375
          ],
          [
            2.3431939,
            48.8716002
          ],
          [
            2.3432636,
            48.8715758
          ],
          [
            2.3437009,
            48.871508
          ],
          [
            2.3454775,
            48.8712213
          ],
          [
            2.3456624,
            48.8711873
          ],
          [
            2.3460082,
            48.8722114
          ],
          [
            2.3461691,
            48.8721982
          ],
          [
            2.3462147,
            48.8722127
          ],
          [
            2.3462094,
            48.8722789
          ],
          [
            2.3466305,
            48.8722361
          ]
        ]
      }
    },
    {
      "type": "Feature",
      "geometry": {
        "type": "Point",
        "coordinates": [
          2.3522,
          48.8566
        ]
      },
      "properties": {
        "id": 76,
        "zeile": 4,
        "tags": [
          "space",
          "weather",
          "atmosphere"
        ],
        "perspektive": "erzaehler",
        "text": "denn Paris war zu dieser heißen Jahreszeit fast unbelebt.",
        "notiz": "Erzähler beschreibt die sommerliche Leere von Paris als atmosphärische Kulisse.",
        "ort": "Paris (allgemein)",
        "valenz": -1,
        "intensitaet": 2,
        "gewichtete_valenz": -2,
        "f_wert": "ort_loest_emotion_aus",
        "f_emotion": "Leere, Stille",
        "raum_emotion": {
          "ort": "Paris",
          "emotion": "Leere, Stille",
          "richtung": "ort_loest_emotion_aus"
        },
        "route": null
      }
    },
    {
      "type": "Feature",
      "geometry": {
        "type": "Point",
        "coordinates": [
          2.295,
          48.8738
        ]
      },
      "properties": {
        "id": 77,
        "zeile": 5,
        "tags": [
          "location"
        ],
        "perspektive": "erzaehler",
        "text": "Er aß in einer Weinstube in der Nähe der Arc de Triomphe de l'Etoile",
        "notiz": "Erzähler nennt konkret den Bereich nahe dem Arc de Triomphe als Ort, wo Duroy zu Abend isst.",
        "ort": "Arc de Triomphe de l'Étoile, Umgebung",
        "valenz": null,
        "intensitaet": 1,
        "gewichtete_valenz": null,
        "f_wert": null,
        "f_emotion": null,
        "raum_emotion": null,
        "route": null
      }
    },
    {
      "type": "Feature",
      "geometry": {
        "type": "Point",
        "coordinates": [
          2.3467,
          48.8722
        ]
      },
      "properties": {
        "id": 78,
        "zeile": 6,
        "tags": [
          "move",
          "location"
        ],
        "perspektive": "erzaehler",
        "text": "ging über die äußeren Boulevards langsam nach Hause",
        "notiz": "Erzähler beschreibt Duroys Heimweg über die äußeren Boulevards — neutrale Ortsangabe.",
        "ort": "Äußere Boulevards, Paris",
        "valenz": null,
        "intensitaet": 1,
        "gewichtete_valenz": null,
        "f_wert": null,
        "f_emotion": null,
        "raum_emotion": null,
        "route": [
          [
            2.3466305,
            48.8722361
          ],
          [
            2.3462094,
            48.8722789
          ],
          [
            2.3460209,
            48.8723071
          ],
          [
            2.3450312,
            48.8724641
          ],
          [
            2.3448951,
            48.8724937
          ],
          [
            2.3450198,
            48.8730079
          ],
          [
            2.345001,
            48.8730317
          ],
          [
            2.3450225,
            48.8731116
          ],
          [
            2.3447382,
            48.8731279
          ],
          [
            2.3449232,
            48.8738523
          ],
          [
            2.3448109,
            48.8738651
          ],
          [
            2.3447865,
            48.8739065
          ],
          [
            2.3447207,
            48.8739696
          ],
          [
            2.344757,
            48.8739988
          ],
          [
            2.344749,
            48.8740051
          ],
          [
            2.3442031,
            48.8740073
          ],
          [
            2.3442111,
            48.874072
          ],
          [
            2.3432425,
            48.8740766
          ],
          [
            2.3432425,
            48.8740875
          ]
        ]
      }
    },
    {
      "type": "Feature",
      "geometry": {
        "type": "Point",
        "coordinates": [
          2.34495,
          48.8733
        ]
      },
      "properties": {
        "id": 79,
        "zeile": 7,
        "tags": [
          "george_duroy",
          "mood",
          "material"
        ],
        "perspektive": "figur",
        "text": "setzte sich an den Schreibtisch, um zu arbeiten. Doch sobald er den großen weißen Bogen Papier vor A",
        "notiz": "Duroy erlebt das Scheitern am Schreibtisch als inneren Verlust — der leere Bogen Papier löst Ratlosigkeit und geistige Leere aus.",
        "ort": "Duroys Wohnung (nicht genau lokalisierbar)",
        "valenz": -1,
        "intensitaet": 2,
        "gewichtete_valenz": -2,
        "f_wert": "ort_loest_emotion_aus",
        "f_emotion": "Ratlosigkeit, Versagen",
        "raum_emotion": {
          "ort": "Schreibtisch in Duroys Wohnung",
          "emotion": "Ratlosigkeit, Versagen",
          "richtung": "ort_loest_emotion_aus"
        },
        "route": null
      }
    },
    {
      "type": "Feature",
      "geometry": {
        "type": "Point",
        "coordinates": [
          2.34495,
          48.8733
        ]
      },
      "properties": {
        "id": 80,
        "zeile": 8,
        "tags": [
          "george_duroy",
          "mood"
        ],
        "perspektive": "figur",
        "text": "Er versuchte, Einzelheiten aus seinen Erinnerungen hervorzuholen und sie festzuhalten. Aber auch sie",
        "notiz": "Duroy erlebt das Scheitern seiner schriftstellerischen Versuche als inneres Versagen — Frustration und Orientierungslosigkeit.",
        "ort": "Duroys Wohnung",
        "valenz": -1,
        "intensitaet": 2,
        "gewichtete_valenz": -2,
        "f_wert": "ort_loest_emotion_aus",
        "f_emotion": "Frustration, Hilflosigkeit",
        "raum_emotion": {
          "ort": "Duroys Wohnung",
          "emotion": "Frustration, Hilflosigkeit",
          "richtung": "ort_loest_emotion_aus"
        },
        "route": null
      }
    },
    {
      "type": "Feature",
      "geometry": {
        "type": "Point",
        "coordinates": [
          2.34495,
          48.8733
        ]
      },
      "properties": {
        "id": 81,
        "zeile": 9,
        "tags": [
          "george_duroy",
          "mood",
          "time"
        ],
        "perspektive": "figur",
        "text": "Nach einer Stunde vergeblicher Anstrengung waren fünf Seiten vollgeschmiert. Es waren aber nur Einle",
        "notiz": "Duroy erlebt eine Stunde vergeblicher Arbeit — Zeit wird als Erfahrung des Scheiterns emotional erlebt.",
        "ort": "Duroys Wohnung",
        "valenz": -1,
        "intensitaet": 2,
        "gewichtete_valenz": -2,
        "f_wert": "ort_loest_emotion_aus",
        "f_emotion": "Erschöpfung, Misserfolg",
        "raum_emotion": {
          "ort": "Duroys Wohnung",
          "emotion": "Erschöpfung, Misserfolg",
          "richtung": "ort_loest_emotion_aus"
        },
        "route": null
      }
    },
    {
      "type": "Feature",
      "geometry": {
        "type": "Point",
        "coordinates": [
          2.34495,
          48.8733
        ]
      },
      "properties": {
        "id": 82,
        "zeile": 10,
        "tags": [
          "george_duroy",
          "mood",
          "location_erinnerung"
        ],
        "perspektive": "figur",
        "text": "sofort machte ihn die Aussicht auf einen neuen Arbeitsmorgen bei Madame Forestier und die Hoffnung a",
        "notiz": "Duroy antizipiert sehnsüchtig den nächsten Besuch bei Madame Forestier — persönliche Sehnsucht nach einem Ort und einer Person.",
        "ort": "Wohnung der Forestiers (imaginiert, nicht lokalisiert)",
        "valenz": 1,
        "intensitaet": 2,
        "gewichtete_valenz": 2,
        "f_wert": "ort_loest_emotion_aus",
        "f_emotion": "Sehnsucht, Verlangen",
        "raum_emotion": {
          "ort": "Wohnung Forestier",
          "emotion": "Sehnsucht, Verlangen",
          "richtung": "ort_loest_emotion_aus"
        },
        "route": null
      }
    },
    {
      "type": "Feature",
      "geometry": {
        "type": "Point",
        "coordinates": [
          2.34495,
          48.8733
        ]
      },
      "properties": {
        "id": 83,
        "zeile": 1,
        "tags": [
          "george_duroy",
          "mood"
        ],
        "perspektive": "figur",
        "text": "Er ging rasch zu Bett, denn er fürchtete fast, es könnte ihm plötzlich doch gelingen, wenn er sich n",
        "notiz": "Duroy geht rasch zu Bett aus Angst, dass er beim erneuten Versuch scheitern könnte — ein inneres, ambivalentes Gefühl.",
        "ort": "Duroys Wohnung (nicht näher spezifiziert)",
        "valenz": -1,
        "intensitaet": 1,
        "gewichtete_valenz": -1,
        "f_wert": null,
        "f_emotion": null,
        "raum_emotion": null,
        "route": null
      }
    },
    {
      "type": "Feature",
      "geometry": {
        "type": "Point",
        "coordinates": [
          2.34495,
          48.8733
        ]
      },
      "properties": {
        "id": 84,
        "zeile": 2,
        "tags": [
          "george_duroy",
          "mood",
          "time"
        ],
        "perspektive": "figur",
        "text": "Am nächsten Morgen stand er ziemlich spät auf und genoß im voraus die Freude dieses Besuches, den er",
        "notiz": "Duroy kostet die antizipierte Freude des bevorstehenden Besuchs genüsslich aus — Zeit wird lustvoll gedehnt erlebt.",
        "ort": "Duroys Wohnung (nicht näher spezifiziert)",
        "valenz": 1,
        "intensitaet": 2,
        "gewichtete_valenz": 2,
        "f_wert": "ort_loest_emotion_aus",
        "f_emotion": "Vorfreude, genussvolles Hinauszögern",
        "raum_emotion": {
          "ort": "Duroys Wohnung",
          "emotion": "Vorfreude, genussvolles Hinauszögern",
          "richtung": "ort_loest_emotion_aus"
        },
        "route": null
      }
    },
    {
      "type": "Feature",
      "geometry": {
        "type": "Point",
        "coordinates": [
          2.34495,
          48.8733
        ]
      },
      "properties": {
        "id": 85,
        "zeile": 3,
        "tags": [
          "time",
          "location"
        ],
        "perspektive": "erzaehler",
        "text": "Es war zehn Uhr vorbei, als er bei seinem Freunde klingelte.",
        "notiz": "Neutrale Zeitangabe des Erzählers, verbunden mit der Ankunft Duroys bei Forestier.",
        "ort": "Wohnung Forestier (nicht näher spezifiziert)",
        "valenz": null,
        "intensitaet": 1,
        "gewichtete_valenz": null,
        "f_wert": null,
        "f_emotion": null,
        "raum_emotion": null,
        "route": null
      }
    },
    {
      "type": "Feature",
      "geometry": {
        "type": "Point",
        "coordinates": [
          2.34495,
          48.8733
        ]
      },
      "properties": {
        "id": 86,
        "zeile": 4,
        "tags": [
          "george_duroy",
          "mood"
        ],
        "perspektive": "figur",
        "text": "Duroy hatte gar nicht gedacht, daß der Mann überhaupt zu Hause sein könnte. Trotzdem ließ er sich ni",
        "notiz": "Duroy registriert überrascht, dass Forestier zuhause ist, lässt sich aber nicht zurückschrecken — innere Entschlossenheit.",
        "ort": "Wohnung Forestier (nicht näher spezifiziert)",
        "valenz": 0,
        "intensitaet": 1,
        "gewichtete_valenz": 0,
        "f_wert": null,
        "f_emotion": null,
        "raum_emotion": null,
        "route": null
      }
    },
    {
      "type": "Feature",
      "geometry": {
        "type": "Point",
        "coordinates": [
          2.34495,
          48.8733
        ]
      },
      "properties": {
        "id": 87,
        "zeile": 5,
        "tags": [
          "george_duroy",
          "location_erinnerung",
          "move"
        ],
        "perspektive": "figur",
        "text": "Nachdem er fünf Minuten gewartet hatte, wurde er in das Arbeitszimmer geführt, in dem er einen so sc",
        "notiz": "Duroy wird ins Arbeitszimmer geführt und erinnert sich an den schönen früheren Morgen dort — positive Erinnerung an den Ort.",
        "ort": "Arbeitszimmer bei Forestier",
        "valenz": 1,
        "intensitaet": 2,
        "gewichtete_valenz": 2,
        "f_wert": "ort_loest_emotion_aus",
        "f_emotion": "angenehme Erinnerung, Nostalgie",
        "raum_emotion": {
          "ort": "Arbeitszimmer Forestier",
          "emotion": "angenehme Erinnerung, Nostalgie",
          "richtung": "ort_loest_emotion_aus"
        },
        "route": null
      }
    },
    {
      "type": "Feature",
      "geometry": {
        "type": "Point",
        "coordinates": [
          2.34495,
          48.8733
        ]
      },
      "properties": {
        "id": 88,
        "zeile": 6,
        "tags": [
          "location",
          "social",
          "material",
          "space"
        ],
        "perspektive": "erzaehler",
        "text": "Auf dem Platz, wo er gesessen hatte, saß jetzt Forestier im Schlafrock und Pantoffeln, auf dem Kopf ",
        "notiz": "Maupassant beschreibt von aussen die häusliche Szene im Arbeitszimmer Forestiers — Kleidung und Einrichtung signalisieren bürgerlichen Komfort.",
        "ort": "Arbeitszimmer bei Forestier",
        "valenz": null,
        "intensitaet": 1,
        "gewichtete_valenz": null,
        "f_wert": null,
        "f_emotion": null,
        "raum_emotion": null,
        "route": null
      }
    },
    {
      "type": "Feature",
      "geometry": {
        "type": "Point",
        "coordinates": [
          2.34495,
          48.8733
        ]
      },
      "properties": {
        "id": 89,
        "zeile": 7,
        "tags": [
          "george_duroy",
          "koerper_als_akteur",
          "mood"
        ],
        "perspektive": "figur",
        "text": "Duroy blieb an der Schwelle stehen und murmelte: »Ich bitte sehr um Verzeihung, wenn ich störe ...«",
        "notiz": "Duroy verharrt an der Schwelle — seine körperliche Hemmung zeigt innere Unsicherheit und Verlegenheit.",
        "ort": "Arbeitszimmer bei Forestier, Schwelle",
        "valenz": -1,
        "intensitaet": 1,
        "gewichtete_valenz": -1,
        "f_wert": "ort_loest_emotion_aus",
        "f_emotion": "Verlegenheit, Hemmung",
        "raum_emotion": {
          "ort": "Schwelle zum Arbeitszimmer",
          "emotion": "Verlegenheit, Hemmung",
          "richtung": "ort_loest_emotion_aus"
        },
        "route": null
      }
    },
    {
      "type": "Feature",
      "geometry": {
        "type": "Point",
        "coordinates": [
          2.34495,
          48.8733
        ]
      },
      "properties": {
        "id": 90,
        "zeile": 8,
        "tags": [
          "george_duroy",
          "mood"
        ],
        "perspektive": "figur",
        "text": "Duroy wußte nicht, was er sagen sollte. Er stotterte: »Nein, es ist: nichts, Verzeihung.«",
        "notiz": "Duroys Verwirrung und Scham äussern sich in Sprachlosigkeit und Stottern — innerer Zustand der Hilflosigkeit.",
        "ort": "Arbeitszimmer bei Forestier",
        "valenz": -1,
        "intensitaet": 2,
        "gewichtete_valenz": -2,
        "f_wert": null,
        "f_emotion": null,
        "raum_emotion": null,
        "route": null
      }
    },
    {
      "type": "Feature",
      "geometry": {
        "type": "Point",
        "coordinates": [
          2.34495,
          48.8733
        ]
      },
      "properties": {
        "id": 91,
        "zeile": 9,
        "tags": [
          "george_duroy",
          "mood",
          "social"
        ],
        "perspektive": "figur",
        "text": "Duroy wurde ganz verwirrt; endlich entschloß er sich: »Nein ... es ist nur... ich bringe den Artikel",
        "notiz": "Duroy erlebt tiefe Verwirrung und Scham beim Eingestehen seines Scheiterns — sein sozialer Aufstiegswunsch trifft auf Hilflosigkeit.",
        "ort": "Arbeitszimmer bei Forestier",
        "valenz": -1,
        "intensitaet": 2,
        "gewichtete_valenz": -2,
        "f_wert": null,
        "f_emotion": null,
        "raum_emotion": null,
        "route": null
      }
    },
    {
      "type": "Feature",
      "geometry": {
        "type": "Point",
        "coordinates": [
          2.34495,
          48.8733
        ]
      },
      "properties": {
        "id": 92,
        "zeile": 1,
        "tags": [
          "atmosphere",
          "social"
        ],
        "perspektive": "erzaehler",
        "text": "Die junge Frau rauchte ruhig weiter, ohne ein Wort zu sagen und lächelte nur immer ein geheimnisvoll",
        "notiz": "Maupassant beschreibt Madame Forestiers Verhalten von aussen als undurchdringlich und sozial kalkuliert.",
        "ort": "Wohnung Forestier (innen)",
        "valenz": null,
        "intensitaet": 2,
        "gewichtete_valenz": null,
        "f_wert": null,
        "f_emotion": null,
        "raum_emotion": null,
        "route": null
      }
    },
    {
      "type": "Feature",
      "geometry": {
        "type": "Point",
        "coordinates": [
          2.34495,
          48.8733
        ]
      },
      "properties": {
        "id": 93,
        "zeile": 2,
        "tags": [
          "george_duroy",
          "mood",
          "koerper_als_akteur"
        ],
        "perspektive": "figur",
        "text": "Duroy errötete und stotterte:",
        "notiz": "Duroys Körper verrät seine Beschämung — Erröten als körperliche Reaktion auf die soziale Blossstellung.",
        "ort": "Wohnung Forestier (innen)",
        "valenz": -1,
        "intensitaet": 2,
        "gewichtete_valenz": -2,
        "f_wert": "ort_loest_emotion_aus",
        "f_emotion": "Scham, Verlegenheit",
        "raum_emotion": {
          "ort": "Wohnung Forestier",
          "emotion": "Scham, Verlegenheit",
          "richtung": "ort_loest_emotion_aus"
        },
        "route": null
      }
    },
    {
      "type": "Feature",
      "geometry": {
        "type": "Point",
        "coordinates": [
          2.34495,
          48.8733
        ]
      },
      "properties": {
        "id": 94,
        "zeile": 3,
        "tags": [
          "george_duroy",
          "mood"
        ],
        "perspektive": "figur",
        "text": "Dann fuhr er plötzlich mit sicherer Stimme fort:",
        "notiz": "Duroy fasst sich und tritt wieder mit gespielter Sicherheit auf — innerer Wechsel von Beschämung zu Selbstbeherrschung.",
        "ort": "Wohnung Forestier (innen)",
        "valenz": 1,
        "intensitaet": 1,
        "gewichtete_valenz": 1,
        "f_wert": null,
        "f_emotion": null,
        "raum_emotion": null,
        "route": null
      }
    },
    {
      "type": "Feature",
      "geometry": {
        "type": "Point",
        "coordinates": [
          2.34495,
          48.8733
        ]
      },
      "properties": {
        "id": 95,
        "zeile": 4,
        "tags": [
          "george_duroy",
          "move",
          "mood"
        ],
        "perspektive": "figur",
        "text": "Rasch kehrte er nach Hause zurück und brummte: »Nun gut, ich mache es jetzt selbst und ganz allein, ",
        "notiz": "Duroy bewegt sich wütend nach Hause und formuliert innerlich einen trotzigen Entschluss.",
        "ort": "Duroys Wohnung (Weg dorthin)",
        "valenz": null,
        "intensitaet": null,
        "gewichtete_valenz": null,
        "f_wert": "emotion_faerbt_raum",
        "f_emotion": "Zorn, Trotz",
        "raum_emotion": {
          "ort": "Strasse / Heimweg",
          "emotion": "Zorn, Trotz",
          "richtung": "emotion_faerbt_raum"
        },
        "route": null
      }
    },
    {
      "type": "Feature",
      "geometry": {
        "type": "Point",
        "coordinates": [
          2.34495,
          48.8733
        ]
      },
      "properties": {
        "id": 96,
        "zeile": 5,
        "tags": [
          "george_duroy",
          "mood",
          "space"
        ],
        "perspektive": "figur",
        "text": "Kaum war er in seinem Zimmer, setzte er sich, von Zorn erregt, an die Arbeit.",
        "notiz": "Duroy setzt sich aufgewühlt in seinem Zimmer an den Schreibtisch — der enge private Raum wird zum Schauplatz seines emotionalen Zustands.",
        "ort": "Duroys Zimmer",
        "valenz": -1,
        "intensitaet": 2,
        "gewichtete_valenz": -2,
        "f_wert": "emotion_faerbt_raum",
        "f_emotion": "Zorn",
        "raum_emotion": {
          "ort": "Duroys Zimmer",
          "emotion": "Zorn",
          "richtung": "emotion_faerbt_raum"
        },
        "route": null
      }
    },
    {
      "type": "Feature",
      "geometry": {
        "type": "Point",
        "coordinates": [
          2.34495,
          48.8733
        ]
      },
      "properties": {
        "id": 97,
        "zeile": 6,
        "tags": [
          "social"
        ],
        "perspektive": "erzaehler",
        "text": "Er setzte die Geschichte fort, die Madame Forestier begonnen hatte, häufte Einzelheiten im Stil eine",
        "notiz": "Maupassant beschreibt von aussen Duroys schriftstellerische Unzulänglichkeit als Ausdruck seiner sozialen Herkunft.",
        "ort": "Duroys Zimmer",
        "valenz": null,
        "intensitaet": 2,
        "gewichtete_valenz": null,
        "f_wert": null,
        "f_emotion": null,
        "raum_emotion": null,
        "route": null
      }
    },
    {
      "type": "Feature",
      "geometry": {
        "type": "Point",
        "coordinates": [
          2.34495,
          48.8733
        ]
      },
      "properties": {
        "id": 98,
        "zeile": 7,
        "tags": [
          "move",
          "location"
        ],
        "perspektive": "erzaehler",
        "text": "In einer Stunde war der Aufsatz beendet, der einem Wirrwarr von Torheiten glich, und trug ihn selbst",
        "notiz": "Maupassant beschreibt Duroys Gang zur Redaktion der Vie Française neutral von aussen.",
        "ort": "Redaktion der Vie Française",
        "valenz": null,
        "intensitaet": 1,
        "gewichtete_valenz": null,
        "f_wert": null,
        "f_emotion": null,
        "raum_emotion": null,
        "route": null
      }
    },
    {
      "type": "Feature",
      "geometry": {
        "type": "Point",
        "coordinates": [
          2.34495,
          48.8733
        ]
      },
      "properties": {
        "id": 99,
        "zeile": 8,
        "tags": [
          "social",
          "atmosphere"
        ],
        "perspektive": "erzaehler",
        "text": "Der erste Mensch, der ihm hier begegnete, war Saint-Potin, der ihm mit der Herzlichkeit eines Mitsch",
        "notiz": "Maupassant beschreibt das Treffen mit Saint-Potin in der Redaktion von aussen, inklusive der sozialen Konnotation der Mitschuld.",
        "ort": "Redaktion der Vie Française",
        "valenz": null,
        "intensitaet": 1,
        "gewichtete_valenz": null,
        "f_wert": null,
        "f_emotion": null,
        "raum_emotion": null,
        "route": null
      }
    },
    {
      "type": "Feature",
      "geometry": {
        "type": "Point",
        "coordinates": [
          2.34495,
          48.8733
        ]
      },
      "properties": {
        "id": 100,
        "zeile": 9,
        "tags": [
          "george_duroy"
        ],
        "perspektive": "figur",
        "text": "Duroy hatte noch nichts gelesen; er nahm sofort die Zeitung und durchflog den langen Artikel mit dem",
        "notiz": "Duroy nimmt aktiv die Zeitung wahr und liest sie — eine Handlung aus seiner eigenen Perspektive in der Redaktion.",
        "ort": "Redaktion der Vie Française",
        "valenz": null,
        "intensitaet": null,
        "gewichtete_valenz": null,
        "f_wert": null,
        "f_emotion": null,
        "raum_emotion": null,
        "route": null
      }
    },
    {
      "type": "Feature",
      "geometry": {
        "type": "Point",
        "coordinates": [
          2.34495,
          48.8733
        ]
      },
      "properties": {
        "id": 101,
        "zeile": 1,
        "tags": [
          "atmosphere",
          "social"
        ],
        "perspektive": "erzaehler",
        "text": "Forestier kam eilig, schnaufend, mit geschäftigem Gesichtsausdruck herein",
        "notiz": "Maupassant beschreibt Forestiers Auftritt von aussen — Hektik und Geschäftigkeit der Redaktionswelt.",
        "ort": "Redaktion der Vie Française (Näherung)",
        "valenz": null,
        "intensitaet": 1,
        "gewichtete_valenz": null,
        "f_wert": null,
        "f_emotion": null,
        "raum_emotion": null,
        "route": null
      }
    },
    {
      "type": "Feature",
      "geometry": {
        "type": "Point",
        "coordinates": [
          2.34495,
          48.8733
        ]
      },
      "properties": {
        "id": 102,
        "zeile": 10,
        "tags": [
          "move",
          "location"
        ],
        "perspektive": "erzaehler",
        "text": "Saint-Potin zog seinen neuen Kollegen mit hinaus, und als sie im Flur waren",
        "notiz": "Maupassant beschreibt die Bewegung der beiden Figuren aus der Redaktion in den Flur.",
        "ort": "Flur der Redaktion der Vie Française (Näherung)",
        "valenz": null,
        "intensitaet": null,
        "gewichtete_valenz": null,
        "f_wert": null,
        "f_emotion": null,
        "raum_emotion": null,
        "route": null
      }
    },
    {
      "type": "Feature",
      "geometry": {
        "type": "Point",
        "coordinates": [
          2.34495,
          48.8733
        ]
      },
      "properties": {
        "id": 103,
        "zeile": 20,
        "tags": [
          "george_duroy",
          "social"
        ],
        "perspektive": "figur",
        "text": "Duroy erhielt seine zweihundert Francs sowie achtundzwanzig Francs für seinen gestrigen Artikel, so ",
        "notiz": "Duroy empfängt sein Geld — konkretes Erleben der eigenen finanziellen Situation.",
        "ort": "Kasse der Redaktion der Vie Française (Näherung)",
        "valenz": 1,
        "intensitaet": 2,
        "gewichtete_valenz": 2,
        "f_wert": null,
        "f_emotion": null,
        "raum_emotion": null,
        "route": null
      }
    },
    {
      "type": "Feature",
      "geometry": {
        "type": "Point",
        "coordinates": [
          2.34495,
          48.8733
        ]
      },
      "properties": {
        "id": 104,
        "zeile": 22,
        "tags": [
          "george_duroy",
          "mood",
          "social"
        ],
        "perspektive": "figur",
        "text": "Noch nie hatte er soviel auf einmal in den Händen gehabt, und er glaubte, er wäre reich für ewige Ze",
        "notiz": "Duroy erlebt das Geld als euphorische Empfindung von Reichtum und Sicherheit — innerer Zustand.",
        "ort": "Kasse der Redaktion der Vie Française (Näherung)",
        "valenz": 1,
        "intensitaet": 2,
        "gewichtete_valenz": 2,
        "f_wert": "ort_loest_emotion_aus",
        "f_emotion": "Euphorie, Gefühl des Reichtums",
        "raum_emotion": {
          "ort": "Kasse der Redaktion",
          "emotion": "Euphorie, Gefühl des Reichtums",
          "richtung": "ort_loest_emotion_aus"
        },
        "route": null
      }
    },
    {
      "type": "Feature",
      "geometry": {
        "type": "Point",
        "coordinates": [
          2.34495,
          48.8733
        ]
      },
      "properties": {
        "id": 105,
        "zeile": 25,
        "tags": [
          "move",
          "location"
        ],
        "perspektive": "erzaehler",
        "text": "Dann führte ihn Saint-Potin in die Redaktionen von vier oder fünf Konkurrenzblättern und plauderte d",
        "notiz": "Maupassant beschreibt von aussen die Route durch mehrere Redaktionen Pariser Konkurrenzblätter.",
        "ort": "Redaktionen Pariser Konkurrenzblätter (unspezifisch)",
        "valenz": null,
        "intensitaet": 1,
        "gewichtete_valenz": null,
        "f_wert": null,
        "f_emotion": null,
        "raum_emotion": null,
        "route": null
      }
    },
    {
      "type": "Feature",
      "geometry": {
        "type": "Point",
        "coordinates": [
          2.3432,
          48.8744
        ]
      },
      "properties": {
        "id": 106,
        "zeile": 30,
        "tags": [
          "george_duroy",
          "move",
          "time",
          "mood"
        ],
        "perspektive": "figur",
        "text": "Als der Abend kam, beschloß Duroy, der nichts weiter zu tun hatte, wieder einmal nach den Folies Ber",
        "notiz": "Duroy trifft aus eigenem Antrieb die Entscheidung, die Folies Bergère aufzusuchen — innere Initiative.",
        "ort": "Folies Bergère",
        "valenz": null,
        "intensitaet": null,
        "gewichtete_valenz": null,
        "f_wert": null,
        "f_emotion": null,
        "raum_emotion": null,
        "route": null
      }
    },
    {
      "type": "Feature",
      "geometry": {
        "type": "Point",
        "coordinates": [
          2.3432,
          48.8744
        ]
      },
      "properties": {
        "id": 107,
        "zeile": 31,
        "tags": [
          "george_duroy",
          "mood",
          "koerper_als_akteur"
        ],
        "perspektive": "figur",
        "text": "Er hoffte, mit Dreistigkeit durchzudrängen und ging zum Kontrolleur",
        "notiz": "Duroy handelt mit bewusster sozialer Kühnheit — körperliche und emotionale Strategie im Raum.",
        "ort": "Folies Bergère, Eingang",
        "valenz": 0,
        "intensitaet": 2,
        "gewichtete_valenz": 0,
        "f_wert": "emotion_faerbt_raum",
        "f_emotion": "Dreistigkeit, Hoffnung auf sozialen Aufstieg",
        "raum_emotion": {
          "ort": "Eingang Folies Bergère",
          "emotion": "Dreistigkeit, Hoffnung auf sozialen Aufstieg",
          "richtung": "emotion_faerbt_raum"
        },
        "route": null
      }
    },
    {
      "type": "Feature",
      "geometry": {
        "type": "Point",
        "coordinates": [
          2.3432,
          48.8744
        ]
      },
      "properties": {
        "id": 108,
        "zeile": 37,
        "tags": [
          "social",
          "atmosphere"
        ],
        "perspektive": "erzaehler",
        "text": "Man sah im Verzeichnis nach. Sein Name stand nicht darin.",
        "notiz": "Maupassant stellt von aussen die Ablehnung Duroys fest — nüchterner Abschluss seiner Strategie.",
        "ort": "Folies Bergère, Eingang",
        "valenz": null,
        "intensitaet": 2,
        "gewichtete_valenz": null,
        "f_wert": null,
        "f_emotion": null,
        "raum_emotion": null,
        "route": null
      }
    },
    {
      "type": "Feature",
      "geometry": {
        "type": "Point",
        "coordinates": [
          2.3432,
          48.8744
        ]
      },
      "properties": {
        "id": 109,
        "zeile": 1,
        "tags": [
          "george_duroy",
          "location"
        ],
        "perspektive": "erzaehler",
        "text": "Er trat ein und begegnete fast sofort Rahel, dem Mädchen, das er neulich nach Hause begleitet hatte.",
        "notiz": "Duroy betritt die Folies Bergère und trifft Rahel wieder — Erzähler beschreibt den Moment von aussen.",
        "ort": "Folies Bergère",
        "valenz": null,
        "intensitaet": 1,
        "gewichtete_valenz": null,
        "f_wert": null,
        "f_emotion": null,
        "raum_emotion": null,
        "route": null
      }
    },
    {
      "type": "Feature",
      "geometry": {
        "type": "Point",
        "coordinates": [
          2.3432,
          48.8744
        ]
      },
      "properties": {
        "id": 110,
        "zeile": 6,
        "tags": [
          "george_duroy",
          "mood"
        ],
        "perspektive": "figur",
        "text": "Duroy lächelte geschmeichelt.",
        "notiz": "Duroy empfindet geschmeichelte Freude über Rahels Geständnis, von ihm geträumt zu haben.",
        "ort": "Folies Bergère",
        "valenz": 1,
        "intensitaet": 1,
        "gewichtete_valenz": 1,
        "f_wert": "ort_loest_emotion_aus",
        "f_emotion": "Schmeichelei, Eitelkeit",
        "raum_emotion": {
          "ort": "Folies Bergère",
          "emotion": "Schmeichelei, Eitelkeit",
          "richtung": "ort_loest_emotion_aus"
        },
        "route": null
      }
    },
    {
      "type": "Feature",
      "geometry": {
        "type": "Point",
        "coordinates": [
          2.3432,
          48.8744
        ]
      },
      "properties": {
        "id": 111,
        "zeile": 10,
        "tags": [
          "george_duroy",
          "mood"
        ],
        "perspektive": "figur",
        "text": "Er zögerte, etwas verwirrt durch sein Vorhaben.",
        "notiz": "Duroy zögert verlegen, weil er seine Geldnot verschweigen will — innerer Zwiespalt.",
        "ort": "Folies Bergère",
        "valenz": -1,
        "intensitaet": 2,
        "gewichtete_valenz": -2,
        "f_wert": null,
        "f_emotion": null,
        "raum_emotion": null,
        "route": null
      }
    },
    {
      "type": "Feature",
      "geometry": {
        "type": "Point",
        "coordinates": [
          2.3432,
          48.8744
        ]
      },
      "properties": {
        "id": 112,
        "zeile": 11,
        "tags": [
          "george_duroy",
          "social"
        ],
        "perspektive": "figur",
        "text": "Diesmal nämlich habe ich gar kein Geld. Ich komme aus dem Klub, wo ich alles vermöbelt habe.",
        "notiz": "Duroy gibt seine finanzielle Notlage preis — wenn auch als Lüge verkleidet — und offenbart seine prekäre soziale Lage.",
        "ort": "Folies Bergère",
        "valenz": -1,
        "intensitaet": 2,
        "gewichtete_valenz": -2,
        "f_wert": null,
        "f_emotion": null,
        "raum_emotion": null,
        "route": null
      }
    },
    {
      "type": "Feature",
      "geometry": {
        "type": "Point",
        "coordinates": [
          2.3432,
          48.8744
        ]
      },
      "properties": {
        "id": 113,
        "zeile": 12,
        "tags": [
          "social"
        ],
        "perspektive": "erzaehler",
        "text": "Sie blickte ihm tief in die Augen und fühlte instinktiv seine Lüge mit der Erfahrung einer Dirne, di",
        "notiz": "Erzähler beschreibt Rahels sozialen Erfahrungshorizont als Dirne von aussen — sozialer Kommentar.",
        "ort": "Folies Bergère",
        "valenz": null,
        "intensitaet": 2,
        "gewichtete_valenz": null,
        "f_wert": null,
        "f_emotion": null,
        "raum_emotion": null,
        "route": null
      }
    },
    {
      "type": "Feature",
      "geometry": {
        "type": "Point",
        "coordinates": [
          2.3432,
          48.8744
        ]
      },
      "properties": {
        "id": 114,
        "zeile": 14,
        "tags": [
          "george_duroy",
          "mood",
          "social"
        ],
        "perspektive": "figur",
        "text": "Er lächelte verlegen: »Wenn du zehn Francs willst, das ist alles, was ich habe.«",
        "notiz": "Duroys Verlegenheit und seine Armut werden durch seine eigene Aussage und sein Lächeln sichtbar — inneres Erleben seiner Lage.",
        "ort": "Folies Bergère",
        "valenz": -1,
        "intensitaet": 2,
        "gewichtete_valenz": -2,
        "f_wert": null,
        "f_emotion": null,
        "raum_emotion": null,
        "route": null
      }
    },
    {
      "type": "Feature",
      "geometry": {
        "type": "Point",
        "coordinates": [
          2.3432,
          48.8744
        ]
      },
      "properties": {
        "id": 115,
        "zeile": 17,
        "tags": [
          "time"
        ],
        "perspektive": "erzaehler",
        "text": "Er blieb lange bei diesem Mädchen. Es war schon Tag, als er fortging.",
        "notiz": "Erzähler gibt neutral die Zeitspanne und Tageszeit an — Duroy bleibt die Nacht bei Rahel.",
        "ort": "Folies Bergère / Wohnung Rahels (näherungsweise)",
        "valenz": null,
        "intensitaet": 1,
        "gewichtete_valenz": null,
        "f_wert": null,
        "f_emotion": null,
        "raum_emotion": null,
        "route": null
      }
    },
    {
      "type": "Feature",
      "geometry": {
        "type": "Point",
        "coordinates": [
          2.3451,
          48.86485
        ]
      },
      "properties": {
        "id": 116,
        "zeile": 18,
        "tags": [
          "george_duroy",
          "mood"
        ],
        "perspektive": "figur",
        "text": "Sofort dachte er daran, sich die Vie Française zu kaufen.",
        "notiz": "Duroy denkt unmittelbar nach dem Fortgehen an seine Veröffentlichung — innere Spannung und Erwartung.",
        "ort": "Strasse nahe Wohnung Rahels (unspezifisch)",
        "valenz": 1,
        "intensitaet": 2,
        "gewichtete_valenz": 2,
        "f_wert": null,
        "f_emotion": null,
        "raum_emotion": null,
        "route": null
      }
    },
    {
      "type": "Feature",
      "geometry": {
        "type": "Point",
        "coordinates": [
          2.3451,
          48.86485
        ]
      },
      "properties": {
        "id": 117,
        "zeile": 19,
        "tags": [
          "george_duroy",
          "mood",
          "koerper_als_akteur"
        ],
        "perspektive": "figur",
        "text": "Mit zitternden Händen schlug er die Zeitung auf; seine Fortsetzung stand nicht darin.",
        "notiz": "Duroys zitternde Hände zeigen körperliche Aufregung und Erwartung — das Nicht-Finden der Fortsetzung trifft ihn unmittelbar.",
        "ort": "Strasse / Kiosk nahe Wohnung Rahels (unspezifisch)",
        "valenz": -1,
        "intensitaet": 2,
        "gewichtete_valenz": -2,
        "f_wert": "koerper_als_sensor",
        "f_emotion": "Aufregung, Enttäuschung",
        "raum_emotion": {
          "ort": "unspezifische Strasse",
          "emotion": "Aufregung, Enttäuschung",
          "richtung": "koerper_als_sensor"
        },
        "route": null
      }
    },
    {
      "type": "Feature",
      "geometry": {
        "type": "Point",
        "coordinates": [
          2.3451,
          48.86485
        ]
      },
      "properties": {
        "id": 118,
        "zeile": 1,
        "tags": [
          "george_duroy",
          "move",
          "space"
        ],
        "perspektive": "figur",
        "text": "Vergebens blieb er auf dem Bürgersteig stehen und überflog ängstlich die bedruckten Spalten, in der ",
        "notiz": "Duroy steht auf dem Bürgersteig und sucht ängstlich nach seinem Artikel — aktives Wahrnehmen und Erleben des städtischen Raums.",
        "ort": "Bürgersteig, Nähe Redaktion La Vie française",
        "valenz": null,
        "intensitaet": null,
        "gewichtete_valenz": null,
        "f_wert": "ort_loest_emotion_aus",
        "f_emotion": "Angst, Vergeblichkeit",
        "raum_emotion": {
          "ort": "Bürgersteig",
          "emotion": "Angst, Vergeblichkeit",
          "richtung": "ort_loest_emotion_aus"
        },
        "route": null
      }
    },
    {
      "type": "Feature",
      "geometry": {
        "type": "Point",
        "coordinates": [
          2.3451,
          48.86485
        ]
      },
      "properties": {
        "id": 119,
        "zeile": 2,
        "tags": [
          "mood",
          "koerper_als_akteur"
        ],
        "perspektive": "figur",
        "text": "Er fühlte sich vollständig niedergedrückt, und infolge seiner Mattigkeit nach der Liebesnacht traf i",
        "notiz": "Duroy erlebt körperliche und emotionale Erschöpfung — die Liebesnacht verstärkt die seelische Enttäuschung.",
        "ort": "Bürgersteig, Nähe Redaktion",
        "valenz": -1,
        "intensitaet": 3,
        "gewichtete_valenz": -3,
        "f_wert": "koerper_als_sensor",
        "f_emotion": "Niedergeschlagenheit, Enttäuschung",
        "raum_emotion": {
          "ort": "Bürgersteig",
          "emotion": "Niedergeschlagenheit, Enttäuschung",
          "richtung": "koerper_als_sensor"
        },
        "route": null
      }
    },
    {
      "type": "Feature",
      "geometry": {
        "type": "Point",
        "coordinates": [
          2.3451,
          48.86485
        ]
      },
      "properties": {
        "id": 120,
        "zeile": 3,
        "tags": [
          "move",
          "location"
        ],
        "perspektive": "erzaehler",
        "text": "Er ging nach Hause, legte sich angekleidet auf sein Bett und schlief sofort ein.",
        "notiz": "Der Erzähler beschreibt Duroys Rückkehr nach Hause und seinen sofortigen Schlaf neutral von aussen.",
        "ort": "Duroys Wohnung",
        "valenz": null,
        "intensitaet": null,
        "gewichtete_valenz": null,
        "f_wert": null,
        "f_emotion": null,
        "raum_emotion": null,
        "route": null
      }
    },
    {
      "type": "Feature",
      "geometry": {
        "type": "Point",
        "coordinates": [
          2.3451,
          48.86485
        ]
      },
      "properties": {
        "id": 121,
        "zeile": 4,
        "tags": [
          "move",
          "location"
        ],
        "perspektive": "erzaehler",
        "text": "Ein paar Stunden später war er auf dem Redaktionsbureau und ging zu Herrn Walter.",
        "notiz": "Der Erzähler verortet Duroy zeitlich und räumlich neutral im Redaktionsbureau.",
        "ort": "Redaktionsbureau La Vie française",
        "valenz": null,
        "intensitaet": 1,
        "gewichtete_valenz": null,
        "f_wert": null,
        "f_emotion": null,
        "raum_emotion": null,
        "route": null
      }
    },
    {
      "type": "Feature",
      "geometry": {
        "type": "Point",
        "coordinates": [
          2.3451,
          48.86485
        ]
      },
      "properties": {
        "id": 122,
        "zeile": 5,
        "tags": [
          "george_duroy",
          "move",
          "mood"
        ],
        "perspektive": "figur",
        "text": "Duroy ging wütend hinaus, ohne ein Wort zu erwidern. Er stürmte ins Arbeitszimmer seines Freundes.",
        "notiz": "Duroys Wut treibt seine körperliche Bewegung — er stürmt aus dem Büro des Direktors in das Zimmer Forestiers.",
        "ort": "Redaktionsbureau La Vie française",
        "valenz": null,
        "intensitaet": null,
        "gewichtete_valenz": null,
        "f_wert": "emotion_faerbt_raum",
        "f_emotion": "Wut",
        "raum_emotion": {
          "ort": "Redaktionsbureau",
          "emotion": "Wut",
          "richtung": "emotion_faerbt_raum"
        },
        "route": null
      }
    },
    {
      "type": "Feature",
      "geometry": {
        "type": "Point",
        "coordinates": [
          2.3451,
          48.86485
        ]
      },
      "properties": {
        "id": 123,
        "zeile": 6,
        "tags": [
          "george_duroy",
          "mood"
        ],
        "perspektive": "figur",
        "text": "Duroy war verwirrt und wußte nicht, was er erwidern sollte.",
        "notiz": "Duroy erlebt innere Verwirrung und Sprachlosigkeit gegenüber Forestier.",
        "ort": "Arbeitszimmer Forestier, Redaktionsbureau",
        "valenz": null,
        "intensitaet": null,
        "gewichtete_valenz": null,
        "f_wert": "ort_loest_emotion_aus",
        "f_emotion": "Verwirrung, Ohnmacht",
        "raum_emotion": {
          "ort": "Arbeitszimmer Forestier",
          "emotion": "Verwirrung, Ohnmacht",
          "richtung": "ort_loest_emotion_aus"
        },
        "route": null
      }
    },
    {
      "type": "Feature",
      "geometry": {
        "type": "Point",
        "coordinates": [
          2.347,
          48.8553
        ]
      },
      "properties": {
        "id": 124,
        "zeile": 7,
        "tags": [
          "george_duroy",
          "location"
        ],
        "perspektive": "figur",
        "text": "Als er seinen Aufsatz in die Tasche steckte, fuhr Forestier fort: »Heute begibst du dich zunächst zu",
        "notiz": "Duroy steckt den Artikel ein — eine kleine Handlung, die seine Unterwerfung unter Forestiers Autorität markiert; Polizeipräfektur als nächster Ort genannt.",
        "ort": "Polizeipräfektur, Paris",
        "valenz": null,
        "intensitaet": null,
        "gewichtete_valenz": null,
        "f_wert": null,
        "f_emotion": null,
        "raum_emotion": null,
        "route": null
      }
    },
    {
      "type": "Feature",
      "geometry": {
        "type": "Point",
        "coordinates": [
          2.3328,
          48.86255
        ]
      },
      "properties": {
        "id": 125,
        "zeile": 8,
        "tags": [
          "george_duroy",
          "move",
          "mood"
        ],
        "perspektive": "figur",
        "text": "Duroy ging, ohne daß ihm das beißende und verletzende Wort einfiel, nach dem er suchte.",
        "notiz": "Duroy verlässt das Büro in innerer Ohnmacht — er findet keine schlagfertige Antwort und erlebt seine eigene Sprachlosigkeit als Niederlage.",
        "ort": "Redaktionsbureau La Vie française",
        "valenz": null,
        "intensitaet": null,
        "gewichtete_valenz": null,
        "f_wert": "ort_loest_emotion_aus",
        "f_emotion": "Ohnmacht, Frustration",
        "raum_emotion": {
          "ort": "Redaktionsbureau",
          "emotion": "Ohnmacht, Frustration",
          "richtung": "ort_loest_emotion_aus"
        },
        "route": null
      }
    },
    {
      "type": "Feature",
      "geometry": {
        "type": "Point",
        "coordinates": [
          2.3328,
          48.86255
        ]
      },
      "properties": {
        "id": 126,
        "zeile": 9,
        "tags": [
          "time"
        ],
        "perspektive": "erzaehler",
        "text": "Am nächsten Tage brachte er seinen Aufsatz wieder. Er bekam ihn abermals zurück.",
        "notiz": "Der Erzähler fasst neutral und zeitlich gerafft zusammen, dass Duroys Artikel erneut abgelehnt wird.",
        "ort": "Redaktionsbureau La Vie française",
        "valenz": null,
        "intensitaet": 1,
        "gewichtete_valenz": null,
        "f_wert": null,
        "f_emotion": null,
        "raum_emotion": null,
        "route": null
      }
    },
    {
      "type": "Feature",
      "geometry": {
        "type": "Point",
        "coordinates": [
          2.3328,
          48.86255
        ]
      },
      "properties": {
        "id": 127,
        "zeile": 1,
        "tags": [
          "george_duroy",
          "mood"
        ],
        "perspektive": "figur",
        "text": "Als er ihn zum dritten Male geschrieben und zurückerhalten hatte, begriff er, daß er zu schnell vorw",
        "notiz": "Duroy erkennt seine eigene Ungeduld und Abhängigkeit von Forestier — innere Einsicht.",
        "ort": "unbestimmt",
        "valenz": null,
        "intensitaet": null,
        "gewichtete_valenz": null,
        "f_wert": null,
        "f_emotion": null,
        "raum_emotion": null,
        "route": null
      }
    },
    {
      "type": "Feature",
      "geometry": {
        "type": "Point",
        "coordinates": [
          2.3328,
          48.86255
        ]
      },
      "properties": {
        "id": 128,
        "zeile": 2,
        "tags": [
          "george_duroy",
          "mood"
        ],
        "perspektive": "figur",
        "text": "Er sprach nicht mehr von seinen 'Erinnerungen eines afrikanischen Jägers', und nahm sich vor, schlau",
        "notiz": "Duroy fasst einen inneren Entschluss zur Anpassung und strategischem Verhalten.",
        "ort": "unbestimmt",
        "valenz": null,
        "intensitaet": null,
        "gewichtete_valenz": null,
        "f_wert": null,
        "f_emotion": null,
        "raum_emotion": null,
        "route": null
      }
    },
    {
      "type": "Feature",
      "geometry": {
        "type": "Point",
        "coordinates": [
          2.3328,
          48.86255
        ]
      },
      "properties": {
        "id": 129,
        "zeile": 3,
        "tags": [
          "social"
        ],
        "perspektive": "erzaehler",
        "text": "Und in Erwartung besserer Tage widmete er sich in vollem Eifer seinem Berufe als Reporter.",
        "notiz": "Maupassant beschreibt von aussen Duroys berufliche Situation und seinen Eifer.",
        "ort": "unbestimmt",
        "valenz": null,
        "intensitaet": 2,
        "gewichtete_valenz": null,
        "f_wert": null,
        "f_emotion": null,
        "raum_emotion": null,
        "route": null
      }
    },
    {
      "type": "Feature",
      "geometry": {
        "type": "Point",
        "coordinates": [
          2.3186,
          48.8698
        ]
      },
      "properties": {
        "id": 130,
        "zeile": 4,
        "tags": [
          "space",
          "social",
          "historical"
        ],
        "perspektive": "erzaehler",
        "text": "Er lernte bald die Kulissen der Theater und der Politik, die Wandelgänge und Warteräume der Staatsmä",
        "notiz": "Maupassant beschreibt von aussen die sozialen und institutionellen Räume, die Duroy als Reporter durchquert.",
        "ort": "Palais Bourbon / Parlament Paris (Näherung)",
        "valenz": null,
        "intensitaet": 2,
        "gewichtete_valenz": null,
        "f_wert": null,
        "f_emotion": null,
        "raum_emotion": null,
        "route": null
      }
    },
    {
      "type": "Feature",
      "geometry": {
        "type": "Point",
        "coordinates": [
          2.33265,
          48.871
        ]
      },
      "properties": {
        "id": 131,
        "zeile": 5,
        "tags": [
          "social"
        ],
        "perspektive": "erzaehler",
        "text": "Er hatte dauernd zu tun mit Ministern, Portiers, Generalen, Geheimpolizisten, Fürsten, Zuhältern, Di",
        "notiz": "Maupassant listet von aussen das breite soziale Spektrum auf, mit dem Duroy als Reporter in Kontakt kommt.",
        "ort": "Paris, allgemein",
        "valenz": null,
        "intensitaet": 2,
        "gewichtete_valenz": null,
        "f_wert": null,
        "f_emotion": null,
        "raum_emotion": null,
        "route": null
      }
    },
    {
      "type": "Feature",
      "geometry": {
        "type": "Point",
        "coordinates": [
          2.33265,
          48.871
        ]
      },
      "properties": {
        "id": 132,
        "zeile": 6,
        "tags": [
          "social",
          "atmosphere"
        ],
        "perspektive": "erzaehler",
        "text": "er war der berechnende und gleichgültige Freund aller geworden, achtete alle gleich hoch und gleich ",
        "notiz": "Maupassant beschreibt von aussen Duroys soziale Gleichgültigkeit als Ergebnis seiner Reportertätigkeit.",
        "ort": "Paris, allgemein",
        "valenz": null,
        "intensitaet": 2,
        "gewichtete_valenz": null,
        "f_wert": null,
        "f_emotion": null,
        "raum_emotion": null,
        "route": null
      }
    },
    {
      "type": "Feature",
      "geometry": {
        "type": "Point",
        "coordinates": [
          2.33265,
          48.871
        ]
      },
      "properties": {
        "id": 133,
        "zeile": 7,
        "tags": [
          "george_duroy",
          "mood",
          "social"
        ],
        "perspektive": "figur",
        "text": "Er selbst kam sich dabei wie ein Mensch vor, der unmittelbar hintereinander von allen möglichen Wein",
        "notiz": "Duroy nimmt sein eigenes emotionales Abstumpfen durch die Vielfalt sozialer Kontakte wahr — innere Reflexion über seine Lage.",
        "ort": "unbestimmt",
        "valenz": null,
        "intensitaet": null,
        "gewichtete_valenz": null,
        "f_wert": "ort_loest_emotion_aus",
        "f_emotion": "Abstumpfung, Orientierungsverlust",
        "raum_emotion": {
          "ort": "Reportertätigkeit Paris",
          "emotion": "Abstumpfung, Orientierungsverlust",
          "richtung": "ort_loest_emotion_aus"
        },
        "route": null
      }
    },
    {
      "type": "Feature",
      "geometry": {
        "type": "Point",
        "coordinates": [
          2.33265,
          48.871
        ]
      },
      "properties": {
        "id": 134,
        "zeile": 8,
        "tags": [
          "social"
        ],
        "perspektive": "erzaehler",
        "text": "Er wurde in kurzer Zeit ein achtbarer Reporter, zuverlässig in seinen Nachrichten, listig, schnell u",
        "notiz": "Maupassant beschreibt von aussen Duroys berufliche Entwicklung und seine Bewertung durch Walter.",
        "ort": "Redaktion La Vie Française, Paris (Näherung)",
        "valenz": null,
        "intensitaet": 2,
        "gewichtete_valenz": null,
        "f_wert": null,
        "f_emotion": null,
        "raum_emotion": null,
        "route": null
      }
    },
    {
      "type": "Feature",
      "geometry": {
        "type": "Point",
        "coordinates": [
          2.3467,
          48.8722
        ]
      },
      "properties": {
        "id": 135,
        "zeile": 9,
        "tags": [
          "location",
          "social",
          "atmosphere"
        ],
        "perspektive": "erzaehler",
        "text": "Da er aber außer seinem festen Gehalt von zweihundert Francs nur zehn Centimes für die Zeile bekam u",
        "notiz": "Maupassant benennt die Boulevards, Cafés und Restaurants als sozialen Ort und beschreibt Duroys finanzielle Lage von aussen.",
        "ort": "Grands Boulevards, Paris",
        "valenz": null,
        "intensitaet": 2,
        "gewichtete_valenz": null,
        "f_wert": null,
        "f_emotion": null,
        "raum_emotion": null,
        "route": null
      }
    },
    {
      "type": "Feature",
      "geometry": {
        "type": "Point",
        "coordinates": [
          2.3467,
          48.8722
        ]
      },
      "properties": {
        "id": 136,
        "zeile": 10,
        "tags": [
          "george_duroy",
          "mood",
          "social"
        ],
        "perspektive": "figur",
        "text": "so hatte er nie einen Sous in der Tasche und war verzweifelt über seine Armut.",
        "notiz": "Duroy erlebt seine finanzielle Not als inneren Zustand der Verzweiflung — soziales Erleben der eigenen Armut.",
        "ort": "Paris, allgemein",
        "valenz": -1,
        "intensitaet": 3,
        "gewichtete_valenz": -3,
        "f_wert": "ort_loest_emotion_aus",
        "f_emotion": "Verzweiflung über Armut",
        "raum_emotion": {
          "ort": "Grands Boulevards / Cafés / Restaurants Paris",
          "emotion": "Verzweiflung über Armut",
          "richtung": "ort_loest_emotion_aus"
        },
        "route": null
      }
    },
    {
      "type": "Feature",
      "geometry": {
        "type": "Point",
        "coordinates": [
          2.3467,
          48.8722
        ]
      },
      "properties": {
        "id": 137,
        "zeile": 1,
        "tags": [
          "george_duroy",
          "social",
          "mood"
        ],
        "perspektive": "figur",
        "text": "Es steckt irgendein Kniff dahinter, dachte er, wenn er manche seiner Kollegen mit geldgefüllten Tasc",
        "notiz": "Duroy denkt neidisch über den Wohlstand seiner Kollegen nach und sucht nach verborgenen Erklärungen — inneres Erleben sozialer Ungleichheit.",
        "ort": "unspezifisch (Redaktionsumfeld)",
        "valenz": -1,
        "intensitaet": 2,
        "gewichtete_valenz": -2,
        "f_wert": null,
        "f_emotion": null,
        "raum_emotion": null,
        "route": null
      }
    },
    {
      "type": "Feature",
      "geometry": {
        "type": "Point",
        "coordinates": [
          2.3467,
          48.8722
        ]
      },
      "properties": {
        "id": 138,
        "zeile": 2,
        "tags": [
          "george_duroy",
          "social",
          "mood"
        ],
        "perspektive": "figur",
        "text": "Er witterte voller Neid irgendwelche heimlichen und verdächtigen Abmachungen, ein gegenseitiges Schm",
        "notiz": "Duroy empfindet Neid und vermutet ein geheimes System hinter dem Wohlstand seiner Kollegen — emotionale Wahrnehmung sozialer Ungerechtigkeit.",
        "ort": "unspezifisch",
        "valenz": -1,
        "intensitaet": 2,
        "gewichtete_valenz": -2,
        "f_wert": null,
        "f_emotion": null,
        "raum_emotion": null,
        "route": null
      }
    },
    {
      "type": "Feature",
      "geometry": {
        "type": "Point",
        "coordinates": [
          2.3467,
          48.8722
        ]
      },
      "properties": {
        "id": 139,
        "zeile": 3,
        "tags": [
          "george_duroy",
          "social",
          "mood"
        ],
        "perspektive": "figur",
        "text": "Auch er mußte hinter das Geheimnis kommen, auch er wollte Mitglied dieser verschwiegenen Genossensch",
        "notiz": "Duroys innerer Entschluss, sich Zugang zu den privilegierten Netzwerken seiner Kollegen zu verschaffen — Ambition und soziales Verlangen.",
        "ort": "unspezifisch",
        "valenz": 1,
        "intensitaet": 2,
        "gewichtete_valenz": 2,
        "f_wert": null,
        "f_emotion": null,
        "raum_emotion": null,
        "route": null
      }
    },
    {
      "type": "Feature",
      "geometry": {
        "type": "Point",
        "coordinates": [
          2.3467,
          48.8722
        ]
      },
      "properties": {
        "id": 140,
        "zeile": 4,
        "tags": [
          "george_duroy",
          "mood",
          "location_erinnerung",
          "sound",
          "time"
        ],
        "perspektive": "figur",
        "text": "Und wenn er abends an seinem Fenster die Eisenbahnzüge vorüberfahren sah, dann träumte er oft von de",
        "notiz": "Duroy träumt abends am Fenster beim Anblick vorbeifahrender Züge von seinem sozialen Aufstieg — räumlicher Moment löst Tagtraum und Ambition aus.",
        "ort": "Duroys Wohnung, Fenster mit Blick auf Eisenbahnlinie",
        "valenz": 1,
        "intensitaet": 2,
        "gewichtete_valenz": 2,
        "f_wert": "ort_loest_emotion_aus",
        "f_emotion": "Sehnsucht nach Aufstieg, Träumerei, Ambition",
        "raum_emotion": {
          "ort": "Fenster der Wohnung Duroys mit Blick auf Zugstrecke",
          "emotion": "Sehnsucht nach Aufstieg, Träumerei, Ambition",
          "richtung": "ort_loest_emotion_aus"
        },
        "route": null
      }
    }
  ]
}