{"type": "FeatureCollection", "features": [{"type": "Feature", "geometry": {"type": "Point", "coordinates": [2.3142, 48.8792]}, "properties": {"id": 1, "zeile": 1, "tags": ["george_duroy", "social"], "perspektive": "erzaehler", "text": "Georges Duroy hatte sich wieder ganz in seine alten Gewohnheiten eingelebt.", "notiz": "Maupassant beschreibt von aussen, dass Duroy zu alten Routinen zurückgekehrt ist.", "ort": "Paris (allgemein)", "valenz": null, "intensitaet": null, "gewichtete_valenz": null, "f_wert": null, "f_emotion": null, "raum_emotion": null, "route": null}}, {"type": "Feature", "geometry": {"type": "Point", "coordinates": [2.3142, 48.8792]}, "properties": {"id": 2, "zeile": 2, "tags": ["location", "space", "social"], "perspektive": "erzaehler", "text": "In seiner kleinen Parterrewohnung in der Rue Constantinople lebte er still und zurückgezogen, wie ei", "notiz": "Maupassant benennt konkret die Rue Constantinople als Wohnort Duroys und beschreibt seinen zurückgezogenen Lebensstil von aussen.", "ort": "Rue de Constantinople, Paris", "valenz": null, "intensitaet": 2, "gewichtete_valenz": null, "f_wert": null, "f_emotion": null, "raum_emotion": null, "route": null}}, {"type": "Feature", "geometry": {"type": "Point", "coordinates": [2.3142, 48.8792]}, "properties": {"id": 3, "zeile": 3, "tags": ["social", "george_duroy"], "perspektive": "erzaehler", "text": "Selbst seine Beziehungen zu Madame de Marelle hatten jetzt einen ehelichen Charakter angenommen, als", "notiz": "Der Erzähler beschreibt von aussen den quasi-ehelichen Charakter von Duroys Verhältnis zu Madame de Marelle.", "ort": "Paris (allgemein)", "valenz": null, "intensitaet": null, "gewichtete_valenz": null, "f_wert": null, "f_emotion": null, "raum_emotion": null, "route": null}}, {"type": "Feature", "geometry": {"type": "Point", "coordinates": [2.3142, 48.8792]}, "properties": {"id": 4, "zeile": 6, "tags": ["location"], "perspektive": "erzaehler", "text": "Frau Forestier weilte noch immer in Cannes.", "notiz": "Maupassant nennt Cannes als aktuellen Aufenthaltsort von Frau Forestier.", "ort": "Rue de Constantinople, Paris", "valenz": null, "intensitaet": 1, "gewichtete_valenz": null, "f_wert": null, "f_emotion": null, "raum_emotion": null, "route": null}}, {"type": "Feature", "geometry": {"type": "Point", "coordinates": [2.3142, 48.8792]}, "properties": {"id": 5, "zeile": 7, "tags": ["george_duroy", "mood", "time"], "perspektive": "figur", "text": "Er wartete; er war jetzt fest entschlossen, sie zu heiraten und alle Mittel anzuwenden, falls sie no", "notiz": "Duroy erlebt das Warten aktiv und ist innerlich fest entschlossen — sein innerer Zustand und emotionale Zeitwahrnehmung werden sichtbar.", "ort": "Rue de Constantinople, Paris", "valenz": null, "intensitaet": null, "gewichtete_valenz": null, "f_wert": "ort_loest_emotion_aus", "f_emotion": "Entschlossenheit, Ungeduld beim Warten", "raum_emotion": {"ort": "Parterrewohnung Rue Constantinople", "emotion": "Entschlossenheit, Ungeduld beim Warten", "richtung": "ort_loest_emotion_aus"}, "route": null}}, {"type": "Feature", "geometry": {"type": "Point", "coordinates": [2.3142, 48.8792]}, "properties": {"id": 6, "zeile": 8, "tags": ["george_duroy", "mood", "social"], "perspektive": "figur", "text": "Er vertraute auf sein Glück und auf die unwiderstehliche Anziehungskraft, die er auf alle Frauen aus", "notiz": "Duroy reflektiert innerlich sein Selbstbewusstsein bezüglich seines Charmes und seiner Chancen.", "ort": "Paris (allgemein)", "valenz": null, "intensitaet": null, "gewichtete_valenz": null, "f_wert": null, "f_emotion": null, "raum_emotion": null, "route": null}}, {"type": "Feature", "geometry": {"type": "Point", "coordinates": [2.3142, 48.8792]}, "properties": {"id": 7, "zeile": 9, "tags": ["time", "location"], "perspektive": "erzaehler", "text": "Ein paar kurze Zeilen benachrichtigten ihn, daß die Entscheidungsstunde bald schlagen würde. »Ich bi", "notiz": "Der Erzähler informiert neutral über den Brief und nennt Paris als Rückkehrdestination von Madeleine Forestier.", "ort": "Paris (allgemein)", "valenz": null, "intensitaet": 1, "gewichtete_valenz": null, "f_wert": null, "f_emotion": null, "raum_emotion": null, "route": null}}, {"type": "Feature", "geometry": {"type": "Point", "coordinates": [2.3211, 48.87945]}, "properties": {"id": 8, "zeile": 10, "tags": ["time", "move", "george_duroy"], "perspektive": "erzaehler", "text": "Er erhielt den Brief mit der Neunuhrpost und kam am selben Tage um drei zu ihr.", "notiz": "Der Erzähler gibt neutral die Uhrzeit und die Bewegung Duroys zu Forestier an.", "ort": "Wohnung Madeleine Forestier, Paris", "valenz": null, "intensitaet": null, "gewichtete_valenz": null, "f_wert": null, "f_emotion": null, "raum_emotion": null, "route": null}}, {"type": "Feature", "geometry": {"type": "Point", "coordinates": [2.3211, 48.87945]}, "properties": {"id": 9, "zeile": 11, "tags": ["george_duroy", "atmosphere"], "perspektive": "erzaehler", "text": "Sie reichte ihm beide Hände und lächelte mit ihrem reizenden, liebenswürdigen Lächeln, und einige Se", "notiz": "Maupassant beschreibt die Begegnung zwischen Duroy und Forestier von aussen — Geste, Lächeln, Blickkontakt.", "ort": "Wohnung Madeleine Forestier, Paris", "valenz": null, "intensitaet": null, "gewichtete_valenz": null, "f_wert": null, "f_emotion": null, "raum_emotion": null, "route": null}}, {"type": "Feature", "geometry": {"type": "Point", "coordinates": [2.3211, 48.87945]}, "properties": {"id": 10, "zeile": 1, "tags": ["george_duroy", "mood"], "perspektive": "figur", "text": "Er glaubte, sie zu verstehen; er glaubte in ihrem Lächeln, in dem Ton ihrer Stimme, ja selbst in ihr", "notiz": "Duroy interpretiert die Signale der Frau aus seiner inneren Perspektive als Aufforderung.", "ort": "unbekannt", "valenz": null, "intensitaet": null, "gewichtete_valenz": null, "f_wert": null, "f_emotion": null, "raum_emotion": null, "route": null}}, {"type": "Feature", "geometry": {"type": "Point", "coordinates": [2.3211, 48.87945]}, "properties": {"id": 11, "zeile": 2, "tags": ["george_duroy", "mood"], "perspektive": "figur", "text": "Er hatte sich zwar vorgenommen, die Sache nicht zu überstürzen, aber dann konnte er nicht mehr an si", "notiz": "Duroy verliert die Kontrolle über seinen Vorsatz und handelt impulsiv aus innerer Erregung.", "ort": "unbekannt", "valenz": null, "intensitaet": null, "gewichtete_valenz": null, "f_wert": null, "f_emotion": null, "raum_emotion": null, "route": null}}, {"type": "Feature", "geometry": {"type": "Point", "coordinates": [2.3211, 48.87945]}, "properties": {"id": 12, "zeile": 6, "tags": ["george_duroy", "mood", "koerper_als_akteur"], "perspektive": "figur", "text": "Doch er verstand, daß sie »ja« sagte; er sank auf die Knie, küßte leidenschaftlich ihre Hände und st", "notiz": "Duroy interpretiert ihre Reaktion als Zustimmung und reagiert mit einem körperlich ausdrucksstarken Gefühlsausbruch.", "ort": "unbekannt", "valenz": null, "intensitaet": null, "gewichtete_valenz": null, "f_wert": null, "f_emotion": null, "raum_emotion": null, "route": null}}, {"type": "Feature", "geometry": {"type": "Point", "coordinates": [2.3211, 48.87945]}, "properties": {"id": 13, "zeile": 8, "tags": ["george_duroy", "mood"], "perspektive": "figur", "text": "Da wurde ihm klar, daß er ihr gefallen hatte, und vielleicht schon seit längerer Zeit.", "notiz": "Duroy erkennt aus ihrer Blässe, dass seine Zuneigung erwidert wird — eine innere Erkenntnis.", "ort": "unbekannt", "valenz": null, "intensitaet": null, "gewichtete_valenz": null, "f_wert": null, "f_emotion": null, "raum_emotion": null, "route": null}}, {"type": "Feature", "geometry": {"type": "Point", "coordinates": [2.3211, 48.87945]}, "properties": {"id": 14, "zeile": 12, "tags": ["george_duroy", "mood", "move"], "perspektive": "figur", "text": "Er schwor es und ging; sein Herz jauchzte vor Freude.", "notiz": "Duroy verlässt die Szene in einem Zustand hochgespannter innerer Freude.", "ort": "unbekannt", "valenz": null, "intensitaet": null, "gewichtete_valenz": null, "f_wert": null, "f_emotion": null, "raum_emotion": null, "route": null}}, {"type": "Feature", "geometry": {"type": "Point", "coordinates": [2.3211, 48.87945]}, "properties": {"id": 15, "zeile": 13, "tags": ["social"], "perspektive": "erzaehler", "text": "Von da ab besuchte er sie stets mit großer Vorsicht und bat sie auch nicht um eine bestimmte Zusage,", "notiz": "Maupassant beschreibt von aussen Duroys taktisches Verhalten und die implizite Verlobungsdynamik.", "ort": "unbekannt", "valenz": null, "intensitaet": 2, "gewichtete_valenz": null, "f_wert": null, "f_emotion": null, "raum_emotion": null, "route": null}}, {"type": "Feature", "geometry": {"type": "Point", "coordinates": [2.3211, 48.87945]}, "properties": {"id": 16, "zeile": 15, "tags": ["social"], "perspektive": "erzaehler", "text": "Duroy arbeitete fleißig, gab wenig aus, versuchte etwas Geld zurückzulegen, um bei seiner Heirat wen", "notiz": "Maupassant beschreibt Duroys veränderten Umgang mit Geld im Hinblick auf seine soziale Aufstiegsstrategie von aussen.", "ort": "unbekannt", "valenz": null, "intensitaet": 2, "gewichtete_valenz": null, "f_wert": null, "f_emotion": null, "raum_emotion": null, "route": null}}, {"type": "Feature", "geometry": {"type": "Point", "coordinates": [2.3211, 48.87945]}, "properties": {"id": 17, "zeile": 17, "tags": ["time"], "perspektive": "erzaehler", "text": "Der Sommer ging vorbei und dann der Herbst, ohne daß jemand auf den geringsten Verdacht kam, denn si", "notiz": "Maupassant gibt neutral die verstrichene Zeit (Sommer, Herbst) und die diskrete Vorgehensweise der beiden an.", "ort": "unbekannt", "valenz": null, "intensitaet": 1, "gewichtete_valenz": null, "f_wert": null, "f_emotion": null, "raum_emotion": null, "route": null}}, {"type": "Feature", "geometry": {"type": "Point", "coordinates": [2.3211, 48.87945]}, "properties": {"id": 18, "zeile": 1, "tags": ["time"], "perspektive": "erzaehler", "text": "Eines Abends fragte ihn Madeleine und sah ihm dabei tief in die Augen", "notiz": "Neutrale Zeitangabe durch den Erzähler (Abend) ohne emotionalen Bezug.", "ort": "unbekannt", "valenz": null, "intensitaet": 1, "gewichtete_valenz": null, "f_wert": null, "f_emotion": null, "raum_emotion": null, "route": null}}, {"type": "Feature", "geometry": {"type": "Point", "coordinates": [2.3211, 48.87945]}, "properties": {"id": 19, "zeile": 6, "tags": ["george_duroy", "mood"], "perspektive": "figur", "text": "Er war rot geworden: »Ja, gut, morgen«, sagte er.", "notiz": "Duroys Verlegenheit (Erröten) zeigt inneres Erleben — er muss Madame de Marelle die bevorstehende Heirat mitteilen.", "ort": "unbekannt", "valenz": -1, "intensitaet": 2, "gewichtete_valenz": -2, "f_wert": null, "f_emotion": null, "raum_emotion": null, "route": null}}, {"type": "Feature", "geometry": {"type": "Point", "coordinates": [1.0329, 49.4397]}, "properties": {"id": 20, "zeile": 14, "tags": ["location_erinnerung"], "perspektive": "figur", "text": "»Ihre Eltern wohnen in der Nähe von Rouen, nicht wahr? So sagten Sie mir wenigstens.« »Ja, dicht bei", "notiz": "Duroy nennt den Herkunftsort seiner Eltern in Canteleu bei Rouen — persönliche Erinnerung an einen Ort seiner Vergangenheit.", "ort": "Canteleu bei Rouen", "valenz": 0, "intensitaet": 1, "gewichtete_valenz": 0, "f_wert": null, "f_emotion": null, "raum_emotion": null, "route": null}}, {"type": "Feature", "geometry": {"type": "Point", "coordinates": [2.3211, 48.87945]}, "properties": {"id": 21, "zeile": 17, "tags": ["george_duroy", "mood"], "perspektive": "figur", "text": "Erschrocken verstummte er. »Ja ... aber ... es sind ...« Dann nahm er sich zusammen", "notiz": "Duroy reagiert erschrocken und verlegen, als Madeleine die Eltern kennenlernen möchte — innerer Konflikt zwischen Scham und Fassung.", "ort": "unbekannt", "valenz": -1, "intensitaet": 2, "gewichtete_valenz": -2, "f_wert": null, "f_emotion": null, "raum_emotion": null, "route": null}}, {"type": "Feature", "geometry": {"type": "Point", "coordinates": [1.0329, 49.4397]}, "properties": {"id": 22, "zeile": 19, "tags": ["george_duroy", "social", "location_erinnerung"], "perspektive": "figur", "text": "»Meine teuerste Freundin, es sind Bauern, die ein Wirtshaus besitzen, die sich Hände und Füße blutig", "notiz": "Duroy reflektiert die soziale Herkunft seiner Eltern und seine eigene Klassenposition — inneres Erleben von Scham und Rechtfertigung.", "ort": "Canteleu bei Rouen", "valenz": -1, "intensitaet": 2, "gewichtete_valenz": -2, "f_wert": "ort_loest_emotion_aus", "f_emotion": "Scham, soziale Unsicherheit", "raum_emotion": {"ort": "Elternhaus in Canteleu", "emotion": "Scham, soziale Unsicherheit", "richtung": "ort_loest_emotion_aus"}, "route": null}}, {"type": "Feature", "geometry": {"type": "Point", "coordinates": [2.3211, 48.87945]}, "properties": {"id": 23, "zeile": 28, "tags": ["george_duroy", "mood"], "perspektive": "figur", "text": "Er fühlte sich gerührt und ergriffen. Noch nie hatte eine Frau ihn so bezaubert.", "notiz": "Duroy erlebt tiefe emotionale Bewegtheit gegenüber Madeleine — Höhepunkt seiner Faszination für sie.", "ort": "unbekannt", "valenz": 1, "intensitaet": 3, "gewichtete_valenz": 3, "f_wert": null, "f_emotion": null, "raum_emotion": null, "route": null}}, {"type": "Feature", "geometry": {"type": "Point", "coordinates": [2.3211, 48.87945]}, "properties": {"id": 24, "zeile": 1, "tags": ["george_duroy", "mood"], "perspektive": "figur", "text": "Er antwortete einfach: »Ich habe schon oft darüber nachgedacht, aber es scheint wohl nicht so einfac", "notiz": "Duroy reflektiert innerlich über die Möglichkeit einer Nobilitierung seines Namens — ein sozialer Aufstiegswunsch.", "ort": "unbekannt/innen", "valenz": 0, "intensitaet": 1, "gewichtete_valenz": 0, "f_wert": null, "f_emotion": null, "raum_emotion": null, "route": null}}, {"type": "Feature", "geometry": {"type": "Point", "coordinates": [2.3211, 48.87945]}, "properties": {"id": 25, "zeile": 2, "tags": ["george_duroy", "mood", "social"], "perspektive": "figur", "text": "Er lachte. »Weil ich nicht lächerlich erscheinen will.«", "notiz": "Duroy zeigt Bewusstsein für soziale Konventionen und mögliche Blamage beim Adeln des Namens.", "ort": "unbekannt/innen", "valenz": -1, "intensitaet": 1, "gewichtete_valenz": -1, "f_wert": null, "f_emotion": null, "raum_emotion": null, "route": null}}, {"type": "Feature", "geometry": {"type": "Point", "coordinates": [2.3211, 48.87945]}, "properties": {"id": 26, "zeile": 3, "tags": ["george_duroy", "mood", "social"], "perspektive": "figur", "text": "Er antwortete schnell, wie jemand, der sich in solchen Dingen gut auskennt: »Nein, das geht nicht. D", "notiz": "Duroy offenbart einen bereits ausgedachten Plan zur schrittweisen Nobilitierung seines Namens — inneres Kalkül und sozialer Aufstiegswille.", "ort": "unbekannt/innen", "valenz": 0, "intensitaet": 2, "gewichtete_valenz": 0, "f_wert": null, "f_emotion": null, "raum_emotion": null, "route": null}}, {"type": "Feature", "geometry": {"type": "Point", "coordinates": [2.3211, 48.87945]}, "properties": {"id": 27, "zeile": 4, "tags": ["george_duroy", "mood", "social"], "perspektive": "figur", "text": "Einige Sekunden überlegte er, dann erklärte er ernst: »Ja, so ist es ausgezeichnet.«", "notiz": "Duroy billigt nach kurzem Nachdenken den vorgeschlagenen Namen 'Duroy de Cantel' — innere Zustimmung zu einem sozialen Aufstiegssymbol.", "ort": "unbekannt/innen", "valenz": 1, "intensitaet": 1, "gewichtete_valenz": 1, "f_wert": null, "f_emotion": null, "raum_emotion": null, "route": null}}, {"type": "Feature", "geometry": {"type": "Point", "coordinates": [2.3211, 48.87945]}, "properties": {"id": 28, "zeile": 5, "tags": ["george_duroy", "social"], "perspektive": "figur", "text": "auf dem er las: »Madame Duroy de Cantel.«", "notiz": "Duroy liest den neuen Namen auf dem Papier — ein konkreter Moment der Konfrontation mit dem erstrebten sozialen Aufstieg.", "ort": "unbekannt/innen", "valenz": 1, "intensitaet": 2, "gewichtete_valenz": 2, "f_wert": null, "f_emotion": null, "raum_emotion": null, "route": null}}, {"type": "Feature", "geometry": {"type": "Point", "coordinates": [2.3211, 48.87945]}, "properties": {"id": 29, "zeile": 6, "tags": ["george_duroy", "location_erinnerung"], "perspektive": "figur", "text": "»Canteleu ist Ihre Heimat?« »Ja.«", "notiz": "Canteleu wird als Heimatort Duroys benannt — persönliche Herkunftserinnerung.", "ort": "Canteleu (Normandie)", "valenz": 0, "intensitaet": 1, "gewichtete_valenz": 0, "f_wert": null, "f_emotion": null, "raum_emotion": null, "route": null}}, {"type": "Feature", "geometry": {"type": "Point", "coordinates": [2.3142, 48.8792]}, "properties": {"id": 30, "zeile": 1, "tags": ["location", "george_duroy", "mood"], "perspektive": "erzaehler", "text": "Als er sich auf der Straße befand, war er fest entschlossen, sich in Zukunft nur noch Du Roy oder se", "notiz": "Duroy betritt die Straße mit einem neuen festen Entschluss bezüglich seines Namens.", "ort": "Straße in der Nähe von Madeleines Wohnung, Paris", "valenz": null, "intensitaet": null, "gewichtete_valenz": null, "f_wert": null, "f_emotion": null, "raum_emotion": null, "route": null}}, {"type": "Feature", "geometry": {"type": "Point", "coordinates": [2.3142, 48.8792]}, "properties": {"id": 31, "zeile": 2, "tags": ["george_duroy", "mood", "social"], "perspektive": "figur", "text": "Und er fühlte sich, als wäre ihm eine ganz neue Würde übertragen worden.", "notiz": "Duroy erlebt ein inneres Gefühl von neuem sozialem Aufstieg und Würde.", "ort": "Straße, Paris", "valenz": 1, "intensitaet": 2, "gewichtete_valenz": 2, "f_wert": "ort_loest_emotion_aus", "f_emotion": "Stolz, Würdegefühl", "raum_emotion": {"ort": "Straße, Paris", "emotion": "Stolz, Würdegefühl", "richtung": "ort_loest_emotion_aus"}, "route": null}}, {"type": "Feature", "geometry": {"type": "Point", "coordinates": [2.3142, 48.8792]}, "properties": {"id": 32, "zeile": 3, "tags": ["george_duroy", "koerper_als_akteur", "move", "social"], "perspektive": "figur", "text": "Er ging forscher, trug den Kopf höher und den Schnurrbart stolz gewirbelt, wie es einem Edelmann gez", "notiz": "Duroys Körperhaltung auf der Straße spiegelt sein neu gewonnenes Standesgefühl wider.", "ort": "Straße, Paris", "valenz": null, "intensitaet": null, "gewichtete_valenz": null, "f_wert": "emotion_faerbt_raum", "f_emotion": "Stolz, soziale Selbsterhöhung", "raum_emotion": {"ort": "Straße, Paris", "emotion": "Stolz, soziale Selbsterhöhung", "richtung": "emotion_faerbt_raum"}, "route": null}}, {"type": "Feature", "geometry": {"type": "Point", "coordinates": [2.3142, 48.8792]}, "properties": {"id": 33, "zeile": 4, "tags": ["george_duroy", "mood", "social", "space"], "perspektive": "figur", "text": "Er hatte die größte Lust, allen Vorübergehenden zuzurufen: »Ich heiße jetzt Du Roy de Cantel.«", "notiz": "Duroy empfindet einen impulsiven Drang, seinen neuen Namen allen Passanten auf der Straße mitzuteilen.", "ort": "Straße, Paris", "valenz": 1, "intensitaet": 2, "gewichtete_valenz": 2, "f_wert": "emotion_faerbt_raum", "f_emotion": "Euphorie, Stolz", "raum_emotion": {"ort": "Straße, Paris", "emotion": "Euphorie, Stolz", "richtung": "emotion_faerbt_raum"}, "route": null}}, {"type": "Feature", "geometry": {"type": "Point", "coordinates": [2.3142, 48.8792]}, "properties": {"id": 34, "zeile": 5, "tags": ["location", "move"], "perspektive": "erzaehler", "text": "Aber kaum war er in seiner Wohnung angelangt, da begann ihn der Gedanke an Madame de Marelle zu beun", "notiz": "Duroy erreicht seine Wohnung und wird sogleich von Gedanken an Madame de Marelle beunruhigt.", "ort": "Duroys Wohnung, Paris", "valenz": null, "intensitaet": 1, "gewichtete_valenz": null, "f_wert": null, "f_emotion": null, "raum_emotion": null, "route": null}}, {"type": "Feature", "geometry": {"type": "Point", "coordinates": [2.3142, 48.8792]}, "properties": {"id": 35, "zeile": 6, "tags": ["george_duroy", "mood"], "perspektive": "figur", "text": "da begann ihn der Gedanke an Madame de Marelle zu beunruhigen.", "notiz": "Duroy erlebt emotionale Beunruhigung bei dem Gedanken an Madame de Marelle.", "ort": "Duroys Wohnung, Paris", "valenz": -1, "intensitaet": 2, "gewichtete_valenz": -2, "f_wert": "ort_loest_emotion_aus", "f_emotion": "Beunruhigung, Unbehagen", "raum_emotion": {"ort": "Duroys Wohnung, Paris", "emotion": "Beunruhigung, Unbehagen", "richtung": "ort_loest_emotion_aus"}, "route": null}}, {"type": "Feature", "geometry": {"type": "Point", "coordinates": [2.3142, 48.8792]}, "properties": {"id": 36, "zeile": 7, "tags": ["george_duroy", "mood", "time"], "perspektive": "figur", "text": "»Es wird eine schwere Stunde werden,« dachte er, »ich werde einen schrecklichen Sturm heraufbeschwör", "notiz": "Duroy antizipiert die bevorstehende Konfrontation mit Madame de Marelle als emotionalen Sturm.", "ort": "Duroys Wohnung, Paris", "valenz": -1, "intensitaet": 2, "gewichtete_valenz": -2, "f_wert": null, "f_emotion": null, "raum_emotion": null, "route": null}}, {"type": "Feature", "geometry": {"type": "Point", "coordinates": [2.3142, 48.8792]}, "properties": {"id": 37, "zeile": 8, "tags": ["george_duroy", "mood"], "perspektive": "figur", "text": "In seiner gewohnten Sorglosigkeit, die ihn alle unangenehmen Dinge des Lebens einfach beiseite schie", "notiz": "Duroys charakteristische Sorglosigkeit ermöglicht ihm, Unangenehmes zu verdrängen und sich abzulenken.", "ort": "Duroys Wohnung, Paris", "valenz": 1, "intensitaet": 2, "gewichtete_valenz": 2, "f_wert": null, "f_emotion": null, "raum_emotion": null, "route": null}}, {"type": "Feature", "geometry": {"type": "Point", "coordinates": [2.3142, 48.8792]}, "properties": {"id": 38, "zeile": 9, "tags": ["social", "historical"], "perspektive": "erzaehler", "text": "Er forderte für die Adelsprädikate »de« (von) hundert Francs Jahressteuer, und für die Titel vom Bar", "notiz": "Maupassant beschreibt Duroys satirischen Artikel über Adelssteuern und verweist auf zeitgenössische gesellschaftliche Strukturen der Dritten Republik.", "ort": "Duroys Wohnung, Paris", "valenz": null, "intensitaet": 2, "gewichtete_valenz": null, "f_wert": null, "f_emotion": null, "raum_emotion": null, "route": null}}, {"type": "Feature", "geometry": {"type": "Point", "coordinates": [2.3142, 48.8792]}, "properties": {"id": 39, "zeile": 10, "tags": ["time"], "perspektive": "erzaehler", "text": "Am folgenden Tage erhielt er von seiner Geliebten ein blaues Briefchen, das ihren Besuch um ein Uhr ", "notiz": "Neutrale Zeitangabe: Am nächsten Tag kündigt Madame de Marelle ihren Besuch brieflich an.", "ort": "Duroys Wohnung, Paris", "valenz": null, "intensitaet": 1, "gewichtete_valenz": null, "f_wert": null, "f_emotion": null, "raum_emotion": null, "route": null}}, {"type": "Feature", "geometry": {"type": "Point", "coordinates": [2.3142, 48.8792]}, "properties": {"id": 40, "zeile": 1, "tags": ["george_duroy", "mood", "time"], "perspektive": "figur", "text": "Er erwartete sie in etwas fieberhaftem Zustande.", "notiz": "Duroy erlebt das Warten in einem emotional aufgewühlten Zustand — inneres Erleben der Anspannung.", "ort": "Duroys Wohnung (unspezifisch)", "valenz": -1, "intensitaet": 2, "gewichtete_valenz": -2, "f_wert": null, "f_emotion": null, "raum_emotion": null, "route": null}}, {"type": "Feature", "geometry": {"type": "Point", "coordinates": [2.3142, 48.8792]}, "properties": {"id": 41, "zeile": 1, "tags": ["george_duroy", "mood", "social"], "perspektive": "figur", "text": "Übrigens war er fest entschlossen, die Sache schnell und energisch zu erledigen, gleich alles heraus", "notiz": "Duroy plant strategisch sein Vorgehen und reflektiert seine soziale Lage — inneres Kalkül und Entschlossenheit.", "ort": "Duroys Wohnung (unspezifisch)", "valenz": 1, "intensitaet": 2, "gewichtete_valenz": 2, "f_wert": null, "f_emotion": null, "raum_emotion": null, "route": null}}, {"type": "Feature", "geometry": {"type": "Point", "coordinates": [2.3142, 48.8792]}, "properties": {"id": 42, "zeile": 2, "tags": ["george_duroy", "mood", "koerper_als_akteur", "sound"], "perspektive": "figur", "text": "Trotzdem fühlte er sich innerlich erregt, und als die Klingel ertönte, begann sein Herz laut zu klop", "notiz": "Duroys körperliche Reaktion auf das Klingeln zeigt seine innere Aufgewühltheit — Herzklopfen als körperlicher Ausdruck emotionaler Anspannung.", "ort": "Duroys Wohnung (unspezifisch)", "valenz": -1, "intensitaet": 2, "gewichtete_valenz": -2, "f_wert": "ort_loest_emotion_aus", "f_emotion": "Erregung, Anspannung", "raum_emotion": {"ort": "Duroys Wohnung", "emotion": "Erregung, Anspannung", "richtung": "ort_loest_emotion_aus"}, "route": null}}, {"type": "Feature", "geometry": {"type": "Point", "coordinates": [2.3142, 48.8792]}, "properties": {"id": 43, "zeile": 3, "tags": ["george_duroy", "mood"], "perspektive": "figur", "text": "Er hatte den Blick gesenkt und begann nun mit langsamer Stimme: »Meine Liebste, du siehst, wie schme", "notiz": "Duroy inszeniert seine Betroffenheit bewusst — sein inneres Erleben ist von geheuchelter Niedergeschlagenheit geprägt.", "ort": "Duroys Wohnung (unspezifisch)", "valenz": -1, "intensitaet": 2, "gewichtete_valenz": -2, "f_wert": null, "f_emotion": null, "raum_emotion": null, "route": null}}, {"type": "Feature", "geometry": {"type": "Point", "coordinates": [2.3142, 48.8792]}, "properties": {"id": 44, "zeile": 4, "tags": ["social"], "perspektive": "erzaehler", "text": "Er versetzte in traurigem, aber entschlossenem Tone mit jener geheuchelten Niedergeschlagenheit, mit", "notiz": "Maupassant kommentiert von aussen Duroys geheuchelte Haltung und enthüllt die soziale Taktik hinter seiner Rede.", "ort": "Duroys Wohnung (unspezifisch)", "valenz": null, "intensitaet": 2, "gewichtete_valenz": null, "f_wert": null, "f_emotion": null, "raum_emotion": null, "route": null}}, {"type": "Feature", "geometry": {"type": "Point", "coordinates": [2.3142, 48.8792]}, "properties": {"id": 45, "zeile": 5, "tags": ["george_duroy", "mood", "social", "location_erinnerung"], "perspektive": "figur", "text": "Als er sah, daß sie nichts erwiderte, begann er von neuem: »Du kannst dir nicht vorstellen, was ich ", "notiz": "Duroy reflektiert seine soziale und finanzielle Lage in Paris als Argument — die Stadt erscheint ihm als Ort der Verlorenheit ohne Absicherung.", "ort": "Paris (allgemein)", "valenz": -1, "intensitaet": 2, "gewichtete_valenz": -2, "f_wert": "ort_loest_emotion_aus", "f_emotion": "Verlorenheit, soziale Unsicherheit", "raum_emotion": {"ort": "Paris", "emotion": "Verlorenheit, soziale Unsicherheit", "richtung": "ort_loest_emotion_aus"}, "route": null}}, {"type": "Feature", "geometry": {"type": "Point", "coordinates": [2.3142, 48.8792]}, "properties": {"id": 46, "zeile": 1, "tags": ["george_duroy", "mood"], "perspektive": "figur", "text": "er erwartete einen Wutanfall, heftige Beleidigungen und Schimpfworte.", "notiz": "Duroy erwartet innerlich eine bestimmte emotionale Reaktion von Clotilde und ist mental vorbereitet.", "ort": "unbekannt", "valenz": -1, "intensitaet": 2, "gewichtete_valenz": -2, "f_wert": null, "f_emotion": null, "raum_emotion": null, "route": null}}, {"type": "Feature", "geometry": {"type": "Point", "coordinates": [2.3142, 48.8792]}, "properties": {"id": 47, "zeile": 2, "tags": ["atmosphere"], "perspektive": "erzaehler", "text": "Sie preßte die eine Hand auf ihr Herz, als müßte sie es halten; sie atmete mühsam und schluchzte unu", "notiz": "Maupassant beschreibt Clotildes körperliche Reaktion von außen — Schmerz und Fassungslosigkeit.", "ort": "unbekannt", "valenz": -1, "intensitaet": 3, "gewichtete_valenz": -3, "f_wert": null, "f_emotion": null, "raum_emotion": null, "route": null}}, {"type": "Feature", "geometry": {"type": "Point", "coordinates": [2.3142, 48.8792]}, "properties": {"id": 48, "zeile": 3, "tags": ["koerper_als_akteur"], "perspektive": "erzaehler", "text": "Er ergriff ihre andere Hand, die auf der Lehne des Sessels lag, doch sie zog sie heftig zurück.", "notiz": "Maupassant beschreibt die körperliche Interaktion zwischen Duroy und Clotilde von außen.", "ort": "unbekannt", "valenz": -1, "intensitaet": 2, "gewichtete_valenz": -2, "f_wert": null, "f_emotion": null, "raum_emotion": null, "route": null}}, {"type": "Feature", "geometry": {"type": "Point", "coordinates": [2.3142, 48.8792]}, "properties": {"id": 49, "zeile": 4, "tags": ["koerper_als_akteur"], "perspektive": "erzaehler", "text": "Und wie gelähmt murmelte sie: »Oh ... Mein Gott! ...« Er kniete vor ihr nieder, wagte aber nicht, si", "notiz": "Maupassant beschreibt Duroys kniende Haltung und seine Zurückhaltung von außen als physische Geste im Raum.", "ort": "unbekannt", "valenz": -1, "intensitaet": 2, "gewichtete_valenz": -2, "f_wert": null, "f_emotion": null, "raum_emotion": null, "route": null}}, {"type": "Feature", "geometry": {"type": "Point", "coordinates": [2.3142, 48.8792]}, "properties": {"id": 50, "zeile": 5, "tags": ["george_duroy", "mood"], "perspektive": "figur", "text": "Ihr Schweigen erregte ihn mehr als ein Zornausbruch es vermocht hätte", "notiz": "Duroy erlebt Clotildes Schweigen als stärkere emotionale Provokation als erwarteten Zorn.", "ort": "unbekannt", "valenz": -1, "intensitaet": 2, "gewichtete_valenz": -2, "f_wert": null, "f_emotion": null, "raum_emotion": null, "route": null}}, {"type": "Feature", "geometry": {"type": "Point", "coordinates": [2.3142, 48.8792]}, "properties": {"id": 51, "zeile": 6, "tags": ["george_duroy"], "perspektive": "figur", "text": "Er sah zwei große Tränen langsam in den starren Augen seiner Geliebten wachsen und dann über ihre Wa", "notiz": "Duroy nimmt aus seiner Perspektive Clotildes Tränen wahr — visuelle Beobachtung aus seiner Sicht.", "ort": "unbekannt", "valenz": -1, "intensitaet": 2, "gewichtete_valenz": -2, "f_wert": null, "f_emotion": null, "raum_emotion": null, "route": null}}, {"type": "Feature", "geometry": {"type": "Point", "coordinates": [2.3142, 48.8792]}, "properties": {"id": 52, "zeile": 7, "tags": ["george_duroy", "mood"], "perspektive": "figur", "text": "»Oh, weine nicht, Clo, weine nicht, ich bitte dich darum. Du zerreißt mir das Herz.«", "notiz": "Duroy äußert seine emotionale Betroffenheit — inneres Erleben von Mitgefühl oder Schuldgefühl.", "ort": "unbekannt", "valenz": -1, "intensitaet": 2, "gewichtete_valenz": -2, "f_wert": null, "f_emotion": null, "raum_emotion": null, "route": null}}, {"type": "Feature", "geometry": {"type": "Point", "coordinates": [2.3142, 48.8792]}, "properties": {"id": 53, "zeile": 8, "tags": ["george_duroy", "social", "mood"], "perspektive": "figur", "text": "Ich muß mir eine Stellung in der Gesellschaft schaffen, und das kann ich nicht, solange ich kein Hei", "notiz": "Duroy reflektiert seinen sozialen Aufstiegswillen und seine gesellschaftliche Lage als inneres Erleben.", "ort": "unbekannt", "valenz": -1, "intensitaet": 2, "gewichtete_valenz": -2, "f_wert": null, "f_emotion": null, "raum_emotion": null, "route": null}}, {"type": "Feature", "geometry": {"type": "Point", "coordinates": [2.3142, 48.8792]}, "properties": {"id": 54, "zeile": 9, "tags": ["george_duroy", "mood"], "perspektive": "figur", "text": "Er sah ein, daß er es sagen müßte: »Madeleine Forestier.«", "notiz": "Duroy erkennt innerlich die Notwendigkeit, den Namen zu nennen — eine innere Einsicht mit emotionaler Qualität.", "ort": "unbekannt", "valenz": -1, "intensitaet": 1, "gewichtete_valenz": -1, "f_wert": null, "f_emotion": null, "raum_emotion": null, "route": null}}, {"type": "Feature", "geometry": {"type": "Point", "coordinates": [2.3142, 48.8792]}, "properties": {"id": 55, "zeile": 1, "tags": ["george_duroy", "mood"], "perspektive": "figur", "text": "Duroy fühlte, daß sie gehen wollte, ohne ein Wort des Vorwurfs oder der Verzeihung, und das verletzt", "notiz": "Duroy erlebt die drohende Abreise Clotildes als Verletzung und Demütigung — starkes inneres emotionales Erleben.", "ort": "unbestimmter Innenraum", "valenz": -1, "intensitaet": 3, "gewichtete_valenz": -3, "f_wert": null, "f_emotion": null, "raum_emotion": null, "route": null}}, {"type": "Feature", "geometry": {"type": "Point", "coordinates": [2.3142, 48.8792]}, "properties": {"id": 56, "zeile": 2, "tags": ["george_duroy", "koerper_als_akteur", "material"], "perspektive": "figur", "text": "Er wollte sie zurückhalten und umschlang mit beiden Armen ihr Kleid. Er fühlte, wie ihre runden Sche", "notiz": "Duroy handelt körperlich und nimmt den physischen Widerstand Clotildes taktil wahr.", "ort": "unbestimmter Innenraum", "valenz": null, "intensitaet": null, "gewichtete_valenz": null, "f_wert": null, "f_emotion": null, "raum_emotion": null, "route": null}}, {"type": "Feature", "geometry": {"type": "Point", "coordinates": [2.3142, 48.8792]}, "properties": {"id": 57, "zeile": 3, "tags": ["george_duroy"], "perspektive": "erzaehler", "text": "Sie machte sich mit einer schnellen Bewegung nach rückwärts von ihm los und ging fort, ohne daß er n", "notiz": "Maupassant beschreibt Clotildes Weggang von aussen — Duroy unternimmt nichts mehr.", "ort": "unbestimmter Innenraum", "valenz": null, "intensitaet": null, "gewichtete_valenz": null, "f_wert": null, "f_emotion": null, "raum_emotion": null, "route": null}}, {"type": "Feature", "geometry": {"type": "Point", "coordinates": [2.3142, 48.8792]}, "properties": {"id": 58, "zeile": 4, "tags": ["george_duroy", "mood", "koerper_als_akteur"], "perspektive": "figur", "text": "Als er allein war, stand er auf, betäubt, als hätte er einen Schlag auf den Kopf erhalten.", "notiz": "Duroy erlebt die Einsamkeit nach Clotildes Abgang als körperliche Betäubung — metaphorischer Schlag.", "ort": "unbestimmter Innenraum", "valenz": -1, "intensitaet": 2, "gewichtete_valenz": -2, "f_wert": "ort_loest_emotion_aus", "f_emotion": "Betäubung, Schock", "raum_emotion": {"ort": "unbestimmter Innenraum", "emotion": "Betäubung, Schock", "richtung": "ort_loest_emotion_aus"}, "route": null}}, {"type": "Feature", "geometry": {"type": "Point", "coordinates": [2.3142, 48.8792]}, "properties": {"id": 59, "zeile": 5, "tags": ["george_duroy", "mood"], "perspektive": "figur", "text": "Dann nahm er sich zusammen und murmelte: »Na, so oder so, es ist erledigt ... wenigstens ohne Szene.", "notiz": "Duroy rationalisiert innerlich die Trennung und versucht, Erleichterung zu empfinden.", "ort": "unbestimmter Innenraum", "valenz": 1, "intensitaet": 1, "gewichtete_valenz": 1, "f_wert": null, "f_emotion": null, "raum_emotion": null, "route": null}}, {"type": "Feature", "geometry": {"type": "Point", "coordinates": [2.3142, 48.8792]}, "properties": {"id": 60, "zeile": 6, "tags": ["george_duroy", "mood", "social"], "perspektive": "figur", "text": "Und plötzlich fühlte er sich wie von einer schweren Last befreit; das neue Leben konnte beginnen.", "notiz": "Duroy erlebt einen abrupten emotionalen Umschwung — das Gefühl der Befreiung und des sozialen Aufstiegs durch die bevorstehende Heirat.", "ort": "unbestimmter Innenraum", "valenz": 1, "intensitaet": 3, "gewichtete_valenz": 3, "f_wert": null, "f_emotion": null, "raum_emotion": null, "route": null}}, {"type": "Feature", "geometry": {"type": "Point", "coordinates": [2.3142, 48.8792]}, "properties": {"id": 61, "zeile": 7, "tags": ["george_duroy", "koerper_als_akteur", "mood"], "perspektive": "figur", "text": "Auf einmal begann er mit der Faust gegen die Wand zu schlagen, mit heftigen Schlägen, berauscht von ", "notiz": "Duroys Körper wird zum Ausdrucksmittel seines triumphalen Gefühlszustands — er kämpft symbolisch gegen das Schicksal.", "ort": "unbestimmter Innenraum", "valenz": 1, "intensitaet": 3, "gewichtete_valenz": 3, "f_wert": "koerper_als_sensor", "f_emotion": "Triumph, Rausch, Machgefühl", "raum_emotion": {"ort": "unbestimmter Innenraum", "emotion": "Triumph, Rausch, Machgefühl", "richtung": "koerper_als_sensor"}, "route": null}}, {"type": "Feature", "geometry": {"type": "Point", "coordinates": [2.34175, 48.87175]}, "properties": {"id": 62, "zeile": 8, "tags": ["social", "atmosphere"], "perspektive": "erzaehler", "text": "Die Kunde verbreitete sich rasch. Die einen waren erstaunt, die andern behaupteten, sie hätten es vo", "notiz": "Maupassant beschreibt von aussen die gesellschaftliche Reaktion auf Duroys Verlobung — soziales Milieu der Pariser Presse.", "ort": "Pariser Gesellschaft / Redaktionsumfeld", "valenz": null, "intensitaet": 2, "gewichtete_valenz": null, "f_wert": null, "f_emotion": null, "raum_emotion": null, "route": null}}, {"type": "Feature", "geometry": {"type": "Point", "coordinates": [2.34175, 48.87175]}, "properties": {"id": 63, "zeile": 9, "tags": ["george_duroy", "social"], "perspektive": "erzaehler", "text": "Der junge Mann zeichnete jetzt die Feuilletons mit D.", "notiz": "Maupassant registriert von aussen Duroys neuen Signatur-Status als Zeichen seines sozialen Aufstiegs in der Presse.", "ort": "Redaktion La Vie Française, Paris", "valenz": null, "intensitaet": 1, "gewichtete_valenz": null, "f_wert": null, "f_emotion": null, "raum_emotion": null, "route": null}}, {"type": "Feature", "geometry": {"type": "Point", "coordinates": [2.3211, 48.87945]}, "properties": {"id": 64, "zeile": 1, "tags": ["george_duroy", "social"], "perspektive": "erzaehler", "text": "Er verbrachte den halben Tag bei seiner Verlobten, die ihn mit brüderlicher Vertrautheit behandelte,", "notiz": "Maupassant beschreibt von aussen die emotionale Dynamik zwischen Duroy und seiner Verlobten.", "ort": "Wohnung der Verlobten, Paris", "valenz": null, "intensitaet": 2, "gewichtete_valenz": null, "f_wert": null, "f_emotion": null, "raum_emotion": null, "route": null}}, {"type": "Feature", "geometry": {"type": "Point", "coordinates": [2.3142, 48.8792]}, "properties": {"id": 65, "zeile": 2, "tags": ["social"], "perspektive": "erzaehler", "text": "Sie hatten beschlossen, daß die Hochzeit in aller Stille stattfinden sollte, nur in Gegenwart der Tr", "notiz": "Maupassant beschreibt sachlich die Hochzeitspläne des Paares.", "ort": "Paris / Rouen", "valenz": null, "intensitaet": 1, "gewichtete_valenz": null, "f_wert": null, "f_emotion": null, "raum_emotion": null, "route": null}}, {"type": "Feature", "geometry": {"type": "Point", "coordinates": [2.3142, 48.8792]}, "properties": {"id": 66, "zeile": 3, "tags": ["george_duroy", "mood"], "perspektive": "figur", "text": "Duroy versuchte, sie von diesem Vorhaben abzubringen, aber es gelang ihm nicht, und so fügte er sich", "notiz": "Duroys inneres Widerstreben und schliessliches Nachgeben gegenüber dem Reiseplan wird aus seiner Perspektive beschrieben.", "ort": "Paris", "valenz": -1, "intensitaet": 2, "gewichtete_valenz": -2, "f_wert": null, "f_emotion": null, "raum_emotion": null, "route": null}}, {"type": "Feature", "geometry": {"type": "Point", "coordinates": [2.3142, 48.8792]}, "properties": {"id": 67, "zeile": 4, "tags": ["time"], "perspektive": "erzaehler", "text": "Der 10. Mai war gekommen.", "notiz": "Neutrale Datumsangabe durch den Erzähler.", "ort": "Paris", "valenz": null, "intensitaet": 1, "gewichtete_valenz": null, "f_wert": null, "f_emotion": null, "raum_emotion": null, "route": null}}, {"type": "Feature", "geometry": {"type": "Point", "coordinates": [2.3142, 48.8792]}, "properties": {"id": 68, "zeile": 5, "tags": ["move", "location", "social"], "perspektive": "erzaehler", "text": "Das junge Paar begab sich zum Standesamt, und da sie die kirchliche Trauung für überflüssig hielten ", "notiz": "Maupassant beschreibt sachlich die Bewegung des Paares zum Standesamt und zurück.", "ort": "Standesamt, Paris", "valenz": null, "intensitaet": 1, "gewichtete_valenz": null, "f_wert": null, "f_emotion": null, "raum_emotion": null, "route": null}}, {"type": "Feature", "geometry": {"type": "Point", "coordinates": [2.3247, 48.8757]}, "properties": {"id": 69, "zeile": 6, "tags": ["move", "location", "time"], "perspektive": "erzaehler", "text": "Mit dem Zuge um sechs Uhr abends fuhren sie vom Bahnhof Saint-Lazare nach der Normandie.", "notiz": "Neutrale Erzählerangabe zur Abfahrtszeit und zum Abfahrtsort Bahnhof Saint-Lazare.", "ort": "Bahnhof Saint-Lazare, Paris", "valenz": null, "intensitaet": 1, "gewichtete_valenz": null, "f_wert": null, "f_emotion": null, "raum_emotion": null, "route": [[2.3247565, 48.875654], [2.3247982, 48.87566], [2.3248588, 48.875461], [2.3247313, 48.8754425], [2.3245393, 48.8754116], [2.324035, 48.8753191], [2.3237774, 48.8755585], [2.3237432, 48.8755465], [2.3230398, 48.8758311], [2.3229203, 48.8759738], [2.3227711, 48.875887], [2.3216941, 48.8767508], [2.3216395, 48.8767193], [2.3214591, 48.8767278], [2.3214502, 48.8767599], [2.3214908, 48.8768415], [2.3215412, 48.8768908], [2.3199505, 48.8781215], [2.3185033, 48.8792142], [2.3181613, 48.8794615], [2.3180752, 48.8795445], [2.3180829, 48.8795666], [2.3173797, 48.8803136], [2.3170656, 48.8806441], [2.3170413, 48.8806444], [2.316921, 48.8807714], [2.3166959, 48.8810386], [2.3166229, 48.881095], [2.3162491, 48.8811439], [2.3154511, 48.881388], [2.3152664, 48.8813814], [2.3151894, 48.8814663], [2.3153151, 48.881682], [2.3147773, 48.8818116], [2.3142468, 48.8822564], [2.3141764, 48.8823028], [2.3141082, 48.8823464], [2.3129159, 48.8832165], [2.3129093, 48.8832341], [2.3127566, 48.8833447], [2.312932, 48.8834659], [2.3122696, 48.8838867], [2.3123462, 48.8839387]]}}, {"type": "Feature", "geometry": {"type": "Point", "coordinates": [2.3247, 48.8757]}, "properties": {"id": 70, "zeile": 7, "tags": ["atmosphere", "social"], "perspektive": "erzaehler", "text": "Bis zu dem Augenblick, wo sie allein im Eisenbahnzuge waren, hatten sie keine zwanzig Worte miteinan", "notiz": "Maupassant beschreibt von aussen die Stille und Distanz zwischen dem Paar im Zugabteil.", "ort": "Eisenbahnzug ab Bahnhof Saint-Lazare", "valenz": null, "intensitaet": 2, "gewichtete_valenz": null, "f_wert": null, "f_emotion": null, "raum_emotion": null, "route": null}}, {"type": "Feature", "geometry": {"type": "Point", "coordinates": [2.3247, 48.8757]}, "properties": {"id": 71, "zeile": 8, "tags": ["george_duroy", "mood"], "perspektive": "figur", "text": "Sobald sie merkten, daß der Zug sich in Bewegung setzte, sahen sie sich an und begannen zu lächeln, ", "notiz": "Duroy erlebt gemeinsam mit seiner Frau eine Verlegenheit bei der Abfahrt, die durch Lächeln verborgen wird.", "ort": "Eisenbahnzug ab Bahnhof Saint-Lazare", "valenz": -1, "intensitaet": 2, "gewichtete_valenz": -2, "f_wert": "ort_loest_emotion_aus", "f_emotion": "Verlegenheit", "raum_emotion": {"ort": "Eisenbahnzug", "emotion": "Verlegenheit", "richtung": "ort_loest_emotion_aus"}, "route": null}}, {"type": "Feature", "geometry": {"type": "Point", "coordinates": [2.3127, 48.8839]}, "properties": {"id": 72, "zeile": 9, "tags": ["move", "location", "space", "atmosphere"], "perspektive": "erzaehler", "text": "Der Zug fuhr langsam durch den langen Bahnhof von Batignolles, dann durcheilte er die häßliche, flac", "notiz": "Maupassant beschreibt von aussen die Fahrtroute durch Batignolles und die unattraktive Stadtlandschaft.", "ort": "Bahnhof Batignolles / Strecke zwischen Forts und Seine, Paris", "valenz": null, "intensitaet": 2, "gewichtete_valenz": null, "f_wert": null, "f_emotion": null, "raum_emotion": null, "route": [[2.3123462, 48.8839387], [2.3122696, 48.8838867], [2.3121277, 48.8838345], [2.3121173, 48.883802], [2.311995, 48.8837256], [2.312547, 48.8833177], [2.3125164, 48.8832969], [2.3125049, 48.8831978], [2.312511, 48.8831961], [2.3118005, 48.8825173], [2.3117655, 48.8825131], [2.3116874, 48.882434], [2.3115411, 48.882299], [2.3115149, 48.8822756], [2.3112877, 48.8820592], [2.3110901, 48.881915], [2.3110476, 48.8818619], [2.3110273, 48.8818272], [2.3110324, 48.8818033], [2.3095571, 48.8807105], [2.3093364, 48.8806777], [2.3094093, 48.8803637], [2.3092347, 48.8803444], [2.3091496, 48.8803216], [2.3090204, 48.8803218], [2.3089764, 48.8802905], [2.3088885, 48.8802793], [2.3051813, 48.8794388], [2.30515, 48.8794235], [2.3049684, 48.8794039], [2.3049402, 48.8794007], [2.3037857, 48.879139], [2.3035363, 48.8790824], [2.3034797, 48.8790855], [2.3031497, 48.8790163], [2.3030926, 48.8790179], [2.3019117, 48.8787558], [2.3010951, 48.8785768], [2.3010466, 48.8785625], [2.3008743, 48.87853], [2.3006969, 48.8784868], [2.3004974, 48.8784456], [2.2987848, 48.8780815], [2.2985903, 48.8777946], [2.2983779, 48.8775825], [2.2980464, 48.8776406], [2.2973783, 48.8766702], [2.2971302, 48.8763284], [2.2970305, 48.8761912], [2.2968331, 48.8759197], [2.2967272, 48.8757735], [2.2965049, 48.8754672], [2.2964257, 48.8753582], [2.2962408, 48.8751427], [2.2958969, 48.8752559], [2.2958642, 48.8752199], [2.2958009, 48.8751328], [2.2955288, 48.8747925], [2.2950097, 48.8748436], [2.2949822, 48.8748433], [2.2947426, 48.8748233], [2.2947114, 48.8748191], [2.2943317, 48.8747331], [2.2942949, 48.8747196], [2.2940836, 48.8746285], [2.2940711, 48.8746231], [2.293831, 48.8744816], [2.2938086, 48.8744637], [2.2937113, 48.8743786], [2.2935079, 48.8741081], [2.2934957, 48.8740938], [2.2934417, 48.8739709], [2.2934296, 48.8738206], [2.2928395, 48.8737311], [2.2926997, 48.8737337], [2.2926531, 48.8737288], [2.2925446, 48.8737177], [2.2925536, 48.8736775], [2.2925582, 48.8736574], [2.2923761, 48.873646], [2.2909138, 48.8735119], [2.2906277, 48.8734846], [2.2891312, 48.8733126], [2.2879977, 48.8731945], [2.2875774, 48.8731465], [2.2869799, 48.8730782], [2.2865295, 48.8730268], [2.2858389, 48.8729489], [2.2847451, 48.8728285], [2.2846953, 48.8728512], [2.2842964, 48.8727929], [2.2838805, 48.8727394], [2.2831752, 48.8726606], [2.2798314, 48.8722854], [2.2796454, 48.8722652], [2.2782686, 48.8721166], [2.2766955, 48.8719452], [2.2763635, 48.8718942], [2.2762254, 48.8718783], [2.2755811, 48.8720982], [2.2753821, 48.8722013], [2.2745031, 48.8722593], [2.2744392, 48.8722399], [2.2737927, 48.8726059], [2.2737321, 48.8726391], [2.2736715, 48.8726723], [2.2735074, 48.872731], [2.2734451, 48.8727665], [2.2732853, 48.8726464], [2.2727618, 48.8729262], [2.272595, 48.8729055], [2.2710466, 48.8729033], [2.2709331, 48.8729006], [2.2697608, 48.8728724], [2.2682025, 48.8730196], [2.2681241, 48.8730319], [2.266886, 48.8732287], [2.2664346, 48.8733521], [2.2645351, 48.8726663], [2.2642792, 48.8725753], [2.2631297, 48.8721636], [2.2630393, 48.8721256], [2.2630354, 48.872126], [2.2607324, 48.8712954], [2.2592365, 48.870757], [2.256869, 48.8699049], [2.2548498, 48.8691782], [2.254221, 48.8689519], [2.2512509, 48.8678829], [2.2508065, 48.867723], [2.2504872, 48.867608], [2.2492351, 48.8671557], [2.2491279, 48.8671138], [2.244752, 48.8655437], [2.2439985, 48.8659222], [2.2429667, 48.8659923], [2.2425307, 48.8661705], [2.2423295, 48.8662764], [2.2421022, 48.8663505], [2.2416011, 48.8665259], [2.2404549, 48.8669656], [2.2403869, 48.8670165], [2.2397685, 48.8669533], [2.2388854, 48.8668894], [2.2384602, 48.8668116], [2.2381928, 48.8667642], [2.2378211, 48.866682], [2.2370245, 48.8664414], [2.236304, 48.8661508], [2.2345981, 48.865174], [2.2345669, 48.8651482], [2.2344324, 48.8652114], [2.2343618, 48.8651505], [2.2342607, 48.8650673], [2.234207, 48.8650233], [2.2341566, 48.8650527], [2.233281, 48.8655224], [2.2329182, 48.8657009], [2.2317775, 48.8661374], [2.231747, 48.8661471], [2.2309817, 48.8663676], [2.2309454, 48.866139], [2.2303446, 48.866264]]}}, {"type": "Feature", "geometry": {"type": "Point", "coordinates": [2.2869, 48.9107]}, "properties": {"id": 73, "zeile": 10, "tags": ["george_duroy", "mood", "location", "atmosphere"], "perspektive": "figur", "text": "als sie über die Brücke bei Asnières kamen, stimmte sie der Anblick des Flusses, der von Booten, Ang", "notiz": "Duroy und seine Frau erleben den Anblick des belebten Flusses bei Asnières als stimmungsaufhellend.", "ort": "Brücke bei Asnières, Seine", "valenz": 1, "intensitaet": 2, "gewichtete_valenz": 2, "f_wert": "ort_loest_emotion_aus", "f_emotion": "Heiterkeit und Fröhlichkeit", "raum_emotion": {"ort": "Brücke bei Asnières / Seine", "emotion": "Heiterkeit und Fröhlichkeit", "richtung": "ort_loest_emotion_aus"}, "route": null}}, {"type": "Feature", "geometry": {"type": "Point", "coordinates": [2.2869, 48.9107]}, "properties": {"id": 74, "zeile": 11, "tags": ["weather", "time", "atmosphere", "material"], "perspektive": "erzaehler", "text": "Die kräftige Maisonne warf ihre schrägen Abendstrahlen auf die Boote und den ruhigen Fluß, der unter", "notiz": "Maupassant beschreibt als Erzähler die atmosphärische Abendstimmung mit Sonnenlicht auf dem stillen Fluss.", "ort": "Seine bei Asnières", "valenz": null, "intensitaet": 2, "gewichtete_valenz": null, "f_wert": "ort_loest_emotion_aus", "f_emotion": "Stille, Weite, Frieden", "raum_emotion": {"ort": "Seine bei Asnières", "emotion": "Stille, Weite, Frieden", "richtung": "ort_loest_emotion_aus"}, "route": null}}, {"type": "Feature", "geometry": {"type": "Point", "coordinates": [2.1603, 48.8958]}, "properties": {"id": 75, "zeile": 1, "tags": ["space", "material", "atmosphere"], "perspektive": "erzaehler", "text": "Eine Segeljacht mitten auf dem Wasserspiegel hatte ihre zwei großen, weißen Leinewanddreiecke ausges", "notiz": "Maupassant beschreibt die Flusslandschaft bei Chatou als atmosphärische Kulisse mit einem bildstarken Vergleich.", "ort": "Chatou, Seine-Ufer", "valenz": null, "intensitaet": 2, "gewichtete_valenz": null, "f_wert": null, "f_emotion": null, "raum_emotion": null, "route": null}}, {"type": "Feature", "geometry": {"type": "Point", "coordinates": [2.1603, 48.8958]}, "properties": {"id": 76, "zeile": 3, "tags": ["george_duroy", "mood", "location_erinnerung"], "perspektive": "figur", "text": "»Ich schwärme für die Umgebung von Paris«, murmelte Duroy. »So herrlich geröstete Fische wie hier ha", "notiz": "Duroy äußert Begeisterung für die Pariser Umgebung und verknüpft den Ort mit einer positiven persönlichen Erfahrung.", "ort": "Chatou, Umgebung von Paris", "valenz": 1, "intensitaet": 2, "gewichtete_valenz": 2, "f_wert": "ort_loest_emotion_aus", "f_emotion": "Schwärmerei, Genuss", "raum_emotion": {"ort": "Chatou / Umgebung Paris", "emotion": "Schwärmerei, Genuss", "richtung": "ort_loest_emotion_aus"}, "route": null}}, {"type": "Feature", "geometry": {"type": "Point", "coordinates": [2.1603, 48.8958]}, "properties": {"id": 77, "zeile": 7, "tags": ["atmosphere", "mood"], "perspektive": "erzaehler", "text": "Dann schwiegen sie, als ob sie nicht gewagt hätten, noch mehr von ihrem vergangenen Leben auszuplaud", "notiz": "Maupassant beschreibt das gemeinsame Schweigen des Paares als atmosphärisch aufgeladenen Moment der Nostalgie.", "ort": "Chatou, Restaurant am Wasser", "valenz": 0, "intensitaet": 2, "gewichtete_valenz": 0, "f_wert": "ort_loest_emotion_aus", "f_emotion": "Nostalgie, Poesie des Zurücksehnens", "raum_emotion": {"ort": "Chatou", "emotion": "Nostalgie, Poesie des Zurücksehnens", "richtung": "ort_loest_emotion_aus"}, "route": null}}, {"type": "Feature", "geometry": {"type": "Point", "coordinates": [2.1603, 48.8958]}, "properties": {"id": 78, "zeile": 9, "tags": ["george_duroy", "koerper_als_akteur"], "perspektive": "figur", "text": "Duroy saß seiner Frau gegenüber. Er ergriff ihre Hand und küßte sie langsam und bedächtig.", "notiz": "Duroy handelt körperlich und bewusst in der Interaktion mit seiner Frau.", "ort": "Chatou, Restaurant am Wasser", "valenz": null, "intensitaet": null, "gewichtete_valenz": null, "f_wert": null, "f_emotion": null, "raum_emotion": null, "route": null}}, {"type": "Feature", "geometry": {"type": "Point", "coordinates": [2.1603, 48.8958]}, "properties": {"id": 79, "zeile": 11, "tags": ["george_duroy", "location_erinnerung", "mood"], "perspektive": "figur", "text": "»Wenn wir zurück sind, wollen wir öfters bei Chatou essen.«", "notiz": "Duroy äußert den Wunsch, nach Chatou zurückzukehren — persönliche Sehnsucht nach dem Ort.", "ort": "Chatou", "valenz": 1, "intensitaet": 1, "gewichtete_valenz": 1, "f_wert": "emotion_faerbt_raum", "f_emotion": "Sehnsucht, Wohlgefühl", "raum_emotion": {"ort": "Chatou", "emotion": "Sehnsucht, Wohlgefühl", "richtung": "emotion_faerbt_raum"}, "route": null}}, {"type": "Feature", "geometry": {"type": "Point", "coordinates": [2.1603, 48.8958]}, "properties": {"id": 80, "zeile": 14, "tags": ["george_duroy", "mood"], "perspektive": "figur", "text": "Er hielt noch immer ihre Hand und überlegte unruhig, auf welchem Wege er zu Zärtlichkeiten übergehen", "notiz": "Duroy erlebt innere Unruhe und strategisches Nachdenken über den richtigen Umgang mit seiner Frau.", "ort": "Chatou, Restaurant am Wasser", "valenz": -1, "intensitaet": 2, "gewichtete_valenz": -2, "f_wert": null, "f_emotion": null, "raum_emotion": null, "route": null}}, {"type": "Feature", "geometry": {"type": "Point", "coordinates": [2.1603, 48.8958]}, "properties": {"id": 81, "zeile": 15, "tags": ["george_duroy", "mood", "social"], "perspektive": "figur", "text": "Vor der Unwissenheit eines jungen Mädchens wäre er dabei weniger in Verlegenheit gewesen, aber die r", "notiz": "Duroy reflektiert seine eigene Unsicherheit und soziale Selbstwahrnehmung im Verhältnis zu Madeleines Erfahrung.", "ort": "Chatou, Restaurant am Wasser", "valenz": -1, "intensitaet": 2, "gewichtete_valenz": -2, "f_wert": null, "f_emotion": null, "raum_emotion": null, "route": null}}, {"type": "Feature", "geometry": {"type": "Point", "coordinates": [2.1603, 48.8958]}, "properties": {"id": 82, "zeile": 18, "tags": ["george_duroy", "mood"], "perspektive": "figur", "text": "»Es kommt mir sehr komisch vor,« sagte er, »daß Sie meine Frau sind.« [...] »Ich habe ein seltsames ", "notiz": "Duroy artikuliert sein inneres Befremden und Begehren gegenüber seiner neuen Ehefrau.", "ort": "Chatou, Restaurant am Wasser", "valenz": 1, "intensitaet": 2, "gewichtete_valenz": 2, "f_wert": null, "f_emotion": null, "raum_emotion": null, "route": null}}, {"type": "Feature", "geometry": {"type": "Point", "coordinates": [2.12685, 48.8991]}, "properties": {"id": 83, "zeile": 1, "tags": ["george_duroy", "location_erinnerung"], "perspektive": "figur", "text": "Er führ fort: »Das erstemal, wo ich Sie sah, erinnern Sie sich, es war bei dem Diner, zu welchem mic", "notiz": "Duroy erinnert sich an ein früheres Diner bei Forestier — persönliche Erinnerung an einen sozialen Aufstiegsmoment.", "ort": "Diner bei Forestier (nicht näher verortet)", "valenz": 1, "intensitaet": 1, "gewichtete_valenz": 1, "f_wert": null, "f_emotion": null, "raum_emotion": null, "route": null}}, {"type": "Feature", "geometry": {"type": "Point", "coordinates": [2.12685, 48.8991]}, "properties": {"id": 84, "zeile": 3, "tags": ["george_duroy", "mood"], "perspektive": "figur", "text": "Er dachte: »Ich bin zu kalt. Ich bin blöd, ich muß energischer aufs Ziel gehen.«", "notiz": "Duroy bewertet sich selbst kritisch und formuliert eine strategische innere Entscheidung im Verführungskontext.", "ort": "Zugabteil (Richtung Rouen)", "valenz": -1, "intensitaet": 1, "gewichtete_valenz": -1, "f_wert": null, "f_emotion": null, "raum_emotion": null, "route": null}}, {"type": "Feature", "geometry": {"type": "Point", "coordinates": [2.12685, 48.8991]}, "properties": {"id": 85, "zeile": 5, "tags": ["george_duroy", "mood", "koerper_als_akteur"], "perspektive": "figur", "text": "Er wurde rot. »Ich bin zu dumm. Aber Sie machen mich verlegen und schüchtern.«", "notiz": "Duroys Verlegenheit äußert sich körperlich (Erröten) und emotional im Gespräch mit Madeleine.", "ort": "Zugabteil (Richtung Rouen)", "valenz": -1, "intensitaet": 2, "gewichtete_valenz": -2, "f_wert": null, "f_emotion": null, "raum_emotion": null, "route": null}}, {"type": "Feature", "geometry": {"type": "Point", "coordinates": [2.0934, 48.9024]}, "properties": {"id": 86, "zeile": 7, "tags": ["location", "space", "atmosphere"], "perspektive": "erzaehler", "text": "Der Zug fuhr durch den Wald von St. Germain, und ein erschreckter Rehbock sprang über eine Lichtung.", "notiz": "Maupassant situiert die Szene räumlich im Wald von Saint-Germain-en-Laye — Naturkulisse als atmosphärischer Hintergrund.", "ort": "Wald von Saint-Germain-en-Laye", "valenz": null, "intensitaet": 2, "gewichtete_valenz": null, "f_wert": null, "f_emotion": null, "raum_emotion": null, "route": null}}, {"type": "Feature", "geometry": {"type": "Point", "coordinates": [2.0664, 48.91595]}, "properties": {"id": 87, "zeile": 8, "tags": ["george_duroy", "koerper_als_akteur", "move"], "perspektive": "figur", "text": "Duroy hatte sich über sie gebeugt; während sie durch das offene Fenster hinausblickte, drückte er ih", "notiz": "Duroy nutzt Madeleines Ablenkung durch die Landschaft, um körperlich aktiv zu werden — strategische körperliche Annäherung.", "ort": "Zugabteil (bei Saint-Germain-en-Laye)", "valenz": null, "intensitaet": null, "gewichtete_valenz": null, "f_wert": "ort_loest_emotion_aus", "f_emotion": "Begehren, strategische Verführung", "raum_emotion": {"ort": "Zugabteil", "emotion": "Begehren, strategische Verführung", "richtung": "ort_loest_emotion_aus"}, "route": null}}, {"type": "Feature", "geometry": {"type": "Point", "coordinates": [2.0664, 48.91595]}, "properties": {"id": 88, "zeile": 9, "tags": ["george_duroy", "koerper_als_akteur", "material", "mood"], "perspektive": "figur", "text": "er strich leise mit erregender und anhaltender Liebkosung seinen gekräuselten Schnurrbart über ihre ", "notiz": "Duroys körperliche Berührung wird taktil-sensorisch beschrieben — Schnurrbart und Haut als physische Kontaktflächen.", "ort": "Zugabteil (Richtung Rouen)", "valenz": null, "intensitaet": 2, "gewichtete_valenz": null, "f_wert": "koerper_als_sensor", "f_emotion": "erotische Erregung", "raum_emotion": {"ort": "Zugabteil", "emotion": "erotische Erregung", "richtung": "koerper_als_sensor"}, "route": null}}, {"type": "Feature", "geometry": {"type": "Point", "coordinates": [2.0664, 48.91595]}, "properties": {"id": 89, "zeile": 11, "tags": ["george_duroy", "koerper_als_akteur", "mood"], "perspektive": "figur", "text": "Dann warf er sich auf ihren Mund, wie ein Raubvogel auf seine Beute.", "notiz": "Duroy wird mit einem Raubvogel verglichen — aggressiv-sexuelles Begehren als körperliche Handlung im Raum.", "ort": "Zugabteil (Richtung Rouen)", "valenz": -1, "intensitaet": 2, "gewichtete_valenz": -2, "f_wert": "koerper_als_sensor", "f_emotion": "aggressives Begehren", "raum_emotion": {"ort": "Zugabteil", "emotion": "aggressives Begehren", "richtung": "koerper_als_sensor"}, "route": null}}, {"type": "Feature", "geometry": {"type": "Point", "coordinates": [2.0664, 48.91595]}, "properties": {"id": 90, "zeile": 12, "tags": ["george_duroy", "koerper_als_akteur", "mood", "material"], "perspektive": "figur", "text": "er preßte sie in seine Arme, küßte sie mit bebenden, begierigen Lippen und versuchte, sie auf die Po", "notiz": "Duroys körperliche Übergriffigkeit gipfelt im Versuch, Madeleine auf die Polsterbank zu drängen — Raum wird zum Schauplatz von Machtausübung.", "ort": "Zugabteil (Richtung Rouen)", "valenz": -1, "intensitaet": 2, "gewichtete_valenz": -2, "f_wert": "koerper_als_sensor", "f_emotion": "Begehren, Kontrollverlust", "raum_emotion": {"ort": "Zugabteil", "emotion": "Begehren, Kontrollverlust", "richtung": "koerper_als_sensor"}, "route": null}}, {"type": "Feature", "geometry": {"type": "Point", "coordinates": [2.0664, 48.91595]}, "properties": {"id": 91, "zeile": 1, "tags": ["george_duroy", "mood"], "perspektive": "erzaehler", "text": "Mit rotem Kopf blieb er sitzen; diese vernünftigen Worte hatten ihn sehr ernüchtert; er nahm sich zu", "notiz": "Maupassant beschreibt Duroys emotionale Reaktion von aussen — Röte, Ernüchterung, Selbstkontrolle.", "ort": "Zug Richtung Rouen (Nähe Poissy)", "valenz": -1, "intensitaet": 2, "gewichtete_valenz": -2, "f_wert": null, "f_emotion": null, "raum_emotion": null, "route": null}}, {"type": "Feature", "geometry": {"type": "Point", "coordinates": [2.0394, 48.9295]}, "properties": {"id": 92, "zeile": 2, "tags": ["location", "move"], "perspektive": "erzaehler", "text": "wir fahren eben erst an Poissy vorbei", "notiz": "Erzähler nennt Poissy als konkreten Ort der Zugfahrt und markiert damit den räumlichen Fortschritt der Reise.", "ort": "Poissy, Frankreich", "valenz": null, "intensitaet": 1, "gewichtete_valenz": null, "f_wert": null, "f_emotion": null, "raum_emotion": null, "route": [[2.2303446, 48.866264], [2.2307052, 48.8667351], [2.2313624, 48.8674424]]}}, {"type": "Feature", "geometry": {"type": "Point", "coordinates": [1.56935, 49.18635]}, "properties": {"id": 93, "zeile": 3, "tags": ["social", "historical"], "perspektive": "erzaehler", "text": "Sie würden die Wohnung behalten, die sie mit ihrem ersten Gatten geteilt hatte; außerdem sollte Duro", "notiz": "Maupassant skizziert von aussen die sozialen und beruflichen Arrangements der Ehe — Forestiers Erbe bei der Vie Française verweist auf die Pressewelt der Dritten Republik.", "ort": "Paris (Wohnung / Vie Française — unspezifisch)", "valenz": null, "intensitaet": 2, "gewichtete_valenz": null, "f_wert": null, "f_emotion": null, "raum_emotion": null, "route": null}}, {"type": "Feature", "geometry": {"type": "Point", "coordinates": [1.56935, 49.18635]}, "properties": {"id": 94, "zeile": 4, "tags": ["social"], "perspektive": "erzaehler", "text": "Sie hatte alle finanziellen Einzelheiten des Haushalts mit der Sicherheit eines erfahrenen Geschäfts", "notiz": "Maupassant beschreibt von aussen die ökonomisch-rationelle Haltung Madeleines bei der Eheschließung — sozialer Kontext der bürgerlichen Vermögensverwaltung.", "ort": null, "valenz": null, "intensitaet": 2, "gewichtete_valenz": null, "f_wert": null, "f_emotion": null, "raum_emotion": null, "route": null}}, {"type": "Feature", "geometry": {"type": "Point", "coordinates": [1.56935, 49.18635]}, "properties": {"id": 95, "zeile": 5, "tags": ["social"], "perspektive": "erzaehler", "text": "Der junge Mann brachte nach seiner Aussage viertausend Francs in die Ehe; von dieser Summe hatte er ", "notiz": "Maupassant nennt nüchtern die finanziellen Einbringungen beider Partner — markanter sozialer Kontrast zwischen Duroys bescheidenem und Madeleines beträchtlichem Vermögen.", "ort": null, "valenz": null, "intensitaet": 1, "gewichtete_valenz": null, "f_wert": null, "f_emotion": null, "raum_emotion": null, "route": null}}, {"type": "Feature", "geometry": {"type": "Point", "coordinates": [1.56935, 49.18635]}, "properties": {"id": 96, "zeile": 6, "tags": ["george_duroy", "mood"], "perspektive": "figur", "text": "Duroy hörte gar nicht hin, denn er war zu sehr mit anderen Gedanken beschäftigt.", "notiz": "Duroy ist innerlich abgelenkt und folgt Madeleines Ausführungen nicht — sein inneres Erleben (Gedankenverlorenheit) tritt in den Vordergrund.", "ort": "Zug Richtung Rouen", "valenz": null, "intensitaet": 1, "gewichtete_valenz": null, "f_wert": "ort_loest_emotion_aus", "f_emotion": "Zerstreutheit, erotische Spannung", "raum_emotion": {"ort": "Zugabteil auf der Strecke Paris–Rouen", "emotion": "Zerstreutheit, erotische Spannung", "richtung": "ort_loest_emotion_aus"}, "route": null}}, {"type": "Feature", "geometry": {"type": "Point", "coordinates": [1.56935, 49.18635]}, "properties": {"id": 97, "zeile": 7, "tags": ["social", "atmosphere"], "perspektive": "erzaehler", "text": "Sie hielt bisweilen inne, um irgendwelchen geheimen Gedanken nachzusinnen und fuhr dann fort: »In dr", "notiz": "Maupassant beschreibt Madeleines kalkulierendes Wesen von aussen und lässt sie Duroys künftige Einkommenserwartungen benennen — soziale Aufstiegsperspektive.", "ort": "Zug Richtung Rouen", "valenz": null, "intensitaet": 2, "gewichtete_valenz": null, "f_wert": null, "f_emotion": null, "raum_emotion": null, "route": null}}, {"type": "Feature", "geometry": {"type": "Point", "coordinates": [1.56935, 49.18635]}, "properties": {"id": 98, "zeile": 1, "tags": ["george_duroy", "mood"], "perspektive": "figur", "text": "Georges begann die Lektion langweilig zu finden", "notiz": "Duroy empfindet das Gespräch als langweilig — innerer Gemütszustand.", "ort": "Rouen (impliziert, nicht näher spezifiziert)", "valenz": null, "intensitaet": 1, "gewichtete_valenz": null, "f_wert": null, "f_emotion": null, "raum_emotion": null, "route": null}}, {"type": "Feature", "geometry": {"type": "Point", "coordinates": [1.0993, 49.4432]}, "properties": {"id": 99, "zeile": 2, "tags": ["location", "move"], "perspektive": "erzaehler", "text": "wir sind nicht nach Rouen gefahren, um davon zu reden", "notiz": "Erzähler nennt Rouen als Reiseziel — konkrete Ortsangabe.", "ort": "Rouen", "valenz": null, "intensitaet": 1, "gewichtete_valenz": null, "f_wert": null, "f_emotion": null, "raum_emotion": null, "route": [[2.2313624, 48.8674424]]}}, {"type": "Feature", "geometry": {"type": "Point", "coordinates": [1.40825, 49.21645]}, "properties": {"id": 100, "zeile": 3, "tags": ["george_duroy", "koerper_als_akteur"], "perspektive": "figur", "text": "Er hielt zum Scherz seine Hände auf den Knien, wie ein kleiner, artiger Junge.", "notiz": "Duroy nimmt eine kindliche Körperhaltung zum Scherz ein — körperliche Inszenierung im sozialen Spiel.", "ort": "Rouen (impliziert)", "valenz": null, "intensitaet": null, "gewichtete_valenz": null, "f_wert": null, "f_emotion": null, "raum_emotion": null, "route": null}}, {"type": "Feature", "geometry": {"type": "Point", "coordinates": [1.40825, 49.21645]}, "properties": {"id": 101, "zeile": 4, "tags": ["george_duroy", "mood", "social"], "perspektive": "figur", "text": "»Das ist meine Rolle,« antwortete er, »in die Sie mich eben zurechtgewiesen haben. Ich werde nicht m", "notiz": "Duroy spielt bewusst die ihm zugewiesene soziale Rolle des Unerfahrenen — ironische Selbstinszenierung.", "ort": "Rouen (impliziert)", "valenz": 1, "intensitaet": 1, "gewichtete_valenz": 1, "f_wert": null, "f_emotion": null, "raum_emotion": null, "route": null}}, {"type": "Feature", "geometry": {"type": "Point", "coordinates": [1.40825, 49.21645]}, "properties": {"id": 102, "zeile": 5, "tags": ["george_duroy", "mood", "social"], "perspektive": "figur", "text": "»Daß Sie Erfahrung genug besitzen, um meine Unwissenheit wettzumachen, und eine Praxis in der Ehe, u", "notiz": "Duroy spielt auf seinen sozialen und erotischen Status als Junggeselle an — bewusste Selbstdarstellung im Vergleich zur erfahrenen Witwe.", "ort": "Rouen (impliziert)", "valenz": 1, "intensitaet": 2, "gewichtete_valenz": 2, "f_wert": null, "f_emotion": null, "raum_emotion": null, "route": null}}, {"type": "Feature", "geometry": {"type": "Point", "coordinates": [1.40825, 49.21645]}, "properties": {"id": 103, "zeile": 6, "tags": ["george_duroy", "mood", "social"], "perspektive": "figur", "text": "»Ich kenne die Frauen nicht ... Und Sie kennen sicher die Männer, da Sie Witwe waren ... Sie werden ", "notiz": "Duroy inszeniert sich als Unwissender und fordert spielerisch die Witwe als Erzieherin heraus — soziale und erotische Strategie.", "ort": "Rouen (impliziert)", "valenz": 1, "intensitaet": 2, "gewichtete_valenz": 2, "f_wert": null, "f_emotion": null, "raum_emotion": null, "route": null}}, {"type": "Feature", "geometry": {"type": "Point", "coordinates": [1.40825, 49.21645]}, "properties": {"id": 104, "zeile": 7, "tags": ["george_duroy", "mood", "koerper_als_akteur"], "perspektive": "figur", "text": "»Gewiß,« erwiderte er in dem Ton eines Schülers, der seine Schulaufgabe wiederholt, »darauf rechne i", "notiz": "Duroy setzt die spielerische Rolle des Schülers fort und strukturiert das erotische Spiel ironisch als Lehrplan — bewusste Inszenierung.", "ort": "Rouen (impliziert)", "valenz": 1, "intensitaet": 2, "gewichtete_valenz": 2, "f_wert": null, "f_emotion": null, "raum_emotion": null, "route": null}}, {"type": "Feature", "geometry": {"type": "Point", "coordinates": [1.40825, 49.21645]}, "properties": {"id": 105, "zeile": 1, "tags": ["george_duroy", "mood", "time", "location_erinnerung"], "perspektive": "figur", "text": "ich dich von Sekunde zu Sekunde mehr liebe und daß ich den Weg bis Rouen viel zu weit finde", "notiz": "Duroy empfindet die Reisedistanz nach Rouen als emotional zu lang — Zeit und Raum werden durch Gefühl gefärbt.", "ort": "Strecke Paris–Rouen", "valenz": 1, "intensitaet": 2, "gewichtete_valenz": 2, "f_wert": "emotion_faerbt_raum", "f_emotion": "Ungeduld, Sehnsucht", "raum_emotion": {"ort": "Zugstrecke nach Rouen", "emotion": "Ungeduld, Sehnsucht", "richtung": "emotion_faerbt_raum"}, "route": null}}, {"type": "Feature", "geometry": {"type": "Point", "coordinates": [1.40825, 49.21645]}, "properties": {"id": 106, "zeile": 2, "tags": ["george_duroy", "koerper_als_akteur"], "perspektive": "erzaehler", "text": "Er sprach jetzt im Tone eines Schauspielers, mit komischem Mienenspiel und Gebärden", "notiz": "Maupassant beschreibt Duroys performatives Auftreten von aussen — Körper als soziale Geste.", "ort": "Zugabteil, Strecke Paris–Rouen", "valenz": null, "intensitaet": 2, "gewichtete_valenz": null, "f_wert": null, "f_emotion": null, "raum_emotion": null, "route": null}}, {"type": "Feature", "geometry": {"type": "Point", "coordinates": [1.40825, 49.21645]}, "properties": {"id": 107, "zeile": 3, "tags": ["george_duroy", "mood"], "perspektive": "figur", "text": "Er grinste, erregt durch die Zweideutigkeiten, die diesem hübschen Mund entquollen", "notiz": "Duroy reagiert emotional-körperlich auf die Andeutungen der Frau — inneres Erleben von Erregung.", "ort": "Zugabteil, Strecke Paris–Rouen", "valenz": 1, "intensitaet": 2, "gewichtete_valenz": 2, "f_wert": null, "f_emotion": null, "raum_emotion": null, "route": null}}, {"type": "Feature", "geometry": {"type": "Point", "coordinates": [1.40825, 49.21645]}, "properties": {"id": 108, "zeile": 4, "tags": ["space", "weather", "atmosphere", "time"], "perspektive": "erzaehler", "text": "Die Nacht kam heran und hüllte die weiten Felder, die sich rechts der Bahn ausdehnten, in ein durchs", "notiz": "Maupassant beschreibt den Einbruch der Nacht über die Landschaft als atmosphärische Kulisse von aussen.", "ort": "Landschaft entlang der Zugstrecke Paris–Rouen", "valenz": null, "intensitaet": 2, "gewichtete_valenz": null, "f_wert": "ort_loest_emotion_aus", "f_emotion": "gedämpfte Stimmung, Übergangsstimmung", "raum_emotion": {"ort": "weite Felder rechts der Bahn", "emotion": "gedämpfte Stimmung, Übergangsstimmung", "richtung": "ort_loest_emotion_aus"}, "route": null}}, {"type": "Feature", "geometry": {"type": "Point", "coordinates": [1.40825, 49.21645]}, "properties": {"id": 109, "zeile": 5, "tags": ["location", "space", "material"], "perspektive": "erzaehler", "text": "Der Zug fuhr an der Seine entlang, und das junge Paar blickte in den Fluß, dessen Oberfläche sich wi", "notiz": "Maupassant benennt die Seine als konkreten geografischen Ort und beschreibt die materielle Qualität der Wasseroberfläche von aussen.", "ort": "Seine, entlang der Zugstrecke Paris–Rouen", "valenz": null, "intensitaet": 2, "gewichtete_valenz": null, "f_wert": null, "f_emotion": null, "raum_emotion": null, "route": null}}, {"type": "Feature", "geometry": {"type": "Point", "coordinates": [1.40825, 49.21645]}, "properties": {"id": 110, "zeile": 6, "tags": ["weather", "atmosphere", "time"], "perspektive": "erzaehler", "text": "Rote Reflexe spiegelten sich fleckenweise vom Himmel ab, den die untergehende Sonne mit Purpur und F", "notiz": "Maupassant beschreibt den Sonnenuntergang als farbige Atmosphäre — neutrales Erzählerbild ohne inneres Erleben Duroys.", "ort": "Landschaft entlang der Zugstrecke Paris–Rouen", "valenz": null, "intensitaet": 2, "gewichtete_valenz": null, "f_wert": "ort_loest_emotion_aus", "f_emotion": "Erlöschen, Verdüsterung", "raum_emotion": {"ort": "Himmel über der Zugstrecke", "emotion": "Erlöschen, Verdüsterung", "richtung": "ort_loest_emotion_aus"}, "route": null}}, {"type": "Feature", "geometry": {"type": "Point", "coordinates": [1.40825, 49.21645]}, "properties": {"id": 111, "zeile": 1, "tags": ["weather", "atmosphere", "space"], "perspektive": "erzaehler", "text": "Die Felder wurden schwarz, und darüber schwebte jener unheimliche Todesschauer, den jede Dämmerung a", "notiz": "Maupassant beschreibt die Landschaft bei Dämmerung als düstere atmosphärische Kulisse.", "ort": "Landschaft zwischen Paris und Rouen (Zugfahrt)", "valenz": null, "intensitaet": 2, "gewichtete_valenz": null, "f_wert": "ort_loest_emotion_aus", "f_emotion": "Todesschauer, Melancholie", "raum_emotion": {"ort": "Landschaft bei Dämmerung", "emotion": "Todesschauer, Melancholie", "richtung": "ort_loest_emotion_aus"}, "route": null}}, {"type": "Feature", "geometry": {"type": "Point", "coordinates": [1.40825, 49.21645]}, "properties": {"id": 112, "zeile": 2, "tags": ["atmosphere", "mood"], "perspektive": "figur", "text": "Die melancholische Abendstimmung drang auch durch das offene Fenster in die Seelen des noch eben so ", "notiz": "Die Abendstimmung dringt in die Seelen des Paares — Duroy erlebt die Raumstimmung emotional.", "ort": "Zugabteil auf der Strecke Paris–Rouen", "valenz": -1, "intensitaet": 2, "gewichtete_valenz": -2, "f_wert": "ort_loest_emotion_aus", "f_emotion": "Melancholie, Verstummen", "raum_emotion": {"ort": "Zugabteil, offenes Fenster", "emotion": "Melancholie, Verstummen", "richtung": "ort_loest_emotion_aus"}, "route": null}}, {"type": "Feature", "geometry": {"type": "Point", "coordinates": [1.40825, 49.21645]}, "properties": {"id": 113, "zeile": 3, "tags": ["george_duroy", "time", "atmosphere"], "perspektive": "figur", "text": "Sie waren näher aneinander gerückt, um den Todeskampf dieses schönen, hellen Maitages anzusehen.", "notiz": "Duroy und seine Frau nähern sich körperlich angesichts des sterbenden Maitages — Zeit wird emotional als Vergehen erlebt.", "ort": "Zugabteil auf der Strecke Paris–Rouen", "valenz": -1, "intensitaet": 2, "gewichtete_valenz": -2, "f_wert": "ort_loest_emotion_aus", "f_emotion": "Schauer vor dem Vergehen, Zärtlichkeit", "raum_emotion": {"ort": "Zugabteil", "emotion": "Schauer vor dem Vergehen, Zärtlichkeit", "richtung": "ort_loest_emotion_aus"}, "route": null}}, {"type": "Feature", "geometry": {"type": "Point", "coordinates": [1.7172, 48.9897]}, "properties": {"id": 114, "zeile": 4, "tags": ["location", "material", "atmosphere"], "perspektive": "erzaehler", "text": "In Mantes wurde eine kleine Öllampe angezündet, die auf den grauen Stoffbezug der Sitzpolster ihr ge", "notiz": "Maupassant nennt Mantes als Bahnstation und beschreibt das schwache Lampenlicht im Zugabteil als atmosphärische Kulisse.", "ort": "Mantes-la-Jolie (Bahnhof)", "valenz": null, "intensitaet": 1, "gewichtete_valenz": null, "f_wert": null, "f_emotion": null, "raum_emotion": null, "route": null}}, {"type": "Feature", "geometry": {"type": "Point", "coordinates": [1.40825, 49.2164]}, "properties": {"id": 115, "zeile": 5, "tags": ["george_duroy", "mood", "koerper_als_akteur"], "perspektive": "figur", "text": "Duroy legte einen Arm um die Taille seiner Frau und preßte sie an sich. Sein heftiges Verlangen wurd", "notiz": "Duroys inneres heftiges Begehren und seine körperliche Annäherung an die Ehefrau werden aus seiner Perspektive beschrieben.", "ort": "Zugabteil auf der Strecke Paris–Rouen", "valenz": null, "intensitaet": null, "gewichtete_valenz": null, "f_wert": "koerper_als_sensor", "f_emotion": "heftiges Verlangen, Zärtlichkeit", "raum_emotion": {"ort": "Zugabteil", "emotion": "heftiges Verlangen, Zärtlichkeit", "richtung": "koerper_als_sensor"}, "route": null}}, {"type": "Feature", "geometry": {"type": "Point", "coordinates": [1.40825, 49.2164]}, "properties": {"id": 116, "zeile": 8, "tags": ["george_duroy", "mood", "koerper_als_akteur"], "perspektive": "figur", "text": "Es folgte ein keuchendes Ringen und eine heftige und ungeschickte Umarmung. Dann blieben sie Arm in ", "notiz": "Duroys körperliches Erleben der Umarmung und die nachfolgende Enttäuschung werden aus seiner Perspektive geschildert.", "ort": "Zugabteil auf der Strecke Paris–Rouen", "valenz": null, "intensitaet": null, "gewichtete_valenz": null, "f_wert": "koerper_als_sensor", "f_emotion": "Enttäuschung, Müdigkeit, Zärtlichkeit", "raum_emotion": {"ort": "Zugabteil", "emotion": "Enttäuschung, Müdigkeit, Zärtlichkeit", "richtung": "koerper_als_sensor"}, "route": null}}, {"type": "Feature", "geometry": {"type": "Point", "coordinates": [1.40825, 49.2164]}, "properties": {"id": 117, "zeile": 9, "tags": ["sound", "location", "time"], "perspektive": "erzaehler", "text": "bis das Pfeifen des Zuges die Nähe des Bahnhofs ankündigte.", "notiz": "Maupassant beschreibt das Pfeifen des Zuges als neutrales Zeitzeichen — die Ankunft am Bahnhof kündigt sich an.", "ort": "Bahnhof auf der Strecke Paris–Rouen (unspezifisch)", "valenz": null, "intensitaet": 1, "gewichtete_valenz": null, "f_wert": null, "f_emotion": null, "raum_emotion": null, "route": null}}, {"type": "Feature", "geometry": {"type": "Point", "coordinates": [1.0993, 49.4431]}, "properties": {"id": 118, "zeile": 12, "tags": ["george_duroy", "location", "move", "atmosphere", "mood"], "perspektive": "figur", "text": "Bis Rouen saßen sie Wange an Wange gelehnt, fast unbeweglich, und blickten durch das Fenster in die ", "notiz": "Duroy und seine Frau fahren bis Rouen und beobachten die Nacht aus dem Zugfenster — Bewegung und ruhige Stimmung aus ihrer gemeinsamen Perspektive.", "ort": "Rouen (Ziel der Zugfahrt)", "valenz": null, "intensitaet": null, "gewichtete_valenz": null, "f_wert": "ort_loest_emotion_aus", "f_emotion": "stille Zufriedenheit, Träumen", "raum_emotion": {"ort": "Zugabteil, Blick in die Nacht", "emotion": "stille Zufriedenheit, Träumen", "richtung": "ort_loest_emotion_aus"}, "route": [[2.2313624, 48.8674424]]}}, {"type": "Feature", "geometry": {"type": "Point", "coordinates": [1.0993, 49.4431]}, "properties": {"id": 119, "zeile": 13, "tags": ["george_duroy", "mood"], "perspektive": "figur", "text": "Sie waren zufrieden, so nahe beieinander zu sein und träumten von der inneren Annäherung und Vereini", "notiz": "Duroys Zufriedenheit und Vorfreude auf die künftige Vereinigung werden als inneres Erleben dargestellt.", "ort": "Zugabteil auf der Fahrt nach Rouen", "valenz": 1, "intensitaet": 2, "gewichtete_valenz": 2, "f_wert": "koerper_als_sensor", "f_emotion": "Zufriedenheit, Vorfreude", "raum_emotion": {"ort": "Zugabteil", "emotion": "Zufriedenheit, Vorfreude", "richtung": "koerper_als_sensor"}, "route": null}}, {"type": "Feature", "geometry": {"type": "Point", "coordinates": [1.0993, 49.4431]}, "properties": {"id": 120, "zeile": 1, "tags": ["location", "space"], "perspektive": "erzaehler", "text": "Sie stiegen in einem Hotel ab, dessen Fenster nach dem Ufer hinausgingen.", "notiz": "Maupassant beschreibt den Aufenthaltsort des Paares – ein Hotel mit Blick aufs Ufer – von aussen.", "ort": "Hotel am Ufer (Rouen oder Umgebung, Reiseroute nach Canteleu)", "valenz": null, "intensitaet": 1, "gewichtete_valenz": null, "f_wert": null, "f_emotion": null, "raum_emotion": null, "route": null}}, {"type": "Feature", "geometry": {"type": "Point", "coordinates": [1.0993, 49.4431]}, "properties": {"id": 121, "zeile": 3, "tags": ["george_duroy", "mood"], "perspektive": "figur", "text": "Duroy sah seine Frau an und schloß sie in seine Arme mit stürmischer Freude eines Mannes, der einen ", "notiz": "Duroy erlebt stürmische Freude und Zuneigung zu seiner Frau – inneres emotionales Erleben.", "ort": "Hotel am Ufer (Reiseroute nach Canteleu)", "valenz": 1, "intensitaet": 3, "gewichtete_valenz": 3, "f_wert": "ort_loest_emotion_aus", "f_emotion": "stürmische Freude, Liebe", "raum_emotion": {"ort": "Hotelzimmer", "emotion": "stürmische Freude, Liebe", "richtung": "ort_loest_emotion_aus"}, "route": null}}, {"type": "Feature", "geometry": {"type": "Point", "coordinates": [1.0993, 49.4431]}, "properties": {"id": 122, "zeile": 6, "tags": ["george_duroy", "mood", "location_erinnerung"], "perspektive": "figur", "text": "Der bevorstehende Besuch bei seinen Eltern beunruhigte Duroy.", "notiz": "Duroy fühlt Unruhe beim Gedanken an den bevorstehenden Besuch bei seinen Eltern – emotionale Antizipation.", "ort": "Canteleu (Elternhaus)", "valenz": -1, "intensitaet": 2, "gewichtete_valenz": -2, "f_wert": "ort_loest_emotion_aus", "f_emotion": "Beunruhigung, Sorge", "raum_emotion": {"ort": "Elternhaus Canteleu", "emotion": "Beunruhigung, Sorge", "richtung": "ort_loest_emotion_aus"}, "route": null}}, {"type": "Feature", "geometry": {"type": "Point", "coordinates": [1.0993, 49.4431]}, "properties": {"id": 123, "zeile": 10, "tags": ["george_duroy", "location_erinnerung", "material", "social"], "perspektive": "figur", "text": "»Wir werden es sehr unbequem haben. In meinem Zimmer steht nur ein Bett mit einem Strohsack. In Cant", "notiz": "Duroy antizipiert die einfachen Verhältnisse im Elternhaus – persönliche Erinnerung an den Ort und seine ländliche Bescheidenheit.", "ort": "Canteleu (Elternhaus Duroys)", "valenz": null, "intensitaet": 2, "gewichtete_valenz": null, "f_wert": "ort_loest_emotion_aus", "f_emotion": "Unbehagen, soziale Scham", "raum_emotion": {"ort": "Elternhaus Canteleu", "emotion": "Unbehagen, soziale Scham", "richtung": "ort_loest_emotion_aus"}, "route": null}}, {"type": "Feature", "geometry": {"type": "Point", "coordinates": [1.0993, 49.4431]}, "properties": {"id": 124, "zeile": 14, "tags": ["george_duroy", "mood", "material", "social"], "perspektive": "figur", "text": "Sie hatte einen Morgenrock aus weißem Flanell angezogen, den Duroy sofort erkannte. Dieser Anblick w", "notiz": "Duroy erkennt den Morgenrock seiner Frau als denselben, den sie auch bei Forestier trug – der Anblick löst Unbehagen aus.", "ort": "Hotel am Ufer (Reiseroute nach Canteleu)", "valenz": -1, "intensitaet": 2, "gewichtete_valenz": -2, "f_wert": "ort_loest_emotion_aus", "f_emotion": "Unbehagen, Eifersucht, Erinnerungsdruck", "raum_emotion": {"ort": "Hotelzimmer", "emotion": "Unbehagen, Eifersucht, Erinnerungsdruck", "richtung": "ort_loest_emotion_aus"}, "route": null}}, {"type": "Feature", "geometry": {"type": "Point", "coordinates": [1.0993, 49.4431]}, "properties": {"id": 125, "zeile": 16, "tags": ["george_duroy", "mood", "material", "location_erinnerung"], "perspektive": "figur", "text": "Ihm schien, als ob der weiche, warme Stoff etwas von Forestiers Berührung bewahrt haben müßte.", "notiz": "Duroy stellt sich vor, dass der Stoff des Morgenkleides Forestiers Berührung bewahrt hat – sinnliche Imagination überlagert von Eifersucht.", "ort": "Hotel am Ufer (Reiseroute nach Canteleu)", "valenz": -1, "intensitaet": 2, "gewichtete_valenz": -2, "f_wert": "koerper_als_sensor", "f_emotion": "Eifersucht, Unbehagen, Kontaminationsgefühl", "raum_emotion": {"ort": "Hotelzimmer", "emotion": "Eifersucht, Unbehagen, Kontaminationsgefühl", "richtung": "koerper_als_sensor"}, "route": null}}, {"type": "Feature", "geometry": {"type": "Point", "coordinates": [1.0993, 49.4431]}, "properties": {"id": 126, "zeile": 18, "tags": ["george_duroy", "move"], "perspektive": "figur", "text": "Er ging ans Fenster und steckte sich eine Zigarette an.", "notiz": "Duroy bewegt sich ans Fenster und zündet sich eine Zigarette an – körperliche Reaktion auf emotionale Belastung.", "ort": "Hotel am Ufer (Reiseroute nach Canteleu)", "valenz": null, "intensitaet": null, "gewichtete_valenz": null, "f_wert": "emotion_faerbt_raum", "f_emotion": "Verdrängung, innere Unruhe", "raum_emotion": {"ort": "Hotelzimmer / Fenster", "emotion": "Verdrängung, innere Unruhe", "richtung": "emotion_faerbt_raum"}, "route": null}}, {"type": "Feature", "geometry": {"type": "Point", "coordinates": [1.0993, 49.4431]}, "properties": {"id": 127, "zeile": 1, "tags": ["george_duroy", "space", "atmosphere"], "perspektive": "figur", "text": "Der Anblick des Hafens und des breiten Stromes mit seinen Schiffen und ihren schlanken Masten, mit s", "notiz": "Duroy wird vom Anblick des Hafens und Stromes ergriffen, obwohl er die Szenerie bereits kennt — inneres Erleben der Raumqualität.", "ort": "Hafen von Rouen, Seineufer", "valenz": 1, "intensitaet": 3, "gewichtete_valenz": 3, "f_wert": "ort_loest_emotion_aus", "f_emotion": "Ergriffenheit, Bewunderung", "raum_emotion": {"ort": "Hafen Rouen", "emotion": "Ergriffenheit, Bewunderung", "richtung": "ort_loest_emotion_aus"}, "route": null}}, {"type": "Feature", "geometry": {"type": "Point", "coordinates": [1.0993, 49.4431]}, "properties": {"id": 128, "zeile": 1, "tags": ["george_duroy", "mood"], "perspektive": "figur", "text": "Und er rief: »O Gott, ist das schön!«", "notiz": "Duroys spontaner Ausruf der Bewunderung drückt seinen emotionalen Zustand beim Anblick des Hafens aus.", "ort": "Hafen von Rouen, Seineufer", "valenz": 1, "intensitaet": 2, "gewichtete_valenz": 2, "f_wert": "ort_loest_emotion_aus", "f_emotion": "Begeisterung", "raum_emotion": {"ort": "Hafen Rouen", "emotion": "Begeisterung", "richtung": "ort_loest_emotion_aus"}, "route": null}}, {"type": "Feature", "geometry": {"type": "Point", "coordinates": [1.10955, 49.43515]}, "properties": {"id": 129, "zeile": 2, "tags": ["time"], "perspektive": "erzaehler", "text": "Eine Stunde später fuhren sie ab; sie wollten bei den Alten zum Frühstück sein, denn sie hatten sie ", "notiz": "Neutrale Erzählerangabe zur zeitlichen Abfolge — Abfahrt eine Stunde später.", "ort": "Rouen, Abfahrt vom Hafen", "valenz": null, "intensitaet": 1, "gewichtete_valenz": null, "f_wert": null, "f_emotion": null, "raum_emotion": null, "route": null}}, {"type": "Feature", "geometry": {"type": "Point", "coordinates": [1.10955, 49.43515]}, "properties": {"id": 130, "zeile": 2, "tags": ["move", "location", "social", "sound"], "perspektive": "erzaehler", "text": "Eine offene, alte Droschke fuhr sie langsam mit furchtbarem Gerassel zuerst eine ziemlich langweilig", "notiz": "Maupassant beschreibt die Fahrt mit der alten Droschke durch die Landschaft von aussen — Bewegungsroute und soziale Qualität des Gefährts.", "ort": "Landschaft bei Rouen, Fahrt zur Herkunftsfamilie", "valenz": null, "intensitaet": 2, "gewichtete_valenz": null, "f_wert": null, "f_emotion": null, "raum_emotion": null, "route": null}}, {"type": "Feature", "geometry": {"type": "Point", "coordinates": [1.10955, 49.43515]}, "properties": {"id": 131, "zeile": 2, "tags": ["weather", "time", "atmosphere"], "perspektive": "erzaehler", "text": "Madeleine war müde und erhitzt von der frischen Landluft und der wundervollen Frühlingssonne, und sc", "notiz": "Maupassant beschreibt Madeleines Zustand und die Frühlingssonne als atmosphärische Kulisse von aussen.", "ort": "Landschaft bei Rouen, Fahrt zur Herkunftsfamilie", "valenz": null, "intensitaet": 2, "gewichtete_valenz": null, "f_wert": null, "f_emotion": null, "raum_emotion": null, "route": null}}, {"type": "Feature", "geometry": {"type": "Point", "coordinates": [1.10955, 49.43515]}, "properties": {"id": 132, "zeile": 3, "tags": ["george_duroy", "mood"], "perspektive": "figur", "text": "Ihr Gatte weckte sie: »Sieh dir das an!« sagte er.", "notiz": "Duroy weckt Madeleine aktiv, um ihr die Aussicht zu zeigen — Handlung aus seiner Perspektive.", "ort": "Aussichtspunkt bei Rouen", "valenz": 1, "intensitaet": 1, "gewichtete_valenz": 1, "f_wert": null, "f_emotion": null, "raum_emotion": null, "route": null}}, {"type": "Feature", "geometry": {"type": "Point", "coordinates": [1.10955, 49.43515]}, "properties": {"id": 133, "zeile": 3, "tags": ["location", "move"], "perspektive": "erzaehler", "text": "Sie hatten etwa zwei Drittel der Steigung überwunden und machten an einem berühmten Aussichtspunkt h", "notiz": "Erzählerische Verortung an einem bekannten Aussichtspunkt in der Nähe von Rouen.", "ort": "Aussichtspunkt Côte Sainte-Catherine bei Rouen", "valenz": null, "intensitaet": 1, "gewichtete_valenz": null, "f_wert": null, "f_emotion": null, "raum_emotion": null, "route": null}}, {"type": "Feature", "geometry": {"type": "Point", "coordinates": [1.1198, 49.4272]}, "properties": {"id": 134, "zeile": 3, "tags": ["space", "location"], "perspektive": "erzaehler", "text": "Man übersah von hier das weite Tal, das der breite Fluß in vielen Windungen durchströmte. Man sah ih", "notiz": "Maupassant beschreibt die weiträumige Aussicht über das Seinetal und die Stadt Rouen von aussen.", "ort": "Seine-Tal bei Rouen", "valenz": null, "intensitaet": 2, "gewichtete_valenz": null, "f_wert": null, "f_emotion": null, "raum_emotion": null, "route": null}}, {"type": "Feature", "geometry": {"type": "Point", "coordinates": [1.093, 49.4397]}, "properties": {"id": 135, "zeile": 3, "tags": ["location", "atmosphere", "weather", "material"], "perspektive": "erzaehler", "text": "Weiterhin ragte die Stadt am rechten Ufer etwas verschwommen im Morgennebel, in der Ferne blitzten d", "notiz": "Maupassant beschreibt Rouen mit seiner Kathedrale im Morgennebel als atmosphärisches Panorama von aussen.", "ort": "Kathedrale Notre-Dame de Rouen", "valenz": null, "intensitaet": 2, "gewichtete_valenz": null, "f_wert": null, "f_emotion": null, "raum_emotion": null, "route": null}}, {"type": "Feature", "geometry": {"type": "Point", "coordinates": [1.0864, 49.4348]}, "properties": {"id": 136, "zeile": 3, "tags": ["location", "atmosphere", "smell", "historical"], "perspektive": "erzaehler", "text": "Auf der anderen Flußseite ragten rund und oben ausgebaucht die noch zahlreicheren, dünnen Fabrikscho", "notiz": "Maupassant beschreibt die Industrievorstadt Saint-Sever mit ihrem Kohlequalm als sozialhistorische Kulisse von aussen.", "ort": "Vorstadt Saint-Sever, Rouen", "valenz": null, "intensitaet": 2, "gewichtete_valenz": null, "f_wert": null, "f_emotion": null, "raum_emotion": null, "route": null}}, {"type": "Feature", "geometry": {"type": "Point", "coordinates": [1.09285, 49.43895]}, "properties": {"id": 137, "zeile": 1, "tags": ["atmosphere"], "perspektive": "erzaehler", "text": "Der Kutscher wartete geduldig, bis seine Fahrgäste sich hinreichend entzückt hatten. Aus seiner lang", "notiz": "Der Erzähler beschreibt die Situation aus der distanzierten Außenperspektive des erfahrenen Kutschers.", "ort": "Landstraße bei Duroys Elternhaus, Normandie", "valenz": 0, "intensitaet": 1, "gewichtete_valenz": 0, "f_wert": null, "f_emotion": null, "raum_emotion": null, "route": null}}, {"type": "Feature", "geometry": {"type": "Point", "coordinates": [1.09285, 49.43895]}, "properties": {"id": 138, "zeile": 3, "tags": ["george_duroy", "move", "mood"], "perspektive": "figur", "text": "bemerkte plötzlich Duroy ein paar hundert Schritt von ihm entfernt zwei alte Leute, die ihnen entgeg", "notiz": "Duroy nimmt die Eltern wahr, handelt spontan und zeigt emotionale Regung durch sein impulsives Herausspringen.", "ort": "Landstraße bei Duroys Elternhaus, Normandie", "valenz": null, "intensitaet": null, "gewichtete_valenz": null, "f_wert": "ort_loest_emotion_aus", "f_emotion": "Freude, Wiedererkennen", "raum_emotion": {"ort": "Landstraße Normandie", "emotion": "Freude, Wiedererkennen", "richtung": "ort_loest_emotion_aus"}, "route": null}}, {"type": "Feature", "geometry": {"type": "Point", "coordinates": [1.09285, 49.43895]}, "properties": {"id": 139, "zeile": 4, "tags": ["social", "material"], "perspektive": "erzaehler", "text": "Es waren zwei Bauern, ein Mann und eine Frau, die mit unregelmäßigen Schritten daherkamen und sich d", "notiz": "Maupassant beschreibt die Eltern Duroys als typische Bauerngestalten und charakterisiert ihre soziale Lage von außen.", "ort": "Landstraße bei Duroys Elternhaus, Normandie", "valenz": null, "intensitaet": 2, "gewichtete_valenz": null, "f_wert": null, "f_emotion": null, "raum_emotion": null, "route": null}}, {"type": "Feature", "geometry": {"type": "Point", "coordinates": [1.09285, 49.43895]}, "properties": {"id": 140, "zeile": 8, "tags": ["atmosphere"], "perspektive": "erzaehler", "text": "Madeleine war gleichfalls ausgestiegen und betrachtete die beiden armen Leutchen mit bedrücktem Herz", "notiz": "Maupassant beschreibt Madeleines emotionale Reaktion von außen — ihre Stimmung wird als Kulisse erzählt.", "ort": "Landstraße bei Duroys Elternhaus, Normandie", "valenz": -1, "intensitaet": 2, "gewichtete_valenz": -2, "f_wert": null, "f_emotion": null, "raum_emotion": null, "route": null}}, {"type": "Feature", "geometry": {"type": "Point", "coordinates": [1.09285, 49.43895]}, "properties": {"id": 141, "zeile": 9, "tags": ["social"], "perspektive": "erzaehler", "text": "Zuerst erkannten sie ihren Sohn, diesen schönen, eleganten Herrn nicht, und nie hätten sie geahnt, d", "notiz": "Der Erzähler beschreibt den sozialen Kontrast zwischen den Eltern und dem eleganten Paar von außen.", "ort": "Landstraße bei Duroys Elternhaus, Normandie", "valenz": null, "intensitaet": 2, "gewichtete_valenz": null, "f_wert": null, "f_emotion": null, "raum_emotion": null, "route": null}}, {"type": "Feature", "geometry": {"type": "Point", "coordinates": [1.09285, 49.43895]}, "properties": {"id": 142, "zeile": 11, "tags": ["move", "social"], "perspektive": "erzaehler", "text": "Schweigend und hastig gingen sie ihrem erwarteten Kind entgegen, ohne auf die Stadtmenschen, hinter ", "notiz": "Der Erzähler beschreibt die unbewusste Begegnung und den sozialen Kontrast zwischen Bauern und Stadtmenschen von außen.", "ort": "Landstraße bei Duroys Elternhaus, Normandie", "valenz": null, "intensitaet": 1, "gewichtete_valenz": null, "f_wert": null, "f_emotion": null, "raum_emotion": null, "route": null}}, {"type": "Feature", "geometry": {"type": "Point", "coordinates": [1.09285, 49.43895]}, "properties": {"id": 143, "zeile": 12, "tags": ["george_duroy", "mood"], "perspektive": "figur", "text": "Da rief Georges Duroy lachend: »Guten Tag, Papa Duroy!«", "notiz": "Duroy handelt aktiv und zeigt durch das Lachen eine positive, entspannte Stimmung beim Wiedersehen.", "ort": "Landstraße bei Duroys Elternhaus, Normandie", "valenz": null, "intensitaet": null, "gewichtete_valenz": null, "f_wert": "ort_loest_emotion_aus", "f_emotion": "Heiterkeit, Freude", "raum_emotion": {"ort": "Landstraße Normandie", "emotion": "Heiterkeit, Freude", "richtung": "ort_loest_emotion_aus"}, "route": null}}, {"type": "Feature", "geometry": {"type": "Point", "coordinates": [1.09285, 49.43895]}, "properties": {"id": 144, "zeile": 15, "tags": ["george_duroy", "move", "koerper_als_akteur"], "perspektive": "figur", "text": "Und er ging auf sie zu und gab ihr auf beide Backen einen herzlichen Sohneskuß. Dann drückte er sein", "notiz": "Duroy bewegt sich auf die Eltern zu und vollzieht körperlich die familiäre Begrüßung.", "ort": "Landstraße bei Duroys Elternhaus, Normandie", "valenz": null, "intensitaet": null, "gewichtete_valenz": null, "f_wert": null, "f_emotion": null, "raum_emotion": null, "route": null}}, {"type": "Feature", "geometry": {"type": "Point", "coordinates": [1.0993, 49.4431]}, "properties": {"id": 145, "zeile": 16, "tags": ["social", "material", "location"], "perspektive": "erzaehler", "text": "der seine Mütze abgenommen hatte, eine seidene, sehr hohe Kappe, wie die Viehhändler in Rouen sie zu", "notiz": "Maupassant verortet den Vater sozial über das typische Erkennungszeichen der Viehhändler aus Rouen.", "ort": "Rouen", "valenz": null, "intensitaet": 1, "gewichtete_valenz": null, "f_wert": null, "f_emotion": null, "raum_emotion": null, "route": null}}, {"type": "Feature", "geometry": {"type": "Point", "coordinates": [1.07465, 49.44155]}, "properties": {"id": 146, "zeile": 1, "tags": ["george_duroy"], "perspektive": "figur", "text": "Dann stellte Duroy vor: »Das ist meine Frau.«", "notiz": "Duroy handelt aktiv, indem er seine Frau vorstellt.", "ort": "Elternhaus Duroy, Normandie (ländlich, unspezifisch)", "valenz": null, "intensitaet": null, "gewichtete_valenz": null, "f_wert": null, "f_emotion": null, "raum_emotion": null, "route": null}}, {"type": "Feature", "geometry": {"type": "Point", "coordinates": [1.07465, 49.44155]}, "properties": {"id": 147, "zeile": 2, "tags": ["social", "atmosphere"], "perspektive": "erzaehler", "text": "die beiden Bauersleute starrten Madeleine wie ein Wunder mit einer verborgenen Furcht an. Der Vater ", "notiz": "Maupassant beschreibt von aussen die soziale Spannung zwischen den Bauersleuten und der städtischen Madeleine.", "ort": "Elternhaus Duroy, Normandie (ländlich, unspezifisch)", "valenz": null, "intensitaet": 2, "gewichtete_valenz": null, "f_wert": "ort_loest_emotion_aus", "f_emotion": "Eifersucht, Fremdheit, soziale Spannung", "raum_emotion": {"ort": "Elternhaus Duroy", "emotion": "Eifersucht, Fremdheit, soziale Spannung", "richtung": "ort_loest_emotion_aus"}, "route": null}}, {"type": "Feature", "geometry": {"type": "Point", "coordinates": [1.07465, 49.44155]}, "properties": {"id": 148, "zeile": 3, "tags": ["social", "atmosphere"], "perspektive": "erzaehler", "text": "Der Mann war von Natur lustig und fröhlich und durch den Genuß des süßen Apfelweines und Alkohols wu", "notiz": "Maupassant beschreibt den Vater als gesellige Bauernfigur, charakterisiert durch ländliche Trinkgewohnheiten.", "ort": "Elternhaus Duroy, Normandie (ländlich, unspezifisch)", "valenz": null, "intensitaet": 1, "gewichtete_valenz": null, "f_wert": null, "f_emotion": null, "raum_emotion": null, "route": null}}, {"type": "Feature", "geometry": {"type": "Point", "coordinates": [1.07465, 49.44155]}, "properties": {"id": 149, "zeile": 5, "tags": ["social", "koerper_als_akteur", "atmosphere"], "perspektive": "erzaehler", "text": "Madeleine, der es unbehaglich wurde, reichte beide Wangen den schallenden Küssen des Bauern, der dar", "notiz": "Maupassant beschreibt von aussen die körperliche und soziale Unbehaglichkeit des Aufeinandertreffens der Stadtfrau mit dem Bauern.", "ort": "Elternhaus Duroy, Normandie (ländlich, unspezifisch)", "valenz": null, "intensitaet": 2, "gewichtete_valenz": null, "f_wert": "ort_loest_emotion_aus", "f_emotion": "Unbehagen, soziale Fremdheit", "raum_emotion": {"ort": "Elternhaus Duroy", "emotion": "Unbehagen, soziale Fremdheit", "richtung": "ort_loest_emotion_aus"}, "route": null}}, {"type": "Feature", "geometry": {"type": "Point", "coordinates": [1.07465, 49.44155]}, "properties": {"id": 150, "zeile": 7, "tags": ["social", "atmosphere"], "perspektive": "erzaehler", "text": "Auch die Alte küßte ihre Schwiegertochter, doch mit feindseliger Zurückhaltung. Nein! das war nicht ", "notiz": "Maupassant beschreibt die innere Ablehnung der Mutter gegenüber der städtischen Schwiegertochter aus der Erzählerperspektive.", "ort": "Elternhaus Duroy, Normandie (ländlich, unspezifisch)", "valenz": null, "intensitaet": 2, "gewichtete_valenz": null, "f_wert": "ort_loest_emotion_aus", "f_emotion": "Ablehnung, feindselige Eifersucht", "raum_emotion": {"ort": "Elternhaus Duroy", "emotion": "Ablehnung, feindselige Eifersucht", "richtung": "ort_loest_emotion_aus"}, "route": null}}, {"type": "Feature", "geometry": {"type": "Point", "coordinates": [1.07465, 49.44155]}, "properties": {"id": 151, "zeile": 8, "tags": ["smell", "social"], "perspektive": "erzaehler", "text": "Die Dame da sah nicht recht geheuer aus mit ihrem Putz und ihrem Moschusgeruch. Für die Alte gab es ", "notiz": "Maupassant beschreibt den Geruch als sozialen Marker, der die städtische Frau von der bäuerlichen Welt trennt.", "ort": "Elternhaus Duroy, Normandie (ländlich, unspezifisch)", "valenz": -1, "intensitaet": 2, "gewichtete_valenz": -2, "f_wert": null, "f_emotion": null, "raum_emotion": null, "route": null}}, {"type": "Feature", "geometry": {"type": "Point", "coordinates": [1.07465, 49.44155]}, "properties": {"id": 152, "zeile": 9, "tags": ["move"], "perspektive": "erzaehler", "text": "Man ging nun weiter und folgte der Droschke, auf der das Gepäck des jungen Paares stand.", "notiz": "Maupassant beschreibt die Bewegung der Gruppe als neutrale Erzählerangabe.", "ort": "Weg zum Elternhaus Duroy, Normandie (ländlich, unspezifisch)", "valenz": null, "intensitaet": null, "gewichtete_valenz": null, "f_wert": null, "f_emotion": null, "raum_emotion": null, "route": null}}, {"type": "Feature", "geometry": {"type": "Point", "coordinates": [1.07465, 49.44155]}, "properties": {"id": 153, "zeile": 10, "tags": ["social"], "perspektive": "erzaehler", "text": "Der Alte nahm den Sohn beim Arm, zog ihn etwas zurück und fragte neugierig: »Nun, und wie gehen die ", "notiz": "Maupassant beschreibt von aussen die vertrauliche Geste des Vaters, die ein soziales Interesse an den Verhältnissen des Sohnes signalisiert.", "ort": "Weg zum Elternhaus Duroy, Normandie (ländlich, unspezifisch)", "valenz": null, "intensitaet": 1, "gewichtete_valenz": null, "f_wert": null, "f_emotion": null, "raum_emotion": null, "route": null}}, {"type": "Feature", "geometry": {"type": "Point", "coordinates": [1.07465, 49.44155]}, "properties": {"id": 154, "zeile": 14, "tags": ["social", "atmosphere"], "perspektive": "erzaehler", "text": "Der Vater stieß vor Überraschung und Bewunderung einen leisen Pfiff aus und brachte nichts weiter he", "notiz": "Maupassant beschreibt von aussen die Reaktion des Vaters auf die Nennung des Vermögens der Schwiegertochter.", "ort": "Weg zum Elternhaus Duroy, Normandie (ländlich, unspezifisch)", "valenz": null, "intensitaet": 2, "gewichtete_valenz": null, "f_wert": null, "f_emotion": null, "raum_emotion": null, "route": null}}, {"type": "Feature", "geometry": {"type": "Point", "coordinates": [1.07465, 49.44155]}, "properties": {"id": 155, "zeile": 15, "tags": ["social"], "perspektive": "erzaehler", "text": "Dann setzte er mit ernster und ehrlicher Überzeugung hinzu: »Wahrhaftig, es ist eine schöne Frau!« E", "notiz": "Maupassant beschreibt ironisch-distanziert die Bewunderung des Vaters für Madeleine als Mischung aus ästhetischem und finanziellem Urteil.", "ort": "Weg zum Elternhaus Duroy, Normandie (ländlich, unspezifisch)", "valenz": null, "intensitaet": 1, "gewichtete_valenz": null, "f_wert": null, "f_emotion": null, "raum_emotion": null, "route": null}}, {"type": "Feature", "geometry": {"type": "Point", "coordinates": [1.07465, 49.44155]}, "properties": {"id": 156, "zeile": 16, "tags": ["move", "atmosphere", "social"], "perspektive": "erzaehler", "text": "Madeleine und die Mutter gingen nebeneinander, ohne ein Wort zu sprechen. Die beiden Männer holten s", "notiz": "Maupassant beschreibt das schweigende Nebeneinandergehen der Frauen als Zeichen der sozialen Spannung zwischen den Welten.", "ort": "Weg zum Elternhaus Duroy, Normandie (ländlich, unspezifisch)", "valenz": null, "intensitaet": 1, "gewichtete_valenz": null, "f_wert": "ort_loest_emotion_aus", "f_emotion": "Spannung, Schweigen, soziale Fremdheit", "raum_emotion": {"ort": "Weg zum Elternhaus Duroy", "emotion": "Spannung, Schweigen, soziale Fremdheit", "richtung": "ort_loest_emotion_aus"}, "route": null}}, {"type": "Feature", "geometry": {"type": "Point", "coordinates": [1.07465, 49.44155]}, "properties": {"id": 157, "zeile": 1, "tags": ["space", "material"], "perspektive": "erzaehler", "text": "Das kleine Dorf, wohin sie nun gelangten, zog sich längs der Straße hin, etwa zehn Häuser auf jeder ", "notiz": "Maupassant beschreibt das Dorf von aussen als ländliche Kulisse mit physischen Materialdetails der Häuser.", "ort": "Dorf bei Rouen (Normandie), Heimatdorf der Familie Duroy", "valenz": null, "intensitaet": 2, "gewichtete_valenz": null, "f_wert": null, "f_emotion": null, "raum_emotion": null, "route": null}}, {"type": "Feature", "geometry": {"type": "Point", "coordinates": [1.07465, 49.44155]}, "properties": {"id": 158, "zeile": 2, "tags": ["location", "space"], "perspektive": "erzaehler", "text": "Links, am Dorfeingang befand sich das Wirtshaus des alten Duroy »Zur schönen Aussicht«, eine kleine ", "notiz": "Maupassant benennt und verortet konkret das elterliche Wirtshaus als Erzählerangabe.", "ort": "Wirtshaus »Zur schönen Aussicht«, Dorfeingang, Normandie", "valenz": null, "intensitaet": 1, "gewichtete_valenz": null, "f_wert": null, "f_emotion": null, "raum_emotion": null, "route": null}}, {"type": "Feature", "geometry": {"type": "Point", "coordinates": [1.07465, 49.44155]}, "properties": {"id": 159, "zeile": 3, "tags": ["material", "social"], "perspektive": "erzaehler", "text": "Über der Tür war ein Kiefernzweig angebracht, er zeigte nach altem Brauch, daß durstige Leute eintre", "notiz": "Maupassant beschreibt einen traditionellen ländlichen Brauch als soziales Zeichen von aussen.", "ort": "Wirtshaus »Zur schönen Aussicht«, Normandie", "valenz": null, "intensitaet": 1, "gewichtete_valenz": null, "f_wert": null, "f_emotion": null, "raum_emotion": null, "route": null}}, {"type": "Feature", "geometry": {"type": "Point", "coordinates": [1.07465, 49.44155]}, "properties": {"id": 160, "zeile": 4, "tags": ["move", "space", "material", "atmosphere"], "perspektive": "figur", "text": "Er führte sie rechts durch eine Tür in ein kaltes, viereckiges Zimmer mit kalkgeweißten Wänden, in d", "notiz": "Duroy führt Madeleine durch das Zimmer — die Raumbeschreibung verschränkt Erzählerblick mit Duroys innerem Erleben des öden, kargen Raums seiner Herkunft.", "ort": "Gastzimmer im Wirtshaus der Familie Duroy, Normandie", "valenz": null, "intensitaet": null, "gewichtete_valenz": null, "f_wert": "ort_loest_emotion_aus", "f_emotion": "Öde, Kargheit, Kontrast zur Pariser Welt", "raum_emotion": {"ort": "karges, kalkgeweißtes Zimmer im Elternhaus", "emotion": "Öde, Kargheit, Kontrast zur Pariser Welt", "richtung": "ort_loest_emotion_aus"}, "route": null}}, {"type": "Feature", "geometry": {"type": "Point", "coordinates": [1.07465, 49.44155]}, "properties": {"id": 161, "zeile": 5, "tags": ["mood", "location_erinnerung"], "perspektive": "figur", "text": "Guten Tag, Made; ich freue mich wirklich, die Alten wiederzusehen. In Paris denkt man nicht an sie, ", "notiz": "Duroy äussert seine Freude über das Wiedersehen und reflektiert beiläufig das Vergessen in Paris — persönliche Erinnerung an Herkunft und Distanz.", "ort": "Wirtshaus der Familie Duroy, Normandie", "valenz": 1, "intensitaet": 2, "gewichtete_valenz": 2, "f_wert": "ort_loest_emotion_aus", "f_emotion": "Freude, emotionale Wärme beim Wiedersehen", "raum_emotion": {"ort": "Elternhaus in der Normandie", "emotion": "Freude, emotionale Wärme beim Wiedersehen", "richtung": "ort_loest_emotion_aus"}, "route": null}}, {"type": "Feature", "geometry": {"type": "Point", "coordinates": [1.07465, 49.44155]}, "properties": {"id": 162, "zeile": 6, "tags": ["social", "atmosphere"], "perspektive": "erzaehler", "text": "Es war eine lange, schlecht zusammengestellte Bauernmahlzeit: eine Wurst nach der Hammelkeule und ei", "notiz": "Maupassant beschreibt die bäuerliche Mahlzeit von aussen als Marker für den sozialen Stand der Familie Duroy.", "ort": "Wirtsstube im Elternhaus der Familie Duroy, Normandie", "valenz": null, "intensitaet": 2, "gewichtete_valenz": null, "f_wert": null, "f_emotion": null, "raum_emotion": null, "route": null}}, {"type": "Feature", "geometry": {"type": "Point", "coordinates": [1.07465, 49.44155]}, "properties": {"id": 163, "zeile": 1, "tags": ["atmosphere", "social"], "perspektive": "erzaehler", "text": "Vater Duroy war durch den Apfelwein und ein paar Gläser Schnaps angeheitert, und packte seine alten ", "notiz": "Maupassant beschreibt die bäuerliche Festlichkeit von Vater Duroy als soziale Kulisse von aussen.", "ort": "Elternhaus der Duroys (ländlich, Normandie)", "valenz": null, "intensitaet": 2, "gewichtete_valenz": null, "f_wert": null, "f_emotion": null, "raum_emotion": null, "route": null}}, {"type": "Feature", "geometry": {"type": "Point", "coordinates": [1.07465, 49.44155]}, "properties": {"id": 164, "zeile": 2, "tags": ["george_duroy", "mood", "location_erinnerung"], "perspektive": "figur", "text": "Georges, der sie alle kannte, grinste trotzdem, denn die Luft der Heimat und die angeborene Liebe zu", "notiz": "Duroy erlebt einen emotionalen Rausch durch die Heimatluft und Kindheitserinnerungen — inneres Erleben mit starker Raumkomponente.", "ort": "Elternhaus der Duroys (ländlich, Normandie)", "valenz": null, "intensitaet": null, "gewichtete_valenz": null, "f_wert": "ort_loest_emotion_aus", "f_emotion": "Rausch, Freude, Nostalgie", "raum_emotion": {"ort": "Elternhaus / Heimatdorf", "emotion": "Rausch, Freude, Nostalgie", "richtung": "ort_loest_emotion_aus"}, "route": null}}, {"type": "Feature", "geometry": {"type": "Point", "coordinates": [1.07465, 49.44155]}, "properties": {"id": 165, "zeile": 3, "tags": ["george_duroy", "location_erinnerung", "material"], "perspektive": "figur", "text": "all diese Kleinigkeiten, die er wieder sah: ein Messerschnitt in der Tür, ein lahmer Stuhl, der ihn ", "notiz": "Duroy nimmt konkrete materielle Objekte des Elternhauses wahr, die persönliche Kindheitserinnerungen auslösen.", "ort": "Elternhaus der Duroys (ländlich, Normandie)", "valenz": null, "intensitaet": null, "gewichtete_valenz": null, "f_wert": "ort_loest_emotion_aus", "f_emotion": "Nostalgie, Verspieltheit", "raum_emotion": {"ort": "Elternhaus", "emotion": "Nostalgie, Verspieltheit", "richtung": "ort_loest_emotion_aus"}, "route": null}}, {"type": "Feature", "geometry": {"type": "Point", "coordinates": [1.07465, 49.44155]}, "properties": {"id": 166, "zeile": 4, "tags": ["george_duroy", "smell", "location_erinnerung"], "perspektive": "figur", "text": "der Erdgeruch und der kräftige Harzduft, der aus dem nahen Walde kam und selbst der Geruch des Hause", "notiz": "Duroy nimmt die charakteristischen Gerüche seiner Heimat wahr, die seinen Rausch der Erinnerung verstärken.", "ort": "Elternhaus und umliegende Natur (Normandie)", "valenz": 1, "intensitaet": 3, "gewichtete_valenz": 3, "f_wert": "koerper_als_sensor", "f_emotion": "Rausch, Geborgenheit, Nostalgie", "raum_emotion": {"ort": "Ländliche Umgebung des Elternhauses", "emotion": "Rausch, Geborgenheit, Nostalgie", "richtung": "koerper_als_sensor"}, "route": null}}, {"type": "Feature", "geometry": {"type": "Point", "coordinates": [1.07465, 49.44155]}, "properties": {"id": 167, "zeile": 5, "tags": ["atmosphere", "social"], "perspektive": "erzaehler", "text": "Die Mutter Duroy sprach gar nicht; sie blieb immer traurig und ernst. Haßerfüllt beobachtete sie ihr", "notiz": "Maupassant beschreibt von aussen die angespannte Atmosphäre zwischen Schwiegermutter und Madeleine.", "ort": "Elternhaus der Duroys (ländlich, Normandie)", "valenz": null, "intensitaet": 2, "gewichtete_valenz": null, "f_wert": null, "f_emotion": null, "raum_emotion": null, "route": null}}, {"type": "Feature", "geometry": {"type": "Point", "coordinates": [1.07465, 49.44155]}, "properties": {"id": 168, "zeile": 6, "tags": ["social", "material"], "perspektive": "erzaehler", "text": "Es war der Haß der alten Arbeiterin und Bäuerin mit verbrauchten Fingern und durch schwere Mühen ent", "notiz": "Maupassant beschreibt den Klassenkonflikt zwischen Bäuerin und Städterin durch körperliche Zeichen sozialer Arbeit — von aussen beobachtet.", "ort": "Elternhaus der Duroys (ländlich, Normandie)", "valenz": null, "intensitaet": 2, "gewichtete_valenz": null, "f_wert": null, "f_emotion": null, "raum_emotion": null, "route": null}}, {"type": "Feature", "geometry": {"type": "Point", "coordinates": [1.07465, 49.44155]}, "properties": {"id": 169, "zeile": 7, "tags": ["material", "sound", "atmosphere"], "perspektive": "erzaehler", "text": "den gelben herben Trank aus der Karaffe oder mit dem roten, schäumenden Apfelwein, bei dem der Pfrop", "notiz": "Maupassant beschreibt die bäuerliche Tischszene mit sensorischen Details als atmosphärische Kulisse.", "ort": "Elternhaus der Duroys (ländlich, Normandie)", "valenz": null, "intensitaet": 2, "gewichtete_valenz": null, "f_wert": null, "f_emotion": null, "raum_emotion": null, "route": null}}, {"type": "Feature", "geometry": {"type": "Point", "coordinates": [1.07465, 49.44155]}, "properties": {"id": 170, "zeile": 1, "tags": ["george_duroy", "mood"], "perspektive": "figur", "text": "Wußte sie denn das? Kam es daher, weil Frauen immer etwas anderes erwarten, als was nachher kommt? H", "notiz": "Duroy reflektiert innerlich über Madeleines Enttäuschung von den Bauern — sein inneres Erleben ihrer Reaktion.", "ort": "ländliches Elternhaus der Duroys (Normandie)", "valenz": -1, "intensitaet": 2, "gewichtete_valenz": -2, "f_wert": null, "f_emotion": null, "raum_emotion": null, "route": null}}, {"type": "Feature", "geometry": {"type": "Point", "coordinates": [1.07465, 49.44155]}, "properties": {"id": 171, "zeile": 3, "tags": ["george_duroy", "mood", "social"], "perspektive": "figur", "text": "Woher kam es also, daß sie sich durch die unzähligen, kaum sichtbaren Kleinigkeiten, durch die viele", "notiz": "Duroy grübelt über soziale Distanz und bäuerliche Grobheiten — inneres Nachsinnen über Klassengefälle.", "ort": "ländliches Elternhaus der Duroys (Normandie)", "valenz": -1, "intensitaet": 2, "gewichtete_valenz": -2, "f_wert": "ort_loest_emotion_aus", "f_emotion": "Abstossung, soziale Fremdheit", "raum_emotion": {"ort": "bäuerliches Milieu", "emotion": "Abstossung, soziale Fremdheit", "richtung": "ort_loest_emotion_aus"}, "route": null}}, {"type": "Feature", "geometry": {"type": "Point", "coordinates": [1.07465, 49.44155]}, "properties": {"id": 172, "zeile": 5, "tags": ["location_erinnerung"], "perspektive": "figur", "text": "Sie dachte an ihre eigene Mutter, von der sie nie zu jemand sprach. Es war eine verführte Erzieherin", "notiz": "Duroy denkt über Madeleines Herkunft und ihre Mutter nach — kollektive/fremde Erinnerung, enthält Ortsnennung Saint-Denis.", "ort": "Saint-Denis", "valenz": -1, "intensitaet": 2, "gewichtete_valenz": -2, "f_wert": null, "f_emotion": null, "raum_emotion": null, "route": null}}, {"type": "Feature", "geometry": {"type": "Point", "coordinates": [1.07465, 49.44155]}, "properties": {"id": 173, "zeile": 7, "tags": ["atmosphere", "social"], "perspektive": "erzaehler", "text": "Das Frühstück nahm kein Ende. Jetzt kamen Gäste, die dem alten Duroy die Hand schüttelten und in sta", "notiz": "Maupassant beschreibt von aussen das gesellige Treiben der Gäste und deren Reaktion auf Georges und Madeleine.", "ort": "Gaststube des Elternhauses Duroy (Normandie)", "valenz": null, "intensitaet": 2, "gewichtete_valenz": null, "f_wert": null, "f_emotion": null, "raum_emotion": null, "route": null}}, {"type": "Feature", "geometry": {"type": "Point", "coordinates": [1.07465, 49.44155]}, "properties": {"id": 174, "zeile": 9, "tags": ["sound", "social", "atmosphere"], "perspektive": "erzaehler", "text": "Die anderen, die weniger Befreundeten, setzten sich an die Holztische und riefen: »Einen Liter! — Ei", "notiz": "Maupassant beschreibt das Geräusch und Treiben der einfachen Gaststubengäste als atmosphärische Kulisse.", "ort": "Gaststube des Elternhauses Duroy (Normandie)", "valenz": null, "intensitaet": 1, "gewichtete_valenz": null, "f_wert": null, "f_emotion": null, "raum_emotion": null, "route": null}}, {"type": "Feature", "geometry": {"type": "Point", "coordinates": [1.07465, 49.44155]}, "properties": {"id": 175, "zeile": 10, "tags": ["social", "atmosphere", "material"], "perspektive": "erzaehler", "text": "Mutter Duroy ging immerfort hin und her, bediente die Kunden, nahm das Geld von ihnen und wischte mi", "notiz": "Maupassant beschreibt Mutter Duroy in ihrer dienenden Rolle — soziales Milieu von aussen beobachtet.", "ort": "Gaststube des Elternhauses Duroy (Normandie)", "valenz": null, "intensitaet": 2, "gewichtete_valenz": null, "f_wert": null, "f_emotion": null, "raum_emotion": null, "route": null}}, {"type": "Feature", "geometry": {"type": "Point", "coordinates": [1.07465, 49.44155]}, "properties": {"id": 176, "zeile": 11, "tags": ["smell", "atmosphere", "space", "social"], "perspektive": "erzaehler", "text": "Der Rauch der Tonpfeifen und der billigen Zigarren erfüllte den Raum.", "notiz": "Maupassant beschreibt den Tabakrauch als atmosphärisch-sensorische Raumqualität der einfachen Gaststube.", "ort": "Gaststube des Elternhauses Duroy (Normandie)", "valenz": null, "intensitaet": 1, "gewichtete_valenz": null, "f_wert": "ort_loest_emotion_aus", "f_emotion": "Beklemmung, soziale Niedrigkeit", "raum_emotion": {"ort": "verrauchte Gaststube", "emotion": "Beklemmung, soziale Niedrigkeit", "richtung": "ort_loest_emotion_aus"}, "route": null}}, {"type": "Feature", "geometry": {"type": "Point", "coordinates": [1.07465, 49.44155]}, "properties": {"id": 177, "zeile": 12, "tags": ["koerper_als_akteur", "mood"], "perspektive": "figur", "text": "Madeleine begann zu husten und fragte: »Wollen wir nicht gehen? Ich kann es nicht mehr aushalten.«", "notiz": "Madeleines körperliche Reaktion (Husten) und Drang zu gehen signalisieren Unwohlsein — aus der Perspektive der Szene, obwohl Duroy implizit miterlebt.", "ort": "Gaststube des Elternhauses Duroy (Normandie)", "valenz": -1, "intensitaet": 2, "gewichtete_valenz": -2, "f_wert": "ort_loest_emotion_aus", "f_emotion": "Unerträglichkeit, Fluchtimpuls", "raum_emotion": {"ort": "verrauchte Gaststube", "emotion": "Unerträglichkeit, Fluchtimpuls", "richtung": "ort_loest_emotion_aus"}, "route": null}}, {"type": "Feature", "geometry": {"type": "Point", "coordinates": [1.07465, 49.44155]}, "properties": {"id": 178, "zeile": 13, "tags": ["atmosphere", "social"], "perspektive": "erzaehler", "text": "Die Mahlzeit war noch nicht beendet, und der alte Duroy war unzufrieden.", "notiz": "Maupassant beschreibt die Spannung zwischen Madeleines Aufbruchswunsch und der Unzufriedenheit des alten Duroy von aussen.", "ort": "Gaststube des Elternhauses Duroy (Normandie)", "valenz": null, "intensitaet": 1, "gewichtete_valenz": null, "f_wert": null, "f_emotion": null, "raum_emotion": null, "route": null}}, {"type": "Feature", "geometry": {"type": "Point", "coordinates": [1.07465, 49.44155]}, "properties": {"id": 179, "zeile": 1, "tags": ["space", "social"], "perspektive": "erzaehler", "text": "Da stand sie auf und setzte sich auf einen Stuhl vor der Tür auf der Straße und wartete, bis ihr Sch", "notiz": "Madeleine wartet draußen auf der Straße — Maupassant beschreibt die Szene von außen als sozialen Kontrast.", "ort": "Dorf Normandie (Elternhaus Duroy)", "valenz": null, "intensitaet": 1, "gewichtete_valenz": null, "f_wert": null, "f_emotion": null, "raum_emotion": null, "route": null}}, {"type": "Feature", "geometry": {"type": "Point", "coordinates": [1.07465, 49.44155]}, "properties": {"id": 180, "zeile": 3, "tags": ["george_duroy", "move"], "perspektive": "figur", "text": "Georges kam gleich zu ihr heraus: »Wollen wir etwas nach der Seine hinunter?« fragte er.", "notiz": "Duroy verlässt aktiv das Haus und schlägt einen Spaziergang zur Seine vor.", "ort": "Dorf Normandie (Elternhaus Duroy)", "valenz": null, "intensitaet": null, "gewichtete_valenz": null, "f_wert": null, "f_emotion": null, "raum_emotion": null, "route": null}}, {"type": "Feature", "geometry": {"type": "Point", "coordinates": [1.05, 49.44]}, "properties": {"id": 181, "zeile": 5, "tags": ["move", "location"], "perspektive": "erzaehler", "text": "Sie gingen den Berg hinunter, mieteten sich ein Boot in Croisset und verbrachten den Rest des Nachmi", "notiz": "Maupassant beschreibt die Bewegung nach Croisset zur Seine und den Aufenthalt an einer Insel als neutrale Ortsangabe.", "ort": "Croisset, Seine-Ufer", "valenz": null, "intensitaet": 2, "gewichtete_valenz": null, "f_wert": null, "f_emotion": null, "raum_emotion": null, "route": null}}, {"type": "Feature", "geometry": {"type": "Point", "coordinates": [1.05, 49.44]}, "properties": {"id": 182, "zeile": 6, "tags": ["george_duroy", "weather", "mood", "koerper_als_akteur"], "perspektive": "figur", "text": "Sie wurden schläfrig von der milden Frühlingswärme und, gewiegt von den leichten Wellen des Flusses,", "notiz": "Die Frühlingswärme und die Flusswellen wirken körperlich auf Duroy (und Madeleine) — Schläfrigkeit als sensorisch-körperliches Erleben.", "ort": "Seine-Ufer bei Croisset, Insel unter Weiden", "valenz": 1, "intensitaet": 2, "gewichtete_valenz": 2, "f_wert": "ort_loest_emotion_aus", "f_emotion": "Schläfrigkeit, wohlige Entspannung", "raum_emotion": {"ort": "Seine-Ufer, Insel", "emotion": "Schläfrigkeit, wohlige Entspannung", "richtung": "ort_loest_emotion_aus"}, "route": null}}, {"type": "Feature", "geometry": {"type": "Point", "coordinates": [1.07465, 49.44155]}, "properties": {"id": 183, "zeile": 7, "tags": ["move", "time"], "perspektive": "erzaehler", "text": "Als es dunkel wurde, stiegen sie wieder hinauf.", "notiz": "Maupassant gibt neutral den Zeitpunkt (Einbruch der Dunkelheit) und die Bewegung zurück zum Haus an.", "ort": "Rückweg vom Seine-Ufer zum Elternhaus Duroy", "valenz": null, "intensitaet": 1, "gewichtete_valenz": null, "f_wert": null, "f_emotion": null, "raum_emotion": null, "route": null}}, {"type": "Feature", "geometry": {"type": "Point", "coordinates": [1.07465, 49.44155]}, "properties": {"id": 184, "zeile": 8, "tags": ["atmosphere", "social"], "perspektive": "erzaehler", "text": "Das Abendessen beim Schein einer Kerze war für Madeleine noch peinlicher als das Mittagessen.", "notiz": "Maupassant charakterisiert die Abendstimmung beim Essen von außen als sozial unangenehm für Madeleine.", "ort": "Elternhaus Duroy, Normandie", "valenz": null, "intensitaet": 2, "gewichtete_valenz": null, "f_wert": null, "f_emotion": null, "raum_emotion": null, "route": null}}, {"type": "Feature", "geometry": {"type": "Point", "coordinates": [1.07465, 49.44155]}, "properties": {"id": 185, "zeile": 9, "tags": ["space", "atmosphere", "material"], "perspektive": "erzaehler", "text": "Das spärliche Licht warf auf die grauen Mauern die Schatten der Köpfe mit riesigen Nasen und maßlose", "notiz": "Maupassant beschreibt die beengte, düstere Raumatmosphäre im Kerzenlicht von außen — die Schatten als visuelles Stimmungsmittel.", "ort": "Esszimmer Elternhaus Duroy, Normandie", "valenz": null, "intensitaet": 2, "gewichtete_valenz": null, "f_wert": "ort_loest_emotion_aus", "f_emotion": "Beklemmung, Fremdheit", "raum_emotion": {"ort": "Esszimmer Elternhaus Duroy", "emotion": "Beklemmung, Fremdheit", "richtung": "ort_loest_emotion_aus"}, "route": null}}, {"type": "Feature", "geometry": {"type": "Point", "coordinates": [1.07465, 49.44155]}, "properties": {"id": 186, "zeile": 11, "tags": ["atmosphere", "material", "space"], "perspektive": "erzaehler", "text": "Von Zeit zu Zeit, sobald jemand sich umdrehte und sein Gesicht der gelben, zitternden Flamme näherte", "notiz": "Maupassant entwirft ein grotesk-bedrohliches Bild des Speiseraums durch die Lichteffekte — erzählerische Außenperspektive.", "ort": "Esszimmer Elternhaus Duroy, Normandie", "valenz": null, "intensitaet": 2, "gewichtete_valenz": null, "f_wert": "ort_loest_emotion_aus", "f_emotion": "Befremden, Unbehagen", "raum_emotion": {"ort": "Esszimmer Elternhaus Duroy", "emotion": "Befremden, Unbehagen", "richtung": "ort_loest_emotion_aus"}, "route": null}}, {"type": "Feature", "geometry": {"type": "Point", "coordinates": [1.07465, 49.44155]}, "properties": {"id": 187, "zeile": 13, "tags": ["move", "smell", "space", "atmosphere"], "perspektive": "erzaehler", "text": "Sobald die Mahlzeit zu Ende war, zog Madeleine ihren Mann ins Freie hinaus, um nicht in der düsteren", "notiz": "Maupassant beschreibt den Geruch und die beklemmende Raumqualität der Stube von außen als Ursache für Madeleines Flucht ins Freie.", "ort": "Elternhaus Duroy, Normandie", "valenz": null, "intensitaet": 2, "gewichtete_valenz": null, "f_wert": "ort_loest_emotion_aus", "f_emotion": "Widerwillen, Beklemmung", "raum_emotion": {"ort": "Stube Elternhaus Duroy", "emotion": "Widerwillen, Beklemmung", "richtung": "ort_loest_emotion_aus"}, "route": null}}, {"type": "Feature", "geometry": {"type": "Point", "coordinates": [1.07465, 49.44155]}, "properties": {"id": 188, "zeile": 15, "tags": ["george_duroy", "mood", "social"], "perspektive": "figur", "text": "»Nein, ich habe es wohl bemerkt. Wenn du willst, fahren wir schon morgen wieder ab?«", "notiz": "Duroy nimmt Madeleines Unbehagen wahr und reagiert empathisch — inneres Erkennen der sozialen Spannung.", "ort": "Außenbereich Elternhaus Duroy, Normandie", "valenz": null, "intensitaet": 1, "gewichtete_valenz": null, "f_wert": null, "f_emotion": null, "raum_emotion": null, "route": null}}, {"type": "Feature", "geometry": {"type": "Point", "coordinates": [1.07465, 49.44155]}, "properties": {"id": 189, "zeile": 17, "tags": ["move", "weather", "sound", "atmosphere"], "perspektive": "erzaehler", "text": "Sie schritten langsam vorwärts. Es war eine milde Nacht und in ihrem tiefen, liebkosenden Schatten g", "notiz": "Maupassant beschreibt die milde Nacht und ihre akustische Qualität als lyrische atmosphärische Kulisse von außen.", "ort": "Umgebung Elternhaus Duroy, Normandie, Nachtspaziergang", "valenz": null, "intensitaet": 2, "gewichtete_valenz": null, "f_wert": "ort_loest_emotion_aus", "f_emotion": "Sanftheit, Intimität", "raum_emotion": {"ort": "Nachtlandschaft Normandie", "emotion": "Sanftheit, Intimität", "richtung": "ort_loest_emotion_aus"}, "route": null}}, {"type": "Feature", "geometry": {"type": "Point", "coordinates": [1.07465, 49.44155]}, "properties": {"id": 190, "zeile": 19, "tags": ["location", "space"], "perspektive": "erzaehler", "text": "Sie waren jetzt in eine schmale Allee sehr hoher Bäume gelangt, rechts und links umgeben von undurch", "notiz": "Maupassant beschreibt den engen, von Dickicht umgebenen Weg als räumliche Kulisse — neutrale Ortsangabe.", "ort": "Schmale Baumallee, Normandie (nahe Elternhaus Duroy)", "valenz": null, "intensitaet": 1, "gewichtete_valenz": null, "f_wert": null, "f_emotion": null, "raum_emotion": null, "route": null}}, {"type": "Feature", "geometry": {"type": "Point", "coordinates": [1.07465, 49.44155]}, "properties": {"id": 191, "zeile": 20, "tags": ["george_duroy"], "perspektive": "figur", "text": "»Wo sind wir?« fragte sie.", "notiz": "Madeleines Frage — keine Duroy-Perspektive, daher nicht annotiert als figur; wird übersprungen.", "ort": "Baumallee, Normandie", "valenz": null, "intensitaet": null, "gewichtete_valenz": null, "f_wert": null, "f_emotion": null, "raum_emotion": null, "route": null}}, {"type": "Feature", "geometry": {"type": "Point", "coordinates": [1.07465, 49.44155]}, "properties": {"id": 192, "zeile": 1, "tags": ["smell", "atmosphere"], "perspektive": "erzaehler", "text": "Es roch nach Erde, nach Bäumen und Moos.", "notiz": "Maupassant beschreibt den Geruch des Waldes als atmosphärische Kulisse.", "ort": "Wald bei Rouen (Normandie)", "valenz": null, "intensitaet": 1, "gewichtete_valenz": null, "f_wert": null, "f_emotion": null, "raum_emotion": null, "route": null}}, {"type": "Feature", "geometry": {"type": "Point", "coordinates": [1.07465, 49.44155]}, "properties": {"id": 193, "zeile": 2, "tags": ["smell", "atmosphere", "space"], "perspektive": "erzaehler", "text": "Der frische und zugleich welke Duft des dichten Waldes, der von dem Saft der Knospen und den faulend", "notiz": "Maupassant beschreibt den Waldgeruch und die Raumqualität der Allee von aussen als Erzählerstimme.", "ort": "Waldallee bei Rouen (Normandie)", "valenz": null, "intensitaet": 2, "gewichtete_valenz": null, "f_wert": null, "f_emotion": null, "raum_emotion": null, "route": null}}, {"type": "Feature", "geometry": {"type": "Point", "coordinates": [1.07465, 49.44155]}, "properties": {"id": 194, "zeile": 3, "tags": ["sound", "atmosphere"], "perspektive": "erzaehler", "text": "obwohl kein leisester Luftzug die Baumzweige bewegte, fühlte sie doch um sich das unbestimmte Rausch", "notiz": "Maupassant beschreibt das Geräusch des Waldes aus der Perspektive Madeleines — nicht Duroys.", "ort": "Waldallee bei Rouen (Normandie)", "valenz": null, "intensitaet": 2, "gewichtete_valenz": null, "f_wert": null, "f_emotion": null, "raum_emotion": null, "route": null}}, {"type": "Feature", "geometry": {"type": "Point", "coordinates": [1.07465, 49.44155]}, "properties": {"id": 195, "zeile": 4, "tags": ["move"], "perspektive": "erzaehler", "text": "Sie kehrten zurück.", "notiz": "Erzähler beschreibt die Rückkehr des Paares — Duroy ohne eigenes inneres Erleben.", "ort": "Waldallee bei Rouen (Normandie)", "valenz": null, "intensitaet": null, "gewichtete_valenz": null, "f_wert": null, "f_emotion": null, "raum_emotion": null, "route": null}}, {"type": "Feature", "geometry": {"type": "Point", "coordinates": [1.07465, 49.44155]}, "properties": {"id": 196, "zeile": 5, "tags": ["sound", "atmosphere", "time"], "perspektive": "erzaehler", "text": "Die beiden Alten hatten sich schon zu Bett begeben. Madeleine schlief schlecht. Sie erwachte fortwäh", "notiz": "Maupassant beschreibt die Nachtgeräusche auf dem Dorf als erzählerische Kulisse.", "ort": "Elternhaus Duroys, Normandie", "valenz": -1, "intensitaet": 2, "gewichtete_valenz": -2, "f_wert": null, "f_emotion": null, "raum_emotion": null, "route": null}}, {"type": "Feature", "geometry": {"type": "Point", "coordinates": [1.07465, 49.44155]}, "properties": {"id": 197, "zeile": 6, "tags": ["time"], "perspektive": "erzaehler", "text": "Beim ersten Morgendämmern war sie schon auf und reisefertig.", "notiz": "Neutrale Zeitangabe durch den Erzähler — Morgendämmern als Tageszeit.", "ort": "Elternhaus Duroys, Normandie", "valenz": null, "intensitaet": 1, "gewichtete_valenz": null, "f_wert": null, "f_emotion": null, "raum_emotion": null, "route": null}}, {"type": "Feature", "geometry": {"type": "Point", "coordinates": [1.07465, 49.44155]}, "properties": {"id": 198, "zeile": 7, "tags": ["george_duroy", "social"], "perspektive": "figur", "text": "Als Georges seinen Eltern mitteilte, daß er schon heute abreisen müßte, waren sie beide betroffen, d", "notiz": "Duroy handelt aktiv gegenüber seinen Eltern in einer sozial aufgeladenen Situation.", "ort": "Elternhaus Duroys, Normandie", "valenz": -1, "intensitaet": 2, "gewichtete_valenz": -2, "f_wert": null, "f_emotion": null, "raum_emotion": null, "route": null}}, {"type": "Feature", "geometry": {"type": "Point", "coordinates": [1.07465, 49.44155]}, "properties": {"id": 199, "zeile": 8, "tags": ["george_duroy", "social"], "perspektive": "figur", "text": "Er schenkte ihnen zweihundert Francs, um ihren Ärger zu besänftigen", "notiz": "Duroy setzt Geld als sozialen Ausgleich ein — er erlebt die Klassendifferenz zu seinen Eltern durch diese Geste.", "ort": "Elternhaus Duroys, Normandie", "valenz": null, "intensitaet": null, "gewichtete_valenz": null, "f_wert": "ort_loest_emotion_aus", "f_emotion": "sozialer Ausgleich, Distanzierung von Herkunftsmilieu", "raum_emotion": {"ort": "Elternhaus Duroys, Normandie", "emotion": "sozialer Ausgleich, Distanzierung von Herkunftsmilieu", "richtung": "ort_loest_emotion_aus"}, "route": null}}, {"type": "Feature", "geometry": {"type": "Point", "coordinates": [1.07465, 49.44155]}, "properties": {"id": 200, "zeile": 9, "tags": ["move", "time", "location"], "perspektive": "erzaehler", "text": "als die Droschke, die ein Dorfjunge geholt hatte, um zehn Uhr erschien, umarmte das junge Paar die a", "notiz": "Erzähler beschreibt die Abreise des Paares vom Elternhaus neutral mit Zeitangabe.", "ort": "Elternhaus Duroys, Normandie", "valenz": null, "intensitaet": 1, "gewichtete_valenz": null, "f_wert": null, "f_emotion": null, "raum_emotion": null, "route": null}}, {"type": "Feature", "geometry": {"type": "Point", "coordinates": [1.07465, 49.44155]}, "properties": {"id": 201, "zeile": 1, "tags": ["move", "location"], "perspektive": "erzaehler", "text": "Als sie den Berg hinunterfuhren", "notiz": "Erzähler beschreibt die Fahrt den Berg hinunter als räumliche Bewegung.", "ort": "Bergstrasse bei Canteleu/Rouen (Heimatort von Duroys Eltern)", "valenz": null, "intensitaet": 1, "gewichtete_valenz": null, "f_wert": null, "f_emotion": null, "raum_emotion": null, "route": null}}, {"type": "Feature", "geometry": {"type": "Point", "coordinates": [1.07465, 49.44155]}, "properties": {"id": 202, "zeile": 2, "tags": ["george_duroy", "mood"], "perspektive": "figur", "text": "»Siehst du, ich habe dich gewarnt. Ich hätte dich nicht mit Herrn und Frau Du Roy de Cantel, Vater u", "notiz": "Duroy kommentiert lachend die Begegnung mit seinen Eltern — innere Erleichterung und Selbstironie.", "ort": "Bergstrasse bei Canteleu/Rouen", "valenz": null, "intensitaet": null, "gewichtete_valenz": null, "f_wert": null, "f_emotion": null, "raum_emotion": null, "route": null}}, {"type": "Feature", "geometry": {"type": "Point", "coordinates": [1.07465, 49.44155]}, "properties": {"id": 203, "zeile": 3, "tags": ["social", "location_erinnerung"], "perspektive": "figur", "text": "»Du Roy de Cantel ... Du wirst sehen, kein Mensch wird sich über unsere Hochzeitsanzeige wundern. Wi", "notiz": "Made plant die soziale Inszenierung des Adelsnamens und der ländlichen Herkunft — sozialer Aufstieg als strategisches Kalkül.", "ort": "Gut der Eltern Duroy, Canteleu", "valenz": 1, "intensitaet": 2, "gewichtete_valenz": 2, "f_wert": null, "f_emotion": null, "raum_emotion": null, "route": null}}, {"type": "Feature", "geometry": {"type": "Point", "coordinates": [1.07465, 49.44155]}, "properties": {"id": 204, "zeile": 4, "tags": ["george_duroy", "mood", "koerper_als_akteur"], "perspektive": "figur", "text": "»Guten Tag, Geo«, erwiderte er und schlang seinen Arm um ihre Hüfte.", "notiz": "Duroy zeigt körperliche Zuneigung und emotionale Nähe zu Made in einem intimen Augenblick.", "ort": "Bergstrasse bei Canteleu/Rouen", "valenz": null, "intensitaet": null, "gewichtete_valenz": null, "f_wert": null, "f_emotion": null, "raum_emotion": null, "route": null}}, {"type": "Feature", "geometry": {"type": "Point", "coordinates": [1.0993, 49.4431]}, "properties": {"id": 205, "zeile": 5, "tags": ["location", "space", "atmosphere", "weather"], "perspektive": "erzaehler", "text": "In der Ferne sahen sie tief unten im Tal den großen Fluß wie ein silbernes Band in der Morgensonne l", "notiz": "Erzähler beschreibt das Panorama des Seinetals mit Rouen — kontrastierende urbane und industrielle Elemente in morgenlichter Kulisse.", "ort": "Panoramablick auf Rouen und die Seine vom Hang bei Canteleu", "valenz": null, "intensitaet": 2, "gewichtete_valenz": null, "f_wert": "ort_loest_emotion_aus", "f_emotion": "Weite, Schönheit, Kontrast von Natur und Industrie", "raum_emotion": {"ort": "Seinetal mit Rouen in der Morgensonne", "emotion": "Weite, Schönheit, Kontrast von Natur und Industrie", "richtung": "ort_loest_emotion_aus"}, "route": null}}]}